marker,camera,u,v
target 1,DSC05196,5054.7124,1154.0199
target 1,DSC05197,5088.1357,1601.2106
target 1,DSC05198,5121.1582,1517.3429
target 1,DSC05199,5161.0122,1741.8123
target 1,DSC05200,5158.3965,1850.2078
target 1,DSC05201,5230.355,1897.2584
target 1,DSC05202,5323.9517,1781.1284
target 1,DSC05203,5471.7925,1524.9149
target 1,DSC05204,4845.2949,1070.9487
target 1,DSC05205,5057.5957,1456.5305
target 1,DSC05207,5189.998,1772.8832
target 1,DSC05208,5146.9336,2301.718
target 1,DSC05210,5072.2646,2596.7068
target 1,DSC05211,5045.749,2688.4839
target 1,DSC05247,3935.4641,1200.777
target 1,DSC05248,3472.2107,998.3186
target 1,DSC05249,3286.2031,978.7062
target 1,DSC05250,2715.8279,1112.2683
target 1,DSC05251,1898.5925,1207.6652
target 1,DSC05252,1925.3986,1308.1534
target 1,DSC05253,2082.292,1335.8263
target 1,DSC05254,2058.2852,1437.9969
target 1,DSC05255,2142.8308,3368.6829
target 1,DSC05256,2128.7917,2883.2083
target 1,DSC05257,2073.4785,2788.7148
target 1,DSC05258,2041.4375,2832.8777
target 1,DSC05260,1988.8154,2682.9719
target 1,DSC05261,1977.6511,3016.1001
target 1,DSC05262,1980.0819,2757.5281
target 1,DSC05263,1959.674,2366.4521
target 1,DSC05264,1956.7368,2165.001
target 1,DSC05265,1959.1713,2573.7344
target 1,DSC05266,1918.5551,3005.7981
target 1,DSC05267,1870.1713,2780.0876
target 1,DSC05268,1348.126,2086.4724
target 1,DSC05269,1962.4797,2153.658
target 1,DSC05270,1926.3539,1806.2443
target 1,DSC05271,1881.4384,1599.0924
target 1,DSC05330,3673.5249,1532.3159
target 1,DSC05331,3591.6321,1526.624
target 1,DSC05332,3052.7712,1506.683
target 1,DSC05333,2655.9255,1507.8052
target 1,DSC05334,2853.6973,1532.0027
target 1,DSC05335,2657.3457,1554.8187
target 1,DSC05336,2834.0505,1568.8802
target 1,DSC05337,2951.6809,1561.2
target 1,DSC05338,2764.2488,1565.9703
target 1,DSC05339,2724.9832,1567.9854
target 1,DSC05340,2611.5425,1583.75
target 1,DSC05341,2155.8069,1603.3105
target 1,DSC05342,2619.554,1604.4564
target 1,DSC05343,2676.0,1606.891
target 1,DSC05344,2494.3213,1617.7478
target 1,DSC05345,2405.929,1623.926
target 1,DSC05346,2416.7346,1625.715
target 1,DSC05348,2247.4922,1605.9961
target 1,DSC05349,2115.3325,1608.1653
target 1,DSC05350,1948.1143,1617.0857
target 1,DSC05351,3277.5049,1864.8903
target 1,DSC05352,2253.8271,1271.0802
target 1,DSC05354,2479.1055,987.6556
target 1,DSC05355,2506.0691,1131.7817
target 1,DSC05356,2461.3848,939.4124
target 1,DSC05357,2407.3538,858.0813
target 1,DSC05358,2373.2588,1278.9397
target 1,DSC05359,2322.563,1135.6504
target 1,DSC05360,2303.8254,1223.9833
target 1,DSC05361,2235.5129,1356.0531
target 1,DSC05362,2287.9041,1558.3719
target 1,DSC05363,2315.897,1881.7794
target 1,DSC05364,2926.0115,1880.6598
target 1,DSC05365,2949.7095,1834.1367
target 1,DSC05366,2988.1509,1464.5199
target 1,DSC05367,2990.3218,1559.7675
target 1,DSC05368,2963.0806,1756.1774
target 1,DSC05369,2968.1169,1825.3116
target 1,DSC05370,2980.8015,1774.8334
target 1,DSC05371,2973.5078,1742.0906
target 1,DSC05414,288.5415,1043.6877
target 2,DSC05216,3570.4558,1047.8911
target 2,DSC05217,3534.4653,1452.5377
target 2,DSC05218,3541.5168,1533.5958
target 2,DSC05219,3534.0627,1675.9554
target 2,DSC05220,3541.6602,1855.6949
target 2,DSC05221,3543.4138,1896.1469
target 2,DSC05222,3549.991,1551.3436
target 2,DSC05224,3490.427,2029.048
target 2,DSC05225,3447.8916,2269.686
target 2,DSC05226,3417.0156,2376.7781
target 2,DSC05227,3438.9814,2011.7465
target 2,DSC05228,3480.2927,2237.1035
target 2,DSC05229,3505.322,2202.9099
target 2,DSC05230,3512.2625,2137.6733
target 2,DSC05231,3513.395,2515.5447
target 2,DSC05232,3511.5278,2779.6487
target 2,DSC05233,3508.3284,2715.6111
target 2,DSC05234,3505.4761,3111.2817
target 2,DSC05236,3748.0479,2506.5479
target 2,DSC05237,3954.408,2504.2744
target 2,DSC05238,3494.218,2481.512
target 2,DSC05239,3432.4548,2458.3748
target 2,DSC05240,3233.0935,2471.7917
target 2,DSC05241,3780.4851,2480.4944
target 2,DSC05242,3151.1741,2483.3684
target 2,DSC05243,2435.9329,2433.7417
target 2,DSC05244,2139.8462,2450.8574
target 2,DSC05245,2518.5242,2508.1707
target 2,DSC05279,3262.8394,2593.3667
target 2,DSC05280,3259.3701,2319.1106
target 2,DSC05281,3269.5684,2591.4438
target 2,DSC05282,3287.2195,2644.3647
target 2,DSC05283,3282.2603,2541.4822
target 2,DSC05284,3289.5237,2341.0291
target 2,DSC05285,3293.5095,2121.0225
target 2,DSC05286,3296.7019,2183.5291
target 2,DSC05287,3298.1917,2124.74
target 2,DSC05288,3349.9785,2109.7886
target 2,DSC05289,3350.6575,1996.271
target 2,DSC05290,3351.0591,2110.7893
target 2,DSC05291,3346.2219,2145.832
target 2,DSC05292,3335.282,1920.2968
target 2,DSC05293,3335.4006,1752.3397
target 2,DSC05294,3336.0535,1535.9225
target 2,DSC05295,3335.135,1306.0308
target 2,DSC05296,3322.8999,1323.3594
target 2,DSC05297,3368.843,1307.0118
target 2,DSC05298,3374.3647,1293.0352
target 2,DSC05299,3358.116,1304.4357
target 2,DSC05300,3330.5215,1352.2024
target 2,DSC05301,3328.7627,1142.9934
target 2,DSC05302,3305.9788,1164.1067
target 2,DSC05303,3286.3154,1115.5111
target 2,DSC05304,3230.083,1074.3484
target 2,DSC05305,3983.1821,2662.593
target 2,DSC05306,4032.71,2715.1604
target 2,DSC05307,3991.0603,2747.0894
target 2,DSC05308,3959.6892,2769.2258
target 2,DSC05309,4101.5967,2789.8958
target 2,DSC05310,4026.6523,2818.4055
target 2,DSC05311,3465.1895,2835.1138
target 2,DSC05312,3772.1821,2882.041
target 2,DSC05313,3741.4609,2945.5483
target 2,DSC05314,3542.1606,2959.9902
target 2,DSC05315,3450.1792,3003.7144
target 2,DSC05316,3134.4031,2984.0493
target 2,DSC05317,3105.6548,2968.5671
target 2,DSC05318,2898.7549,2924.7524
target 2,DSC05319,2859.1174,2901.134
target 2,DSC05320,2972.7996,2859.1272
target 2,DSC05321,3213.8684,2782.3755
target 2,DSC05322,2901.5879,2776.0811
target 2,DSC05382,1593.2991,1327.6005
target 2,DSC05383,1605.2932,1379.0978
target 2,DSC05384,1627.8867,1816.7966
target 2,DSC05385,1645.7267,1793.3634
target 2,DSC05386,1636.1528,1627.5798
target 2,DSC05387,1647.7926,1622.6676
target 2,DSC05388,1621.4779,1521.3918
target 2,DSC05389,1672.6926,1600.9938
target 2,DSC05390,1670.5416,1601.973
target 2,DSC05391,1675.0197,1787.6798
target 2,DSC05392,1656.1178,1853.7524
target 2,DSC05393,1725.8591,2159.8901
target 2,DSC05394,1660.604,2234.2842
target 2,DSC05395,1645.4974,2259.5535
target 2,DSC05396,1623.5947,2256.979
target 2,DSC05397,1642.7129,2415.9958
target 2,DSC05398,1638.7994,2527.4912
target 2,DSC05399,1656.7993,2731.9395
target 2,DSC05400,1677.9796,2832.6462
target 2,DSC05401,1737.0232,2993.23
target 2,DSC05402,1715.1683,2976.8518
target 2,DSC05403,1704.2,2886.9534
target 2,DSC05413,4211.145,2115.9531
target 2,DSC05443,2612.1953,3151.5
target 2,DSC05444,2441.7842,3185.0454
target 2,DSC05445,2479.8687,3191.2273
target 2,DSC05447,2610.793,3234.0391
target 2,DSC05448,2593.147,3234.2473
target 2,DSC05449,2601.0784,3225.2637
target 2,DSC05450,2515.7979,3046.0891
target 2,DSC05451,2818.9907,3066.4229
target 2,DSC05452,2756.136,3068.0632
target 2,DSC05453,3158.4321,3157.074
target 2,DSC05454,3121.4968,3082.0933
target 2,DSC05455,3553.0537,3080.7617
target 2,DSC05456,4010.2625,3200.9575
target 2,DSC05457,3913.4248,3080.677
target 2,DSC05458,4044.3408,2995.9395
target 2,DSC05484,3559.7832,3503.0664
target 2,DSC05485,3437.6685,3526.5369
target 2,DSC05486,3244.2991,3596.3594
target 2,DSC05487,3079.7307,3607.197
target 2,DSC05488,2897.4858,3540.7395
target 2,DSC05489,2746.2583,3537.7227
target 2,DSC05490,2710.625,3482.5
target 2,DSC05491,2550.885,3432.145
target 2,DSC05492,2456.5103,3369.1113
target 2,DSC05493,2467.5417,3267.1606
target 2,DSC05494,2388.4333,3172.9666
target 2,DSC05495,2492.9666,3099.8777
target 2,DSC05496,2523.2288,3039.7966
target 3,DSC05207,5619.875,819.5625
target 3,DSC05208,5580.5278,1302.5277
target 3,DSC05210,5552.5815,1563.2633
target 3,DSC05211,5608.2217,1622.6302
target 3,DSC05212,5695.4204,1540.5542
target 3,DSC05213,5770.689,1432.9425
target 3,DSC05214,5828.2026,1382.7782
target 3,DSC05215,5825.3921,1486.2755
target 3,DSC05216,5870.145,1612.5312
target 3,DSC05219,5674.6313,2357.1733
target 3,DSC05220,5670.769,2579.8799
target 3,DSC05243,3222.3984,616.7464
target 3,DSC05244,2880.4685,635.8036
target 3,DSC05246,3223.2773,715.8275
target 3,DSC05247,3032.9163,801.9
target 3,DSC05272,1217.3903,2725.6384
target 3,DSC05273,1181.7832,2303.0208
target 3,DSC05274,1228.7373,2324.7329
target 3,DSC05275,1231.566,2611.8987
target 3,DSC05276,1187.3391,2623.0601
target 3,DSC05277,1161.8727,2532.0146
target 3,DSC05278,1105.4611,2345.583
target 3,DSC05279,1175.5222,2244.3889
target 3,DSC05280,1163.677,1887.6958
target 3,DSC05282,1164.5101,2088.575
target 3,DSC05283,1173.2816,1927.6747
target 3,DSC05284,1169.1721,1665.6851
target 3,DSC05285,1162.8989,1379.0013
target 3,DSC05286,1204.0068,1425.661
target 3,DSC05316,3995.7839,798.312
target 3,DSC05317,3947.7422,760.9605
target 3,DSC05318,3643.7048,786.3854
target 3,DSC05319,3542.6404,795.5441
target 3,DSC05320,3568.0325,807.3089
target 3,DSC05321,3700.0435,824.1906
target 3,DSC05322,3254.6338,886.2772
target 3,DSC05323,3220.3521,888.9438
target 3,DSC05324,3187.8259,851.6285
target 3,DSC05325,2760.8196,858.9348
target 3,DSC05326,2760.9487,873.9508
target 3,DSC05327,2743.4648,876.9075
target 3,DSC05330,2675.2976,880.1569
target 3,DSC05331,2684.1372,900.3943
target 3,DSC05332,2204.738,879.7778
target 3,DSC05369,3654.0864,1173.0864
target 3,DSC05370,3650.4614,1086.3702
target 3,DSC05371,3616.4749,1071.5503
target 3,DSC05372,3608.1917,1577.4812
target 3,DSC05373,3542.0598,379.279
target 3,DSC05374,3570.5403,1107.8589
target 3,DSC05375,3576.7168,1381.7637
target 3,DSC05376,3545.4885,1256.4658
target 3,DSC05377,3531.5508,1209.9856
target 3,DSC05378,3550.6758,1356.9033
target 3,DSC05379,3553.9766,1526.4963
target 3,DSC05380,3555.6409,1607.2136
target 3,DSC05381,3572.3269,1678.7134
target 3,DSC05382,3580.5803,1880.7323
target 3,DSC05383,3590.1833,2006.6414
target 3,DSC05384,3587.4458,2550.7192
target 3,DSC05385,3589.7151,2559.3293
target 3,DSC05386,3600.0061,2421.4465
target 3,DSC05387,3608.9937,2432.2981
target 3,DSC05388,3609.3076,2333.5059
target 3,DSC05389,3617.748,2405.3909
target 3,DSC05431,2714.3279,1285.0492
target 3,DSC05432,3365.5444,1314.2693
target 3,DSC05433,2201.8501,1266.2982
target 3,DSC05434,2241.615,1265.4872
target 3,DSC05435,2504.3076,1356.0518
target 3,DSC05436,2362.6528,1394.5845
target 3,DSC05437,2599.8386,1464.9884
target 3,DSC05438,2728.4702,1589.3383
target 3,DSC05439,2994.1311,1586.8666
target 3,DSC05440,3092.8672,1580.1769
target 3,DSC05441,3192.4739,1612.7594
target 3,DSC05442,3096.2195,1549.994
target 3,DSC05443,3127.5747,1535.1189
target 3,DSC05444,3010.9241,1525.5177
target 3,DSC05445,3110.1145,1520.1676
target 3,DSC05447,3477.1277,1452.9417
target 3,DSC05448,3508.3279,1395.5222
target 3,DSC05449,3570.4736,1353.1375
target 3,DSC05450,3394.8928,1238.9166
target 3,DSC05451,3815.9026,1243.0383
target 3,DSC05452,3618.5474,1265.8154
target 3,DSC05453,4113.25,1332.8334
target 3,DSC05488,3793.9377,1910.326
target 3,DSC05489,3599.4285,1942.6599
target 3,DSC05490,3545.4397,1947.7709
target 3,DSC05491,3311.428,1926.6803
target 3,DSC05492,3160.5962,1895.089
target 3,DSC05493,3131.9417,1865.3912
target 3,DSC05494,2972.4553,1826.6307
target 3,DSC05495,3073.1086,1794.8973
target 3,DSC05496,3057.3315,1783.6742
target 3,DSC05497,2974.6787,1792.8531
target 3,DSC05498,3014.9075,1763.3853
target 3,DSC05499,2921.9744,1696.7449
target 3,DSC05500,2988.2129,1620.6193
target 3,DSC05501,2851.1204,1603.2489
target 3,DSC05502,2964.0103,1497.4763
target 3,DSC05503,2889.1826,1464.9681
target 3,DSC05504,2898.5969,1459.8163
target 3,DSC05505,2584.4026,1565.5336
target 3,DSC05506,2583.8467,1577.5675
target 3,DSC05507,2562.7173,1579.1748
target 3,DSC05508,2589.408,1593.001
target 3,DSC05509,2131.1501,1633.4033
target 3,DSC05510,2192.5396,1654.1622
target 3,DSC05511,2419.8123,1601.4669
target 3,DSC05512,2779.8262,1334.088
target 3,DSC05513,2786.4648,1334.5703
target 4,DSC05196,5145.8633,1220.1086
target 4,DSC05197,5177.3828,1675.652
target 4,DSC05198,5207.2329,1595.9714
target 4,DSC05199,5244.9365,1825.4393
target 4,DSC05200,5238.5034,1934.7987
target 4,DSC05201,5306.9111,1984.3688
target 4,DSC05202,5395.4839,1869.3135
target 4,DSC05249,3383.4692,913.6954
target 4,DSC05250,2815.6416,1039.0056
target 4,DSC05251,1991.7686,1127.6482
target 4,DSC05252,2001.5276,1219.861
target 4,DSC05253,2150.6406,1243.7225
target 4,DSC05254,2116.4014,1348.5468
target 4,DSC05255,2061.3892,3326.6108
target 4,DSC05256,2046.1804,2839.0288
target 4,DSC05257,1981.4318,2733.2637
target 4,DSC05258,1945.955,2767.1995
target 4,DSC05260,1886.4708,2603.1738
target 4,DSC05261,1874.8065,2930.343
target 4,DSC05262,1878.692,2668.9619
target 4,DSC05263,1858.432,2268.9167
target 4,DSC05264,1853.6332,2064.1379
target 4,DSC05265,1863.0808,2474.4207
target 4,DSC05266,1824.2242,2904.2878
target 4,DSC05267,1766.7786,2669.2966
target 4,DSC05334,2957.6177,1429.1844
target 4,DSC05335,2761.3792,1453.5667
target 4,DSC05336,2938.7969,1466.818
target 4,DSC05337,3057.6602,1458.2389
target 4,DSC05338,2869.3606,1462.8507
target 4,DSC05339,2827.1543,1465.1035
target 4,DSC05340,2706.4778,1484.8252
target 4,DSC05341,2244.8479,1505.6387
target 4,DSC05342,2701.9292,1509.6331
target 4,DSC05343,2754.6802,1512.7769
target 4,DSC05344,2565.7766,1527.4116
target 4,DSC05345,2472.9478,1535.5159
target 4,DSC05346,2475.0881,1538.933
target 4,DSC05348,2293.3286,1523.0819
target 4,DSC05349,2153.9541,1528.4622
target 4,DSC05350,1977.9827,1540.0144
target 4,DSC05351,3353.1262,1902.3754
target 4,DSC05352,2316.907,1312.1794
target 4,DSC05353,2562.4543,1306.9332
target 4,DSC05354,2544.5557,1034.6052
target 4,DSC05355,2571.9143,1182.5811
target 4,DSC05356,2532.095,1000.0866
target 4,DSC05357,2482.9922,927.9553
target 4,DSC05358,2452.053,1358.1323
target 4,DSC05359,2408.801,1225.89
target 4,DSC05360,2395.689,1323.2028
target 4,DSC05361,2335.9651,1464.7704
target 4,DSC05362,2388.3809,1662.7
target 4,DSC05364,3021.9106,1978.7119
target 4,DSC05365,3041.3989,1931.0
target 4,DSC05366,3074.8843,1556.5667
target 4,DSC05367,3072.5771,1647.1577
target 4,DSC05414,427.2253,863.9634
target 4,DSC05415,731.5157,1042.6046
target 4,DSC05417,1005.8565,1052.0214
target 4,DSC05418,1412.004,1111.1687
target 4,DSC05421,1224.5054,1735.1783
target 4,DSC05422,1677.5878,1840.4598
target 4,DSC05423,1901.702,1849.6995
target 4,DSC05424,2002.3931,1951.092
target 4,DSC05425,2150.5715,2003.2168
target 4,DSC05426,2459.6721,2137.707
target 4,DSC05427,2449.7646,2189.2012
target 4,DSC05428,2673.8403,2220.3545
target 4,DSC05476,1088.0164,1686.3058
target 4,DSC05477,1578.1115,1825.6262
target 4,DSC05517,2856.8887,2310.9058
target 4,DSC05520,2030.231,2441.5146
target 4,DSC05521,1846.5234,2359.1721
target 4,DSC05522,1671.7908,2339.0784
target 4,DSC05523,1909.1503,2223.9771
target 4,DSC05524,1754.9812,2215.5845
target 4,DSC05525,1335.2754,2219.1318
target 5,DSC05215,3374.7605,1071.114
target 5,DSC05216,3397.1787,1100.2401
target 5,DSC05217,3364.7949,1499.7532
target 5,DSC05218,3370.759,1577.2322
target 5,DSC05219,3363.522,1714.3934
target 5,DSC05220,3368.0889,1888.7206
target 5,DSC05221,3368.2341,1918.6077
target 5,DSC05222,3374.251,1567.3987
target 5,DSC05224,3324.7097,2029.4822
target 5,DSC05225,3289.6975,2262.9385
target 5,DSC05226,3265.7126,2361.9841
target 5,DSC05227,3283.7412,1990.2944
target 5,DSC05228,3317.387,2207.238
target 5,DSC05229,3339.7676,2166.782
target 5,DSC05230,3346.8521,2095.8291
target 5,DSC05231,3347.781,2469.2217
target 5,DSC05232,3347.6714,2727.7742
target 5,DSC05233,3346.2781,2660.8345
target 5,DSC05234,3342.6782,3052.4675
target 5,DSC05236,3689.7422,2662.3325
target 5,DSC05237,3905.5742,2665.1562
target 5,DSC05238,3451.2239,2645.812
target 5,DSC05239,3398.0444,2628.2043
target 5,DSC05240,3213.0642,2640.6306
target 5,DSC05241,3780.1052,2650.4717
target 5,DSC05242,3157.8669,2650.6494
target 5,DSC05243,2454.2075,2604.7686
target 5,DSC05244,2165.9941,2614.9036
target 5,DSC05245,2557.1233,2662.8074
target 5,DSC05280,3398.1282,2265.1611
target 5,DSC05281,3407.7654,2538.9321
target 5,DSC05282,3428.4709,2594.4033
target 5,DSC05283,3423.3257,2496.6494
target 5,DSC05284,3431.8003,2301.9065
target 5,DSC05285,3437.2297,2089.6433
target 5,DSC05286,3439.7583,2158.6399
target 5,DSC05287,3441.5771,2103.0815
target 5,DSC05288,3501.8152,2092.8152
target 5,DSC05289,3503.6282,1985.8325
target 5,DSC05290,3503.7063,2107.7573
target 5,DSC05291,3497.6792,2146.2021
target 5,DSC05292,3486.6006,1928.1104
target 5,DSC05293,3487.0498,1764.582
target 5,DSC05294,3488.1956,1554.7401
target 5,DSC05295,3488.1116,1331.4172
target 5,DSC05296,3473.283,1350.8042
target 5,DSC05297,3529.6724,1343.8907
target 5,DSC05298,3536.0728,1334.5703
target 5,DSC05299,3517.8228,1352.3657
target 5,DSC05300,3488.8525,1404.1956
target 5,DSC05301,3486.3352,1199.9911
target 5,DSC05302,3460.8035,1222.7222
target 5,DSC05303,3438.3162,1176.2135
target 5,DSC05304,3373.2051,1133.2554
target 5,DSC05307,3938.5,2875.9045
target 5,DSC05308,3909.8625,2899.2661
target 5,DSC05309,4055.2927,2920.6216
target 5,DSC05310,3986.217,2951.7754
target 5,DSC05311,3433.3069,2968.6001
target 5,DSC05312,3745.0,3019.5332
target 5,DSC05313,3718.3298,3087.9026
target 5,DSC05314,3529.363,3102.7185
target 5,DSC05315,3452.0259,3149.5881
target 5,DSC05316,3148.2354,3127.564
target 5,DSC05317,3132.1523,3112.1738
target 5,DSC05318,2934.4631,3064.2354
target 5,DSC05319,2900.4351,3038.9243
target 5,DSC05320,3019.3838,2995.157
target 5,DSC05385,1535.1061,1830.3712
target 5,DSC05386,1527.9746,1657.9802
target 5,DSC05387,1541.1733,1646.1733
target 5,DSC05388,1514.8901,1538.8588
target 5,DSC05389,1567.319,1610.509
target 5,DSC05390,1565.0482,1607.1228
target 5,DSC05391,1569.4391,1784.7435
target 5,DSC05392,1549.6991,1845.9849
target 5,DSC05393,1621.1239,2146.677
target 5,DSC05394,1553.5045,2212.0681
target 5,DSC05395,1536.9292,2231.1321
target 5,DSC05396,1513.4215,2223.5491
target 5,DSC05397,1532.0714,2376.5715
target 5,DSC05398,1527.1332,2483.3936
target 5,DSC05399,1544.9144,2682.5066
target 5,DSC05400,1565.4524,2779.2144
target 5,DSC05455,3518.3374,3163.0527
target 6,DSC05207,5717.0913,945.6613
target 6,DSC05208,5674.4868,1442.4558
target 6,DSC05210,5636.1138,1718.9508
target 6,DSC05211,5679.9946,1795.5344
target 6,DSC05212,5749.228,1729.7936
target 6,DSC05213,5807.5117,1633.2654
target 6,DSC05214,5840.7417,1592.6945
target 6,DSC05217,5727.3223,2252.5034
target 6,DSC05218,5699.4888,2369.6919
target 6,DSC05219,5631.6729,2538.6772
target 6,DSC05220,5617.1631,2750.0764
target 6,DSC05243,3362.4106,673.5894
target 6,DSC05244,3037.7761,679.0138
target 6,DSC05246,3387.4827,679.8879
target 6,DSC05247,3168.9094,742.1218
target 6,DSC05271,1205.2939,2503.7437
target 6,DSC05272,1161.0787,2569.7395
target 6,DSC05273,1122.276,2133.4878
target 6,DSC05274,1177.5291,2151.7034
target 6,DSC05275,1189.7064,2430.251
target 6,DSC05276,1150.014,2427.3281
target 6,DSC05277,1130.8369,2324.4233
target 6,DSC05278,1078.7108,2125.7007
target 6,DSC05279,1160.8668,2030.5547
target 6,DSC05281,1191.4419,1905.506
target 6,DSC05282,1172.5571,1883.5486
target 6,DSC05283,1186.9104,1733.2594
target 6,DSC05284,1187.0038,1480.5742
target 6,DSC05285,1186.8768,1209.0133
target 6,DSC05316,4122.0146,820.6359
target 6,DSC05317,4112.3242,777.0777
target 6,DSC05318,3827.7798,795.826
target 6,DSC05319,3738.6062,799.8536
target 6,DSC05320,3778.2275,802.9105
target 6,DSC05321,3912.5798,809.8792
target 6,DSC05322,3458.0864,868.4146
target 6,DSC05323,3418.9055,865.7065
target 6,DSC05324,3390.4639,823.0407
target 6,DSC05325,2955.9937,828.3446
target 6,DSC05326,2941.1602,838.31
target 6,DSC05327,2909.4094,838.3087
target 6,DSC05328,2927.1152,838.7595
target 6,DSC05331,2787.4248,857.3307
target 6,DSC05332,2291.4563,836.2518
target 6,DSC05333,1943.1327,831.5797
target 6,DSC05369,3655.8611,1231.3488
target 6,DSC05370,3652.0664,1153.6726
target 6,DSC05371,3618.8804,1135.6455
target 6,DSC05372,3608.7261,1657.4541
target 6,DSC05373,3547.0461,534.8412
target 6,DSC05374,3574.5308,1259.1392
target 6,DSC05375,3580.9944,1541.1255
target 6,DSC05376,3551.5725,1441.6593
target 6,DSC05377,3539.5425,1421.6168
target 6,DSC05378,3559.6184,1589.947
target 6,DSC05379,3564.1995,1773.3667
target 6,DSC05380,3567.4624,1859.2255
target 6,DSC05381,3585.1543,1933.524
target 6,DSC05382,3595.0947,2127.8464
target 6,DSC05383,3606.1316,2239.8699
target 6,DSC05384,3601.5642,2770.4199
target 6,DSC05385,3604.5037,2759.094
target 6,DSC05386,3616.4258,2594.0564
target 6,DSC05387,3625.5466,2582.7646
target 6,DSC05388,3626.7744,2461.8574
target 6,DSC05430,2619.5264,1376.7894
target 6,DSC05431,2773.1233,1310.3225
target 6,DSC05432,3455.1321,1344.2013
target 6,DSC05433,2293.5112,1289.6777
target 6,DSC05434,2346.6746,1290.2607
target 6,DSC05435,2629.9746,1385.6078
target 6,DSC05436,2498.4404,1420.554
target 6,DSC05437,2750.8206,1492.4272
target 6,DSC05438,2928.5713,1616.951
target 6,DSC05439,3224.3977,1607.5989
target 6,DSC05440,3329.9221,1587.3029
target 6,DSC05441,3442.7546,1616.2421
target 6,DSC05442,3338.9773,1545.873
target 6,DSC05443,3365.8853,1525.7128
target 6,DSC05444,3243.7,1508.8284
target 6,DSC05445,3332.283,1499.9091
target 6,DSC05447,3714.1755,1428.7205
target 6,DSC05448,3730.521,1363.2511
target 6,DSC05449,3772.666,1316.4313
target 6,DSC05450,3556.1729,1203.1221
target 6,DSC05451,3947.7979,1205.0073
target 6,DSC05452,3728.4619,1225.6183
target 6,DSC05453,4206.8418,1290.6887
target 6,DSC05489,3713.8276,1828.1812
target 6,DSC05490,3681.783,1839.9268
target 6,DSC05491,3462.2158,1823.5551
target 6,DSC05492,3321.5269,1797.707
target 6,DSC05493,3311.7061,1780.1512
target 6,DSC05494,3166.7495,1752.3948
target 6,DSC05495,3273.3335,1730.2233
target 6,DSC05496,3267.095,1730.3613
target 6,DSC05497,3195.0967,1749.9575
target 6,DSC05498,3241.6562,1738.2155
target 6,DSC05499,3144.2817,1687.1493
target 6,DSC05500,3200.219,1629.4695
target 6,DSC05501,3056.6724,1616.7975
target 6,DSC05502,3148.5847,1527.101
target 6,DSC05503,3065.2771,1497.4915
target 6,DSC05504,3067.7185,1497.0
target 6,DSC05505,2749.2354,1609.6282
target 6,DSC05506,2740.4104,1628.2078
target 6,DSC05507,2709.3362,1635.8574
target 6,DSC05508,2724.4421,1658.3225
target 6,DSC05509,2256.2744,1700.2457
target 6,DSC05510,2275.5071,1737.3
target 6,DSC05511,2481.5876,1687.3384
target 6,DSC05512,2817.7354,1404.9628
target 6,DSC05513,2813.4866,1406.1161
target 7,DSC05196,5089.9946,1048.2814
target 7,DSC05197,5129.7471,1492.6041
target 7,DSC05198,5169.7173,1406.932
target 7,DSC05199,5217.4858,1631.9368
target 7,DSC05200,5219.5874,1744.1299
target 7,DSC05201,5302.3315,1794.8252
target 7,DSC05202,5408.8701,1682.6979
target 7,DSC05203,5575.1479,1427.4055
target 7,DSC05204,4949.0444,982.3168
target 7,DSC05205,5183.1914,1378.8636
target 7,DSC05207,5331.3403,1713.9943
target 7,DSC05208,5284.7959,2262.5474
target 7,DSC05210,5205.8335,2578.6516
target 7,DSC05211,5179.4028,2690.5208
target 7,DSC05212,5154.1411,2639.5239
target 7,DSC05213,5133.1934,2541.1226
target 7,DSC05246,4180.5483,1159.7194
target 7,DSC05247,3919.9543,1101.3057
target 7,DSC05248,3398.4336,897.3143
target 7,DSC05249,3185.6628,887.9446
target 7,DSC05250,2600.1641,1042.78
target 7,DSC05251,1781.6957,1155.0282
target 7,DSC05252,1818.8431,1273.0239
target 7,DSC05253,1981.3298,1308.0702
target 7,DSC05254,1968.3202,1415.9438
target 7,DSC05255,2113.0774,3460.665
target 7,DSC05256,2099.6504,2974.9514
target 7,DSC05257,2040.8296,2895.1592
target 7,DSC05258,2005.4447,2949.7554
target 7,DSC05260,1947.8163,2813.7168
target 7,DSC05261,1933.0593,3153.7244
target 7,DSC05262,1934.8778,2893.155
target 7,DSC05263,1910.1504,2502.356
target 7,DSC05264,1905.5555,2301.2024
target 7,DSC05265,1904.8059,2702.6001
target 7,DSC05266,1858.3718,3134.5784
target 7,DSC05267,1800.8491,2915.2959
target 7,DSC05268,1234.478,2250.292
target 7,DSC05269,1895.028,2218.3093
target 7,DSC05270,1854.7378,1861.5399
target 7,DSC05271,1802.0712,1645.0612
target 7,DSC05272,1792.1255,1654.0585
target 7,DSC05273,1762.9409,1165.8142
target 7,DSC05274,1811.1411,1211.5807
target 7,DSC05275,1843.6722,1499.6029
target 7,DSC05276,1838.6217,1474.1879
target 7,DSC05277,1844.4559,1370.434
target 7,DSC05323,4300.9819,1513.3452
target 7,DSC05324,4333.8252,1496.2667
target 7,DSC05325,3909.5166,1506.1027
target 7,DSC05326,3889.73,1502.9211
target 7,DSC05327,3839.897,1501.1382
target 7,DSC05328,3816.3831,1487.0972
target 7,DSC05329,3950.9683,1469.4812
target 7,DSC05330,3609.4014,1471.9556
target 7,DSC05331,3516.5642,1468.6455
target 7,DSC05332,2960.9155,1448.8572
target 7,DSC05333,2543.4402,1449.3801
target 7,DSC05334,2739.6912,1477.1191
target 7,DSC05335,2537.3838,1502.0938
target 7,DSC05336,2709.375,1517.9113
target 7,DSC05337,2820.7268,1511.5038
target 7,DSC05338,2626.2229,1517.2583
target 7,DSC05339,2583.7424,1520.6609
target 7,DSC05340,2474.5425,1539.3575
target 7,DSC05341,2018.5922,1560.3324
target 7,DSC05342,2490.5632,1563.8633
target 7,DSC05343,2549.9448,1567.1213
target 7,DSC05344,2374.5554,1579.5851
target 7,DSC05345,2290.0864,1586.7356
target 7,DSC05346,2308.7039,1589.9395
target 7,DSC05357,2447.2053,739.1124
target 7,DSC05359,2360.2161,1000.9033
target 7,DSC05360,2338.4202,1084.6196
target 7,DSC05361,2268.6169,1213.057
target 7,DSC05362,2315.7385,1433.5536
target 7,DSC05363,2342.1433,1768.7837
target 7,DSC05364,2952.4756,1767.0122
target 7,DSC05365,2978.0789,1717.8538
target 7,DSC05366,3018.2458,1342.6036
target 7,DSC05367,3023.4622,1436.2992
target 7,DSC05368,2987.252,1653.0095
target 7,DSC05369,2990.9529,1732.3975
target 7,DSC05370,3002.2551,1689.4767
target 7,DSC05371,2993.5337,1657.7086
target 7,DSC05426,2205.7146,2183.3733
target 7,DSC05431,3269.8213,2171.1575
target 8,DSC05212,3704.9355,1386.0215
target 8,DSC05213,3739.9038,1212.2653
target 8,DSC05214,3774.5,1073.0
target 8,DSC05215,3782.7971,1114.1304
target 8,DSC05216,3813.4524,1163.6821
target 8,DSC05217,3770.4387,1576.2733
target 8,DSC05218,3775.6421,1665.4199
target 8,DSC05219,3763.814,1815.3914
target 8,DSC05220,3771.3657,2003.9009
target 8,DSC05221,3766.7307,2053.5
target 8,DSC05222,3765.8169,1713.8319
target 8,DSC05224,3689.2634,2179.6196
target 8,DSC05225,3635.7,2409.4685
target 8,DSC05226,3593.1021,2503.9849
target 8,DSC05227,3614.5,2138.4697
target 8,DSC05228,3660.0725,2357.9524
target 8,DSC05229,3684.6924,2316.6772
target 8,DSC05230,3688.8274,2240.8633
target 8,DSC05231,3688.6235,2603.2642
target 8,DSC05238,3592.9702,2303.9932
target 8,DSC05239,3554.7678,2272.4932
target 8,DSC05240,3376.8726,2281.9028
target 8,DSC05241,3929.302,2276.46
target 8,DSC05242,3306.3228,2281.8589
target 8,DSC05243,2598.3354,2222.1355
target 8,DSC05244,2288.1785,2242.2039
target 8,DSC05245,2631.3252,2299.5232
target 8,DSC05246,3022.9602,2354.4312
target 8,DSC05274,3056.019,2281.874
target 8,DSC05275,3057.9624,2604.4375
target 8,DSC05276,3068.4375,2668.4519
target 8,DSC05277,3076.6794,2645.7825
target 8,DSC05278,3081.781,2532.7483
target 8,DSC05279,3076.8293,2514.2034
target 8,DSC05280,3072.0161,2227.5918
target 8,DSC05281,3079.1675,2491.0049
target 8,DSC05282,3089.8179,2530.6008
target 8,DSC05283,3082.8037,2418.2495
target 8,DSC05284,3087.0229,2208.436
target 8,DSC05285,3087.5769,1978.5039
target 8,DSC05286,3088.0459,2036.897
target 8,DSC05287,3088.5962,1976.027
target 8,DSC05288,3124.4263,1949.0969
target 8,DSC05289,3122.9341,1833.2078
target 8,DSC05290,3120.0872,1950.8411
target 8,DSC05291,3116.0315,1989.2389
target 8,DSC05292,3105.7969,1766.2109
target 8,DSC05293,3104.9446,1599.5
target 8,DSC05294,3104.605,1385.4897
target 8,DSC05295,3101.6536,1157.8354
target 8,DSC05296,3093.5559,1183.092
target 8,DSC05297,3119.8999,1166.4563
target 8,DSC05298,3123.0334,1159.9889
target 8,DSC05299,3110.9165,1190.4635
target 8,DSC05300,3086.2085,1253.7472
target 8,DSC05301,3086.5642,1056.1837
target 8,DSC05302,3069.3855,1092.1265
target 8,DSC05308,4027.3838,2556.5903
target 8,DSC05309,4190.9155,2574.1365
target 8,DSC05310,4133.6309,2597.8289
target 8,DSC05311,3581.8889,2612.5264
target 8,DSC05312,3908.0132,2655.6948
target 8,DSC05313,3892.8628,2710.2375
target 8,DSC05314,3701.9719,2727.6121
target 8,DSC05315,3618.8237,2772.3237
target 8,DSC05316,3299.0593,2762.0415
target 8,DSC05317,3265.9473,2756.0073
target 8,DSC05318,3042.6897,2723.3523
target 8,DSC05319,2992.4944,2706.9453
target 8,DSC05320,3090.2847,2677.1738
target 8,DSC05321,3312.1299,2613.2351
target 8,DSC05322,2980.0718,2611.9526
target 8,DSC05323,3021.9392,2587.1929
target 8,DSC05324,3033.0408,2610.2148
target 8,DSC05325,2687.5723,2631.1978
target 8,DSC05326,2762.8333,2618.6333
target 8,DSC05327,2802.3306,2610.3792
target 8,DSC05375,2066.291,1517.3818
target 8,DSC05376,1959.3765,1352.4059
target 8,DSC05377,1858.5254,1253.2161
target 8,DSC05379,1797.2587,1320.3196
target 8,DSC05380,1773.5074,1353.147
target 8,DSC05381,1745.3607,1326.5275
target 8,DSC05382,1744.3594,1437.2745
target 8,DSC05383,1762.7233,1500.0385
target 8,DSC05384,1784.6077,1949.3887
target 8,DSC05385,1808.8401,1931.8031
target 8,DSC05386,1813.3525,1773.3291
target 8,DSC05387,1832.8243,1771.6567
target 8,DSC05388,1818.8889,1672.8064
target 8,DSC05389,1872.0309,1750.1158
target 8,DSC05390,1875.9253,1749.6223
target 8,DSC05391,1883.5551,1934.3225
target 8,DSC05392,1870.3667,2000.2688
target 8,DSC05393,1931.1917,2303.9353
target 8,DSC05394,1879.8788,2375.3384
target 8,DSC05395,1872.7684,2393.8743
target 8,DSC05396,1858.4818,2385.5776
target 8,DSC05397,1879.0387,2537.5029
target 8,DSC05398,1878.3339,2643.8625
target 8,DSC05399,1896.0408,2840.9285
target 8,DSC05400,1917.5927,2933.7703
target 8,DSC05401,1973.2225,3077.657
target 8,DSC05402,1958.5072,3048.4131
target 8,DSC05413,4341.2651,1848.4218
target 8,DSC05438,2790.27,3065.1953
target 8,DSC05440,2835.3118,3041.9192
target 8,DSC05441,2858.209,3114.9802
target 8,DSC05442,2715.6162,3051.0432
target 8,DSC05443,2707.0642,3044.2769
target 8,DSC05444,2546.4548,3068.6072
target 8,DSC05445,2593.084,3068.7842
target 8,DSC05447,2749.5527,3109.4756
target 8,DSC05448,2740.0398,3098.8628
target 8,DSC05449,2755.4946,3080.2092
target 8,DSC05450,2661.9551,2891.7236
target 8,DSC05451,2976.4961,2905.5618
target 8,DSC05452,2900.8669,2897.7131
target 8,DSC05453,3311.2891,2982.9912
target 8,DSC05454,3269.0049,2897.3293
target 8,DSC05455,3692.0562,2883.0361
target 8,DSC05456,4150.9717,2991.6836
target 8,DSC05457,4028.9238,2865.8645
target 8,DSC05458,4135.2783,2778.9631
target 8,DSC05481,4181.0654,3257.8315
target 8,DSC05482,4127.168,3423.7041
target 8,DSC05483,3646.4365,3366.3896
target 8,DSC05484,3691.75,3310.0352
target 8,DSC05485,3576.0676,3342.603
target 8,DSC05486,3385.6448,3417.6038
target 8,DSC05487,3220.8496,3433.8545
target 8,DSC05488,3037.9438,3384.0659
target 8,DSC05489,2884.0642,3389.0071
target 8,DSC05490,2846.741,3345.741
target 8,DSC05491,2680.8191,3300.5571
target 8,DSC05492,2580.7439,3242.6426
target 8,DSC05493,2586.4949,3154.4148
target 8,DSC05494,2497.9558,3070.0388
target 8,DSC05495,2600.1257,3004.6453
target 8,DSC05496,2623.5562,2953.9395
target 8,DSC05497,2601.2209,2929.5706
target 9,DSC05208,5777.7266,1598.2449
target 9,DSC05210,5727.4961,1890.4521
target 9,DSC05211,5757.4512,1983.6169
target 9,DSC05212,5806.3237,1932.5304
target 9,DSC05213,5845.7388,1845.1431
target 9,DSC05217,5702.5771,2453.76
target 9,DSC05218,5665.1006,2562.9033
target 9,DSC05219,5588.1992,2718.8425
target 9,DSC05220,5563.6396,2916.6743
target 9,DSC05244,3193.4451,721.4573
target 9,DSC05246,3562.0588,641.7521
target 9,DSC05247,3317.4109,677.6485
target 9,DSC05270,1238.3195,2495.4084
target 9,DSC05271,1139.4142,2347.5
target 9,DSC05272,1097.4034,2395.4753
target 9,DSC05273,1054.4399,1943.849
target 9,DSC05274,1119.4905,1960.4521
target 9,DSC05275,1143.046,2232.592
target 9,DSC05276,1108.8774,2216.4619
target 9,DSC05277,1096.2845,2103.5122
target 9,DSC05278,1048.827,1893.931
target 9,DSC05279,1144.2153,1809.2153
target 9,DSC05280,1137.42,1451.6904
target 9,DSC05281,1188.7349,1695.2112
target 9,DSC05282,1179.082,1678.6056
target 9,DSC05283,1198.891,1540.9236
target 9,DSC05284,1203.4362,1299.0278
target 9,DSC05285,1209.6107,1044.7313
target 9,DSC05316,4240.3579,840.0632
target 9,DSC05317,4269.9761,790.4681
target 9,DSC05318,4007.1807,802.7718
target 9,DSC05319,3932.5237,801.9799
target 9,DSC05320,3990.668,796.228
target 9,DSC05321,4132.4326,792.7673
target 9,DSC05322,3670.3943,847.873
target 9,DSC05323,3629.4292,839.0441
target 9,DSC05324,3608.0291,790.804
target 9,DSC05325,3167.2097,793.4336
target 9,DSC05326,3139.2986,797.707
target 9,DSC05327,3094.4558,793.6862
target 9,DSC05328,3096.3491,792.1384
target 9,DSC05329,3233.0881,770.6576
target 9,DSC05332,2391.5098,784.9448
target 9,DSC05333,2021.2109,777.3633
target 9,DSC05369,3660.5256,1298.985
target 9,DSC05370,3657.0984,1231.1693
target 9,DSC05371,3624.0667,1209.2875
target 9,DSC05372,3612.3806,1750.1697
target 9,DSC05373,3556.0959,709.1355
target 9,DSC05374,3582.6748,1428.5283
target 9,DSC05375,3588.3628,1719.3441
target 9,DSC05376,3561.4546,1646.4177
target 9,DSC05377,3551.5547,1652.8541
target 9,DSC05378,3572.5535,1840.449
target 9,DSC05379,3578.8484,2031.6473
target 9,DSC05380,3584.0989,2120.3013
target 9,DSC05381,3603.2534,2193.1716
target 9,DSC05382,3613.8823,2376.9412
target 9,DSC05383,3625.407,2471.8103
target 9,DSC05384,3619.8579,2988.0786
target 9,DSC05385,3622.9744,2954.4666
target 9,DSC05386,3635.1082,2758.9717
target 9,DSC05387,3644.2715,2724.7778
target 9,DSC05388,3646.1101,2581.4922
target 9,DSC05389,3652.4678,2610.3926
target 9,DSC05430,2670.0283,1410.3082
target 9,DSC05431,2842.676,1336.1882
target 9,DSC05432,3559.939,1375.0634
target 9,DSC05433,2398.7346,1312.1431
target 9,DSC05434,2467.0303,1314.474
target 9,DSC05435,2774.4307,1415.1031
target 9,DSC05436,2653.3784,1445.9976
target 9,DSC05437,2922.6992,1519.021
target 9,DSC05438,3153.7168,1642.7876
target 9,DSC05439,3477.6492,1625.5085
target 9,DSC05440,3583.1514,1590.5399
target 9,DSC05441,3706.9102,1615.3148
target 9,DSC05442,3590.9575,1537.1212
target 9,DSC05443,3610.2976,1511.809
target 9,DSC05444,3478.5864,1487.8357
target 9,DSC05445,3553.9985,1475.6719
target 9,DSC05447,3946.7117,1400.1106
target 9,DSC05448,3945.752,1326.981
target 9,DSC05449,3966.3325,1276.0114
target 9,DSC05450,3709.344,1164.6262
target 9,DSC05451,4071.5789,1164.9111
target 9,DSC05452,3831.2339,1183.5558
target 9,DSC05453,4293.1187,1246.5579
target 9,DSC05489,3819.6624,1714.7922
target 9,DSC05490,3809.4946,1732.2412
target 9,DSC05491,3604.209,1719.7811
target 9,DSC05492,3474.5022,1699.4263
target 9,DSC05493,3485.1887,1692.49
target 9,DSC05494,3356.4836,1674.8461
target 9,DSC05495,3470.5984,1661.4789
target 9,DSC05496,3476.3464,1672.3564
target 9,DSC05497,3417.3518,1701.8848
target 9,DSC05498,3474.3132,1707.4187
target 9,DSC05499,3375.9768,1672.651
target 9,DSC05500,3425.668,1634.308
target 9,DSC05501,3276.2373,1627.0786
target 9,DSC05502,3349.4062,1555.0906
target 9,DSC05503,3257.2451,1528.4242
target 9,DSC05504,3253.2471,1533.2865
target 9,DSC05505,2931.2646,1653.2266
target 9,DSC05506,2914.4204,1679.5652
target 9,DSC05507,2873.7524,1694.0049
target 9,DSC05508,2877.2605,1726.6415
target 9,DSC05509,2398.2139,1770.0431
target 9,DSC05510,2372.1865,1827.0671
target 9,DSC05511,2555.0742,1780.5297
target 9,DSC05512,2863.5664,1481.4301
target 9,DSC05513,2847.1086,1483.9624
target 10,DSC05196,5139.8159,977.1387
target 10,DSC05197,5183.9307,1408.6652
target 10,DSC05198,5230.2969,1315.3805
target 10,DSC05199,5285.4175,1531.4498
target 10,DSC05200,5292.5161,1639.9539
target 10,DSC05201,5386.0688,1683.8395
target 10,DSC05202,5507.1367,1565.8612
target 10,DSC05203,5694.4663,1301.5415
target 10,DSC05204,5070.5464,861.7419
target 10,DSC05205,5327.915,1253.7312
target 10,DSC05207,5495.5273,1593.3046
target 10,DSC05208,5446.0894,2154.3567
target 10,DSC05210,5367.3291,2486.5146
target 10,DSC05211,5346.916,2614.4104
target 10,DSC05212,5327.3887,2580.9856
target 10,DSC05213,5308.8188,2496.0327
target 10,DSC05214,5251.2158,2449.2952
target 10,DSC05215,5188.6611,2531.2156
target 10,DSC05245,3907.4722,1188.1777
target 10,DSC05246,4134.5229,1029.6371
target 10,DSC05247,3838.7407,978.6258
target 10,DSC05248,3280.7161,785.5052
target 10,DSC05249,3061.0908,792.0688
target 10,DSC05250,2489.9695,968.3495
target 10,DSC05261,1849.942,3254.5181
target 10,DSC05262,1851.9761,2998.2827
target 10,DSC05263,1822.4952,2621.0693
target 10,DSC05264,1815.366,2426.9084
target 10,DSC05265,1810.9438,2831.8865
target 10,DSC05266,1756.2424,3274.1045
target 10,DSC05267,1686.2917,3068.9258
target 10,DSC05268,1057.7717,2468.0137
target 10,DSC05269,1781.3975,2337.5073
target 10,DSC05270,1735.2839,1978.5402
target 10,DSC05271,1671.3525,1762.4927
target 10,DSC05272,1656.3223,1763.6704
target 10,DSC05273,1622.439,1267.8828
target 10,DSC05274,1677.842,1299.6689
target 10,DSC05275,1714.0536,1574.7776
target 10,DSC05276,1706.2354,1537.433
target 10,DSC05277,1711.7863,1417.1785
target 10,DSC05278,1691.9232,1197.1484
target 10,DSC05279,1769.3163,1173.605
target 10,DSC05322,4290.7051,1420.9103
target 10,DSC05323,4272.3047,1407.2544
target 10,DSC05324,4292.0049,1383.4091
target 10,DSC05325,3850.3315,1391.5614
target 10,DSC05326,3810.7058,1386.9977
target 10,DSC05327,3744.0554,1382.8954
target 10,DSC05328,3709.115,1369.5392
target 10,DSC05329,3828.7244,1349.1146
target 10,DSC05330,3478.3704,1352.3077
target 10,DSC05331,3383.9211,1353.9982
target 10,DSC05332,2819.1934,1333.8417
target 10,DSC05333,2390.5803,1333.2626
target 10,DSC05334,2595.0117,1368.009
target 10,DSC05335,2395.0352,1396.796
target 10,DSC05336,2568.2153,1415.163
target 10,DSC05337,2682.5771,1410.9476
target 10,DSC05338,2493.3762,1418.6199
target 10,DSC05339,2459.3467,1424.7334
target 10,DSC05340,2361.2698,1448.6095
target 10,DSC05341,1913.3278,1471.0676
target 10,DSC05342,2397.2307,1479.5684
target 10,DSC05343,2462.5049,1483.985
target 10,DSC05358,2512.6523,1066.0366
target 10,DSC05359,2461.7925,896.4407
target 10,DSC05360,2441.5193,964.792
target 10,DSC05361,2375.6946,1076.8452
target 10,DSC05362,2414.666,1298.1216
target 10,DSC05363,2436.0945,1639.4523
target 10,DSC05364,3045.4065,1635.7198
target 10,DSC05365,3070.8306,1591.027
target 10,DSC05366,3108.9961,1223.3204
target 10,DSC05367,3114.8787,1327.676
target 10,DSC05368,3076.322,1524.0587
target 10,DSC05369,3077.0959,1607.1204
target 10,DSC05370,3085.1719,1568.229
target 10,DSC05371,3072.7622,1538.5635
target 10,DSC05372,2962.7104,2140.6648
target 10,DSC05373,2840.8396,1367.7744
target 10,DSC05374,2894.696,2046.8357
target 10,DSC05375,2905.1831,2346.7952
target 10,DSC05376,2860.022,2340.6353
target 10,DSC05377,2828.0791,2405.4688
target 10,DSC05378,2853.2927,2606.449
target 10,DSC05379,2893.9988,2765.9773
target 10,DSC05418,545.1649,1147.2087
target 10,DSC05419,1330.6144,1044.391
target 10,DSC05420,2032.8254,1048.1309
target 10,DSC05425,1823.3895,1925.1395
target 10,DSC05426,2081.759,2062.4343
target 10,DSC05427,2045.2723,2129.4641
target 10,DSC05428,2253.7136,2184.302
target 10,DSC05429,2289.6692,2205.9958
target 10,DSC05430,2929.1536,2259.7749
target 10,DSC05431,3135.9561,2076.0693
target 10,DSC05432,3923.5483,2165.8835
target 10,DSC05433,2821.7388,2039.9919
target 10,DSC05434,2926.7854,2067.0632
target 10,DSC05435,3292.0935,2229.0408
target 10,DSC05436,3209.1638,2236.209
target 10,DSC05437,3518.4553,2332.4648
target 10,DSC05438,3886.1438,2510.0601
target 10,DSC05439,4207.6011,2421.5928
target 10,DSC05440,4263.4819,2277.9385
target 10,DSC05476,516.1945,1656.2732
target 10,DSC05477,945.28,1875.326
target 10,DSC05478,1428.7076,2213.1521
target 10,DSC05501,3895.0647,2166.9871
target 10,DSC05502,3939.2729,2153.6357
target 10,DSC05503,3838.2759,2136.6484
target 10,DSC05504,3825.0386,2162.3533
target 10,DSC05505,3531.7476,2319.9854
target 10,DSC05506,3504.1667,2379.5781
target 10,DSC05507,3448.6279,2424.469
target 10,DSC05508,3430.8782,2504.3782
target 10,DSC05509,2971.7205,2554.4224
target 10,DSC05510,2830.4495,2703.8591
target 10,DSC05511,2928.0403,2677.084
target 10,DSC05512,3106.3735,2291.427
target 10,DSC05513,3055.4666,2300.7861
target 10,DSC05514,2719.3833,2324.5684
target 10,DSC05515,2541.9875,2338.075
target 10,DSC05516,2652.7656,2293.5454
target 10,DSC05517,2488.3394,2263.1626
target 11,DSC05219,3760.1541,1647.5591
target 11,DSC05220,3771.4048,1819.4341
target 11,DSC05221,3776.3997,1850.9133
target 11,DSC05222,3784.9414,1504.6564
target 11,DSC05224,3716.5303,1973.7238
target 11,DSC05225,3665.6123,2212.1096
target 11,DSC05226,3627.8081,2319.218
target 11,DSC05227,3658.9861,1954.7084
target 11,DSC05228,3711.7585,2175.9248
target 11,DSC05229,3742.9419,2141.426
target 11,DSC05230,3753.2026,2078.0271
target 11,DSC05231,3755.3347,2455.1726
target 11,DSC05232,3754.1414,2721.8379
target 11,DSC05233,3751.731,2662.1931
target 11,DSC05234,3751.4648,3061.4207
target 11,DSC05235,3730.198,2983.2422
target 11,DSC05236,3701.8508,2267.8982
target 11,DSC05237,3893.042,2266.3081
target 11,DSC05238,3433.8525,2242.5
target 11,DSC05239,3369.0759,2216.2952
target 11,DSC05240,3174.4216,2236.1626
target 11,DSC05241,3714.4563,2248.6748
target 11,DSC05242,3103.5391,2256.9358
target 11,DSC05243,2413.2751,2205.3457
target 11,DSC05244,2133.0818,2231.8728
target 11,DSC05279,3032.4805,2606.3628
target 11,DSC05280,3028.1875,2336.6687
target 11,DSC05281,3037.355,2615.3
target 11,DSC05282,3048.126,2675.0708
target 11,DSC05283,3043.073,2577.7466
target 11,DSC05284,3047.9834,2381.8694
target 11,DSC05285,3049.4507,2167.3445
target 11,DSC05286,3053.4021,2235.7625
target 11,DSC05287,3054.5833,2178.7478
target 11,DSC05288,3089.6792,2170.8064
target 11,DSC05289,3089.166,2060.113
target 11,DSC05290,3090.8057,2179.0759
target 11,DSC05291,3089.0366,2215.1582
target 11,DSC05292,3079.0825,1989.6475
target 11,DSC05293,3078.5388,1822.0646
target 11,DSC05294,3078.6323,1605.5348
target 11,DSC05295,3076.0461,1374.9144
target 11,DSC05296,3069.9663,1391.5436
target 11,DSC05297,3097.8237,1379.3616
target 11,DSC05298,3102.6941,1364.8051
target 11,DSC05299,3093.8989,1372.3972
target 11,DSC05300,3071.4221,1416.5525
target 11,DSC05301,3072.5828,1202.2708
target 11,DSC05302,3056.6885,1219.0725
target 11,DSC05303,3044.3684,1164.7886
target 11,DSC05304,3005.0137,1116.8741
target 11,DSC05305,3947.8657,2464.7864
target 11,DSC05306,3993.644,2513.6323
target 11,DSC05307,3947.2507,2540.5232
target 11,DSC05308,3910.282,2556.5203
target 11,DSC05309,4047.1331,2569.042
target 11,DSC05310,3966.5498,2589.3269
target 11,DSC05311,3401.4053,2603.8423
target 11,DSC05312,3706.0166,2638.1697
target 11,DSC05313,3672.8147,2686.8823
target 11,DSC05314,3474.7598,2699.0784
target 11,DSC05315,3383.2048,2734.7644
target 11,DSC05316,3073.3066,2719.3777
target 11,DSC05317,3053.2168,2703.3916
target 11,DSC05318,2853.1536,2669.2151
target 11,DSC05319,2820.1006,2650.5764
target 11,DSC05320,2945.5398,2615.6084
target 11,DSC05321,3196.6052,2551.458
target 11,DSC05322,2889.3491,2552.6587
target 11,DSC05380,1888.093,1260.3198
target 11,DSC05381,1856.0968,1208.0242
target 11,DSC05382,1848.798,1297.9139
target 11,DSC05383,1858.141,1343.2003
target 11,DSC05384,1877.5383,1781.7521
target 11,DSC05385,1890.9224,1752.8639
target 11,DSC05386,1878.7096,1577.1583
target 11,DSC05387,1886.6488,1567.3574
target 11,DSC05388,1859.1764,1459.2349
target 11,DSC05389,1903.0681,1538.6556
target 11,DSC05390,1898.9248,1536.8582
target 11,DSC05391,1901.1672,1723.5662
target 11,DSC05392,1882.9797,1788.9099
target 11,DSC05393,1946.8615,2101.2603
target 11,DSC05394,1884.1995,2173.22
target 11,DSC05395,1867.4835,2198.012
target 11,DSC05396,1845.2284,2195.3806
target 11,DSC05397,1861.3397,2357.624
target 11,DSC05398,1856.6063,2471.1809
target 11,DSC05399,1871.8053,2680.3362
target 11,DSC05400,1890.0281,2784.2932
target 11,DSC05401,1941.155,2952.572
target 11,DSC05402,1918.2611,2939.7625
target 11,DSC05403,1905.542,2852.4075
target 11,DSC05404,1903.8175,2949.1287
target 11,DSC05405,4880.6045,2071.8682
target 11,DSC05409,4955.8677,1735.0284
target 11,DSC05410,4406.7524,1514.2343
target 11,DSC05411,4425.4751,1600.4498
target 11,DSC05412,3969.5493,1708.2953
target 11,DSC05413,4194.4424,1896.4722
target 11,DSC05440,2770.5,2916.5
target 11,DSC05441,2776.5247,2985.074
target 11,DSC05442,2615.2166,2931.9639
target 11,DSC05443,2593.436,2930.8835
target 11,DSC05444,2413.3821,2963.1882
target 11,DSC05445,2447.3755,2970.3147
target 11,DSC05447,2576.9155,3000.0298
target 11,DSC05448,2550.6611,3000.5374
target 11,DSC05449,2553.9014,2993.2124
target 11,DSC05450,2462.9578,2830.509
target 11,DSC05451,2770.26,2851.7527
target 11,DSC05452,2698.6653,2863.3391
target 11,DSC05453,3106.0417,2949.2595
target 11,DSC05454,3068.9863,2882.1604
target 11,DSC05455,3507.9197,2887.9026
target 11,DSC05456,3976.0525,3006.2898
target 11,DSC05457,3882.0977,2897.207
target 11,DSC05458,4021.7283,2822.0144
target 11,DSC05459,4127.728,2973.8604
target 11,DSC05460,4055.9724,2860.4084
target 11,DSC05461,4205.8242,2763.5178
target 11,DSC05462,4173.1733,2726.4487
target 11,DSC05463,4960.3032,2350.3247
target 11,DSC05464,5128.9478,2567.3613
target 11,DSC05465,4697.9062,2521.04
target 11,DSC05466,4730.0405,2528.5889
target 11,DSC05469,3910.6453,2733.6267
target 11,DSC05472,3924.5544,2735.4558
target 11,DSC05473,4212.1113,2778.5691
target 11,DSC05474,4641.4644,2495.4753
target 11,DSC05475,4471.1221,2373.1575
target 11,DSC05480,4543.043,3377.7742
target 11,DSC05481,4046.3936,3340.1941
target 11,DSC05482,3965.0613,3494.7124
target 11,DSC05483,3470.9224,3430.3152
target 11,DSC05484,3509.7573,3357.3701
target 11,DSC05485,3383.0688,3376.6978
target 11,DSC05486,3182.7661,3444.5173
target 11,DSC05487,3012.8289,3452.8899
target 11,DSC05488,2827.5,3380.0
target 11,DSC05489,2673.2222,3373.9861
target 11,DSC05490,2640.2283,3314.2427
target 11,DSC05491,2478.5808,3262.6692
target 11,DSC05492,2384.5464,3198.7588
target 11,DSC05493,2402.2634,3093.9819
target 11,DSC05494,2326.6946,2998.896
target 11,DSC05495,2438.417,2924.4893
target 11,DSC05496,2475.2927,2863.4961
target 11,DSC05497,2466.7974,2828.8108
target 11,DSC05498,2582.6292,2743.1074
target 12,DSC05205,5726.5957,960.1849
target 12,DSC05207,5935.0376,1231.1934
target 12,DSC05208,5884.1343,1758.4961
target 12,DSC05210,5820.8755,2065.9983
target 12,DSC05211,5835.8511,2174.8069
target 12,DSC05212,5863.396,2135.9094
target 12,DSC05213,5883.3154,2054.9265
target 12,DSC05216,5805.7637,2245.9397
target 12,DSC05217,5677.9888,2646.812
target 12,DSC05218,5631.7026,2747.0662
target 12,DSC05219,5546.0601,2889.1899
target 12,DSC05220,5512.5312,3074.3428
target 12,DSC05243,3626.6262,782.9
target 12,DSC05244,3340.9841,763.0223
target 12,DSC05245,3577.7837,693.75
target 12,DSC05246,3736.5283,604.5121
target 12,DSC05247,3468.6582,612.6256
target 12,DSC05270,1177.8119,2355.5051
target 12,DSC05271,1072.8804,2185.2864
target 12,DSC05272,1033.9961,2215.6443
target 12,DSC05273,986.4,1747.3879
target 12,DSC05274,1062.0082,1764.1721
target 12,DSC05275,1097.9634,2032.3553
target 12,DSC05276,1069.5593,2004.24
target 12,DSC05277,1064.2969,1883.1111
target 12,DSC05278,1021.5961,1664.2524
target 12,DSC05280,1126.3173,1236.1935
target 12,DSC05281,1188.5726,1493.0242
target 12,DSC05282,1187.559,1483.599
target 12,DSC05283,1212.615,1358.9652
target 12,DSC05284,1221.8083,1128.4761
target 12,DSC05288,1255.2731,903.8688
target 12,DSC05316,4349.6812,860.1188
target 12,DSC05317,4416.8604,805.451
target 12,DSC05318,4175.958,811.7388
target 12,DSC05319,4116.1899,806.1898
target 12,DSC05320,4195.5229,792.25
target 12,DSC05321,4348.1543,778.5243
target 12,DSC05322,3880.0808,830.0443
target 12,DSC05323,3840.0178,815.0797
target 12,DSC05324,3827.4285,760.7908
target 12,DSC05325,3380.3923,761.2025
target 12,DSC05326,3341.7122,758.8621
target 12,DSC05327,3285.0215,750.3781
target 12,DSC05328,3271.9377,746.0453
target 12,DSC05329,3397.9607,717.9232
target 12,DSC05332,2495.9624,732.7853
target 12,DSC05333,2101.9983,722.7831
target 12,DSC05334,2361.7107,797.0686
target 12,DSC05369,3662.9297,1368.5117
target 12,DSC05370,3659.5327,1310.649
target 12,DSC05371,3626.8333,1284.8448
target 12,DSC05372,3613.0552,1847.0087
target 12,DSC05373,3561.9592,887.8655
target 12,DSC05374,3587.385,1603.7716
target 12,DSC05375,3592.6743,1903.2616
target 12,DSC05376,3567.7676,1856.009
target 12,DSC05377,3559.6589,1887.6193
target 12,DSC05378,3581.979,2091.1113
target 12,DSC05379,3590.5122,2286.0857
target 12,DSC05380,3597.4646,2376.3049
target 12,DSC05381,3617.0371,2443.9973
target 12,DSC05382,3627.4717,2614.5071
target 12,DSC05383,3639.2512,2690.6145
target 12,DSC05384,3633.2708,3193.7202
target 12,DSC05385,3636.7307,3137.5818
target 12,DSC05386,3649.9929,2912.5659
target 12,DSC05387,3659.0122,2856.6868
target 12,DSC05388,3660.4451,2691.7478
target 12,DSC05389,3665.7866,2701.5066
target 12,DSC05430,2722.1589,1450.3682
target 12,DSC05431,2914.8799,1366.8855
target 12,DSC05432,3670.0774,1411.4288
target 12,DSC05433,2508.073,1339.4011
target 12,DSC05434,2592.4609,1343.964
target 12,DSC05435,2925.8303,1450.1682
target 12,DSC05436,2815.0886,1476.7103
target 12,DSC05437,3102.4062,1550.928
target 12,DSC05438,3389.4519,1674.9556
target 12,DSC05439,3737.1401,1648.6901
target 12,DSC05440,3836.1306,1597.8865
target 12,DSC05441,3968.4082,1618.8562
target 12,DSC05442,3836.7405,1532.7886
target 12,DSC05443,3847.0046,1502.2856
target 12,DSC05444,3702.6379,1471.7324
target 12,DSC05445,3764.0427,1456.6644
target 12,DSC05447,4164.8618,1377.5728
target 12,DSC05448,4146.041,1297.1774
target 12,DSC05449,4145.3423,1242.8503
target 12,DSC05450,3850.9258,1132.8585
target 12,DSC05451,4185.6504,1132.1989
target 12,DSC05452,3926.405,1148.4399
target 12,DSC05478,805.0068,954.2118
target 12,DSC05489,3917.5991,1616.012
target 12,DSC05490,3927.6333,1637.6841
target 12,DSC05491,3736.1321,1628.7615
target 12,DSC05492,3616.3701,1612.8342
target 12,DSC05493,3647.0134,1615.2388
target 12,DSC05494,3534.7395,1606.3773
target 12,DSC05495,3656.6589,1600.8103
target 12,DSC05496,3674.8818,1621.1655
target 12,DSC05497,3630.1138,1659.7782
target 12,DSC05498,3699.7263,1681.5073
target 12,DSC05499,3603.4185,1662.1515
target 12,DSC05500,3650.0505,1642.9005
target 12,DSC05501,3496.3894,1641.1797
target 12,DSC05502,3553.24,1587.3627
target 12,DSC05503,3452.8967,1563.8047
target 12,DSC05504,3442.9099,1574.2889
target 12,DSC05505,3117.6394,1702.2507
target 12,DSC05506,3093.6785,1736.6459
target 12,DSC05507,3043.5493,1758.4911
target 12,DSC05508,3036.1028,1802.2151
target 12,DSC05509,2545.9946,1847.5062
target 12,DSC05510,2473.4641,1926.1724
target 12,DSC05511,2631.6182,1883.5624
target 12,DSC05512,2910.2117,1565.7147
target 12,DSC05513,2880.8276,1569.285
target 12,DSC05514,2552.9272,1591.0682
target 13,DSC05198,5360.9214,1366.2484
target 13,DSC05199,5416.8301,1591.1459
target 13,DSC05200,5421.3525,1703.9725
target 13,DSC05201,5515.3677,1755.1072
target 13,DSC05207,5606.9053,1689.3944
target 13,DSC05208,5555.9712,2240.219
target 13,DSC05210,5471.1924,2561.3804
target 13,DSC05211,5444.0884,2679.5156
target 13,DSC05212,5417.0161,2635.9238
target 13,DSC05247,3899.5654,890.9149
target 13,DSC05250,2570.8843,846.5648
target 13,DSC05260,1726.046,2865.1838
target 13,DSC05261,1702.2886,3210.7202
target 13,DSC05262,1707.0096,2948.0752
target 13,DSC05263,1673.8105,2557.4402
target 13,DSC05264,1663.5707,2357.6338
target 13,DSC05265,1665.1023,2757.8999
target 13,DSC05266,1609.2097,3193.3447
target 13,DSC05267,1523.8915,2975.9719
target 13,DSC05269,1642.8002,2252.9111
target 13,DSC05270,1590.6123,1892.5127
target 13,DSC05271,1517.6809,1672.8059
target 13,DSC05272,1502.949,1677.4082
target 13,DSC05273,1465.2035,1183.0109
target 13,DSC05274,1530.8634,1224.2531
target 13,DSC05275,1574.875,1508.533
target 13,DSC05276,1568.0299,1477.3572
target 13,DSC05277,1576.3597,1366.9756
target 13,DSC05278,1556.6007,1155.8582
target 13,DSC05279,1644.691,1146.0988
target 13,DSC05322,4316.9863,1290.5884
target 13,DSC05323,4311.4775,1272.8481
target 13,DSC05324,4340.7749,1239.8668
target 13,DSC05325,3907.6614,1245.4634
target 13,DSC05326,3879.9758,1236.8375
target 13,DSC05327,3823.7983,1228.2351
target 13,DSC05328,3795.4968,1213.8197
target 13,DSC05329,3924.4294,1185.5848
target 13,DSC05330,3575.907,1189.298
target 13,DSC05331,3481.0488,1196.5872
target 13,DSC05332,2917.1802,1174.8378
target 13,DSC05333,2490.135,1168.4901
target 13,DSC05334,2689.5127,1212.7568
target 13,DSC05335,2485.3167,1244.9822
target 13,DSC05336,2655.2361,1263.6049
target 13,DSC05337,2765.3108,1259.7715
target 13,DSC05338,2569.5667,1268.7903
target 13,DSC05339,2527.3601,1276.585
target 13,DSC05340,2420.446,1307.5659
target 13,DSC05341,1963.3837,1332.1292
target 13,DSC05342,2441.0833,1346.6111
target 13,DSC05343,2501.8496,1352.5819
target 13,DSC05344,2329.8066,1373.8942
target 13,DSC05358,2625.2026,1107.0172
target 13,DSC05359,2582.1929,949.08
target 13,DSC05360,2569.5332,1030.3602
target 13,DSC05361,2514.4248,1155.3495
target 13,DSC05362,2551.2078,1382.7324
target 13,DSC05363,2568.3337,1722.9314
target 13,DSC05364,3178.304,1717.8721
target 13,DSC05365,3198.5422,1668.7399
target 13,DSC05366,3229.752,1288.4926
target 13,DSC05367,3230.1782,1383.3087
target 13,DSC05368,3208.9954,1606.9371
target 13,DSC05369,3209.2065,1690.0981
target 13,DSC05370,3216.1587,1649.2108
target 13,DSC05371,3200.5181,1615.4142
target 13,DSC05372,3109.0774,2234.7766
target 13,DSC05373,3016.9258,1458.832
target 13,DSC05374,3059.8052,2135.2908
target 13,DSC05375,3069.886,2433.4165
target 13,DSC05376,3033.0715,2421.7852
target 13,DSC05377,3010.0325,2480.6311
target 13,DSC05378,3035.998,2670.2927
target 13,DSC05379,3070.5833,2810.7917
target 13,DSC05380,3081.9299,2883.1528
target 13,DSC05417,213.4016,781.367
target 13,DSC05418,644.822,839.0989
target 13,DSC05419,1459.6154,745.0052
target 13,DSC05420,2193.4312,749.3163
target 13,DSC05423,1657.9198,1662.9506
target 13,DSC05424,1727.088,1761.7023
target 13,DSC05425,1860.5909,1814.3715
target 13,DSC05426,2138.3569,1942.7415
target 13,DSC05427,2112.2229,2002.679
target 13,DSC05428,2338.4885,2049.3093
target 13,DSC05429,2384.2898,2063.7078
target 13,DSC05430,3037.6362,2114.8425
target 13,DSC05431,3236.9761,1942.3324
target 13,DSC05432,4043.6162,2026.8501
target 13,DSC05433,2918.4482,1896.8739
target 13,DSC05434,3027.75,1919.2003
target 13,DSC05435,3404.5635,2070.1851
target 13,DSC05436,3315.1094,2074.6978
target 13,DSC05437,3628.7104,2164.6868
target 13,DSC05438,3997.675,2319.5798
target 13,DSC05439,4300.2021,2235.7366
target 13,DSC05440,4328.1509,2103.0676
target 13,DSC05441,4444.4868,2119.0247
target 13,DSC05442,4257.6934,1989.8978
target 13,DSC05443,4233.9702,1936.8268
target 13,DSC05476,540.9376,1491.3047
target 13,DSC05477,1019.7005,1682.5178
target 13,DSC05478,1543.1056,1988.989
target 13,DSC05498,4067.1511,1964.3419
target 13,DSC05499,4015.5547,1977.6809
target 13,DSC05500,4093.376,2003.3409
target 13,DSC05501,3957.894,2015.0287
target 13,DSC05502,4016.3181,2009.4598
target 13,DSC05503,3916.9211,1995.087
target 13,DSC05504,3907.7744,2022.3715
target 13,DSC05505,3617.2185,2175.8918
target 13,DSC05506,3594.7107,2236.728
target 13,DSC05507,3543.051,2283.7349
target 13,DSC05508,3531.7681,2365.9829
target 13,DSC05509,3065.634,2413.7122
target 13,DSC05510,2929.2102,2576.418
target 13,DSC05511,3027.7417,2559.7197
target 13,DSC05512,3196.6616,2187.7969
target 13,DSC05513,3142.9993,2200.3225
target 13,DSC05514,2797.583,2225.5244
target 13,DSC05515,2612.5862,2242.7725
target 13,DSC05516,2720.9883,2203.3882
target 13,DSC05517,2547.3518,2175.5671
target 13,DSC05518,2449.9939,2286.1357
target 13,DSC05519,2024.2234,2392.9814
target 13,DSC05520,1692.3809,2291.8547
target 13,DSC05521,1518.3983,2204.625
target 13,DSC05522,1349.7972,2177.6621
target 13,DSC05523,1625.0209,2038.3279
target 13,DSC05524,1475.9742,2026.3
target 14,DSC05211,3500.698,1546.7722
target 14,DSC05212,3530.27,1384.5767
target 14,DSC05213,3560.7334,1212.0867
target 14,DSC05214,3590.1638,1076.6558
target 14,DSC05215,3596.7581,1120.3969
target 14,DSC05216,3622.7563,1173.556
target 14,DSC05217,3583.7629,1591.7777
target 14,DSC05218,3588.1943,1683.3077
target 14,DSC05219,3577.2314,1836.0549
target 14,DSC05220,3582.406,2027.845
target 14,DSC05221,3577.0183,2079.9653
target 14,DSC05222,3575.9504,1739.3898
target 14,DSC05224,3509.5088,2207.2021
target 14,DSC05225,3463.6785,2437.2512
target 14,DSC05226,3427.906,2530.2241
target 14,DSC05227,3444.26,2162.5615
target 14,DSC05228,3482.0032,2383.0486
target 14,DSC05229,3503.2544,2340.6558
target 14,DSC05230,3506.6021,2262.9409
target 14,DSC05231,3506.3308,2625.7512
target 14,DSC05237,4042.9761,2509.6746
target 14,DSC05238,3616.6152,2485.3188
target 14,DSC05239,3581.625,2458.5061
target 14,DSC05240,3403.6252,2465.5723
target 14,DSC05241,3965.3901,2461.2705
target 14,DSC05242,3332.4075,2463.2747
target 14,DSC05243,2611.1438,2407.1475
target 14,DSC05244,2293.1025,2420.6904
target 14,DSC05245,2635.0852,2469.7009
target 14,DSC05246,3024.0476,2516.6672
target 14,DSC05274,3230.4707,2278.3687
target 14,DSC05275,3232.6211,2598.1182
target 14,DSC05276,3247.9348,2659.9204
target 14,DSC05277,3259.4451,2634.1785
target 14,DSC05278,3269.9983,2518.7639
target 14,DSC05279,3259.8381,2497.3618
target 14,DSC05280,3255.4055,2209.2324
target 14,DSC05281,3262.4849,2469.5376
target 14,DSC05282,3277.9346,2506.2544
target 14,DSC05283,3270.5063,2392.0244
target 14,DSC05284,3276.1421,2181.354
target 14,DSC05285,3278.3066,1950.2188
target 14,DSC05286,3277.0444,2006.853
target 14,DSC05287,3277.8269,1945.77
target 14,DSC05288,3326.0,1916.2863
target 14,DSC05289,3325.0569,1800.3381
target 14,DSC05290,3320.0562,1917.4124
target 14,DSC05291,3313.1633,1955.8743
target 14,DSC05292,3301.9358,1734.2432
target 14,DSC05293,3301.2327,1568.213
target 14,DSC05294,3301.0972,1355.6808
target 14,DSC05295,3299.0942,1130.0483
target 14,DSC05296,3286.0808,1155.8184
target 14,DSC05297,3325.2559,1139.1404
target 14,DSC05298,3328.5144,1133.8009
target 14,DSC05299,3310.2771,1166.9209
target 14,DSC05300,3281.2605,1232.0775
target 14,DSC05301,3279.5449,1038.2628
target 14,DSC05309,4208.959,2741.2925
target 14,DSC05310,4155.2007,2771.5085
target 14,DSC05311,3606.811,2787.249
target 14,DSC05312,3934.6226,2840.408
target 14,DSC05313,3921.6509,2906.1914
target 14,DSC05314,3732.3977,2926.2524
target 14,DSC05315,3652.1985,2978.0696
target 14,DSC05316,3331.22,2963.801
target 14,DSC05317,3295.9514,2959.5176
target 14,DSC05318,3071.1426,2920.8594
target 14,DSC05319,3019.0754,2901.8018
target 14,DSC05320,3111.4629,2866.9121
target 14,DSC05321,3328.7817,2794.373
target 14,DSC05322,2995.8452,2787.1709
target 14,DSC05323,3033.8604,2759.6782
target 14,DSC05324,3043.0227,2788.2571
target 14,DSC05325,2696.342,2810.8301
target 14,DSC05326,2768.04,2795.5801
target 14,DSC05378,1640.7858,1304.3817
target 14,DSC05379,1609.5575,1337.9316
target 14,DSC05380,1583.9291,1373.1451
target 14,DSC05381,1553.1417,1349.9055
target 14,DSC05382,1552.472,1462.1573
target 14,DSC05383,1573.5094,1527.033
target 14,DSC05384,1597.8009,1972.7749
target 14,DSC05385,1625.7424,1957.0874
target 14,DSC05386,1633.0563,1802.4701
target 14,DSC05387,1655.6544,1801.8917
target 14,DSC05388,1642.7753,1705.1675
target 14,DSC05389,1701.1552,1781.0591
target 14,DSC05390,1706.505,1781.1818
target 14,DSC05391,1715.5793,1963.3756
target 14,DSC05392,1701.8936,2028.624
target 14,DSC05393,1766.8887,2327.8591
target 14,DSC05394,1713.434,2398.4622
target 14,DSC05395,1707.1632,2416.0774
target 14,DSC05396,1692.9962,2407.1641
target 14,DSC05397,1715.3455,2556.3625
target 14,DSC05398,1714.899,2660.7788
target 14,DSC05399,1734.6243,2854.4409
target 14,DSC05400,1757.9365,2944.873
target 14,DSC05440,2842.7849,3205.885
target 14,DSC05441,2867.9377,3282.2253
target 14,DSC05442,2729.71,3215.519
target 14,DSC05443,2723.7742,3207.7852
target 14,DSC05444,2568.2083,3232.3557
target 14,DSC05445,2615.7351,3231.2585
target 14,DSC05447,2769.7742,3278.8906
target 14,DSC05448,2763.9973,3267.5481
target 14,DSC05449,2780.3247,3247.3738
target 14,DSC05450,2688.9758,3047.636
target 14,DSC05451,2996.9568,3061.2471
target 14,DSC05452,2927.178,3047.0645
target 14,DSC05453,3332.1509,3134.4465
target 14,DSC05454,3287.4546,3043.5
target 14,DSC05455,3702.6973,3025.7202
target 14,DSC05456,4151.1387,3136.0422
target 14,DSC05485,3591.5295,3451.5962
target 14,DSC05486,3407.1038,3527.0793
target 14,DSC05487,3246.781,3544.0168
target 14,DSC05488,3069.0667,3497.4333
target 14,DSC05489,2919.1785,3503.366
target 14,DSC05490,2882.1711,3462.4824
target 14,DSC05491,2719.6165,3418.2068
target 14,DSC05492,2620.9978,3361.1824
target 14,DSC05493,2624.5347,3275.1104
target 14,DSC05494,2535.7722,3191.8528
target 14,DSC05495,2634.3538,3127.29
target 14,DSC05496,2655.3245,3077.6123
target 14,DSC05497,2631.5312,3054.2449
target 14,DSC05498,2721.6445,2980.7891
target 14,DSC05500,2853.0833,2771.7964
target 15,DSC05269,1136.1068,2573.853
target 15,DSC05284,1116.4233,1236.3467
target 15,DSC05285,1125.2471,1012.0786
target 15,DSC05318,4052.5586,689.5587
target 15,DSC05319,4005.615,685.246
target 15,DSC05320,4106.4844,671.8928
target 15,DSC05321,4284.4189,659.6328
target 15,DSC05322,3842.0198,714.0466
target 15,DSC05323,3825.6179,697.5284
target 15,DSC05324,3827.3513,637.9899
target 15,DSC05325,3401.6189,636.4982
target 15,DSC05326,3387.0557,631.8691
target 15,DSC05327,3352.144,620.3769
target 15,DSC05328,3354.7415,614.6075
target 15,DSC05329,3497.8525,580.2485
target 15,DSC05330,3193.6841,589.6863
target 15,DSC05333,2252.1165,579.6541
target 15,DSC05334,2507.9602,658.0258
target 15,DSC05335,2343.7688,703.975
target 15,DSC05368,3819.4778,1445.9292
target 15,DSC05369,3809.9741,1494.3168
target 15,DSC05370,3805.0657,1429.5657
target 15,DSC05371,3769.4121,1399.448
target 15,DSC05372,3776.6001,1976.6658
target 15,DSC05373,3755.7261,992.2437
target 15,DSC05374,3770.5593,1696.1597
target 15,DSC05375,3774.6108,1985.6412
target 15,DSC05376,3758.8496,1920.7977
target 15,DSC05377,3761.0203,1933.2549
target 15,DSC05378,3784.7166,2108.3923
target 15,DSC05379,3788.6621,2264.7722
target 15,DSC05380,3795.9465,2340.3542
target 15,DSC05381,3813.1367,2382.8384
target 15,DSC05382,3818.73,2533.1558
target 15,DSC05383,3822.9658,2594.0254
target 15,DSC05384,3813.5344,3084.1418
target 15,DSC05385,3808.3398,3020.7935
target 15,DSC05386,3811.8511,2785.6072
target 15,DSC05387,3814.4927,2725.3701
target 15,DSC05388,3811.6208,2556.7185
target 15,DSC05430,2900.2837,1258.6243
target 15,DSC05431,3067.4326,1194.9916
target 15,DSC05432,3827.0225,1231.4147
target 15,DSC05433,2641.5269,1156.4017
target 15,DSC05434,2725.3328,1154.1929
target 15,DSC05435,3061.1514,1244.2576
target 15,DSC05436,2937.5481,1268.3992
target 15,DSC05437,3220.5181,1333.9137
target 15,DSC05438,3483.8091,1425.5923
target 15,DSC05439,3783.2698,1406.3049
target 15,DSC05440,3835.1982,1372.7773
target 15,DSC05441,3948.3855,1386.3125
target 15,DSC05442,3795.5627,1313.444
target 15,DSC05443,3791.3247,1289.309
target 15,DSC05444,3628.7297,1263.989
target 15,DSC05445,3678.356,1256.1106
target 15,DSC05447,4056.4739,1147.3602
target 15,DSC05448,4023.4504,1071.2264
target 15,DSC05449,4014.1228,1023.2485
target 15,DSC05450,3724.0227,944.1497
target 15,DSC05451,4053.637,946.3297
target 15,DSC05478,1043.1681,588.8849
target 15,DSC05489,3764.1597,1430.7913
target 15,DSC05490,3779.2075,1444.0403
target 15,DSC05491,3590.7573,1433.6367
target 15,DSC05492,3476.0911,1416.9388
target 15,DSC05493,3518.5461,1411.3237
target 15,DSC05494,3418.5874,1397.7903
target 15,DSC05495,3550.3088,1388.5688
target 15,DSC05496,3582.1897,1403.2231
target 15,DSC05497,3551.8945,1433.223
target 15,DSC05498,3644.8809,1447.0283
target 15,DSC05499,3573.9028,1428.0348
target 15,DSC05500,3651.3347,1410.4181
target 15,DSC05501,3509.3909,1409.3837
target 15,DSC05502,3598.6753,1364.4698
target 15,DSC05503,3506.9109,1344.6287
target 15,DSC05504,3507.1348,1356.1066
target 15,DSC05505,3193.7007,1472.4661
target 15,DSC05506,3182.2842,1505.5015
target 15,DSC05507,3144.2214,1527.2906
target 15,DSC05508,3152.9351,1569.361
target 15,DSC05509,2663.5898,1608.209
target 15,DSC05510,2622.9541,1698.2003
target 15,DSC05511,2792.3345,1669.7788
target 15,DSC05512,3066.4702,1387.4135
target 15,DSC05513,3039.759,1394.6639
target 15,DSC05514,2708.9583,1417.6
target 16,DSC05196,5325.7285,1181.8563
target 16,DSC05197,5361.9702,1635.3334
target 16,DSC05198,5397.146,1554.5249
target 16,DSC05199,5441.5312,1784.3992
target 16,DSC05251,1971.2407,949.7407
target 16,DSC05252,1984.6042,1053.3528
target 16,DSC05253,2133.8457,1080.679
target 16,DSC05254,2103.8494,1194.5616
target 16,DSC05260,1663.0741,2655.9824
target 16,DSC05261,1645.5665,2986.7634
target 16,DSC05262,1650.7583,2724.761
target 16,DSC05263,1623.772,2324.1287
target 16,DSC05264,1614.111,2120.4849
target 16,DSC05265,1628.7832,2528.0627
target 16,DSC05266,1584.4567,2959.3582
target 16,DSC05267,1498.8164,2727.3672
target 16,DSC05334,2910.0659,1174.578
target 16,DSC05335,2711.4172,1205.1736
target 16,DSC05336,2886.4092,1220.0272
target 16,DSC05337,3003.3884,1212.6022
target 16,DSC05338,2813.134,1218.4918
target 16,DSC05339,2770.3015,1223.0276
target 16,DSC05340,2651.0667,1253.7205
target 16,DSC05341,2189.6804,1278.6877
target 16,DSC05342,2650.2617,1291.1649
target 16,DSC05343,2704.5796,1296.3329
target 16,DSC05344,2518.6816,1319.5363
target 16,DSC05345,2427.9365,1332.2312
target 16,DSC05346,2433.2808,1340.0526
target 16,DSC05348,2257.8201,1333.061
target 16,DSC05349,2121.6377,1345.0616
target 16,DSC05350,1948.2911,1363.1426
target 16,DSC05351,3526.4038,1876.9226
target 16,DSC05352,2497.4768,1281.1304
target 16,DSC05353,2742.0671,1274.4967
target 16,DSC05354,2728.22,998.8815
target 16,DSC05355,2755.791,1146.7291
target 16,DSC05356,2725.7419,959.2016
target 16,DSC05357,2686.5574,882.3373
target 16,DSC05358,2664.1711,1310.5667
target 16,DSC05359,2629.4167,1173.2655
target 16,DSC05360,2623.405,1268.5507
target 16,DSC05361,2577.2869,1409.016
target 16,DSC05362,2617.8647,1614.0984
target 16,DSC05363,2632.9082,1936.0063
target 16,DSC05364,3241.8374,1932.7446
target 16,DSC05365,3257.2053,1884.7678
target 16,DSC05366,3283.0874,1504.9672
target 16,DSC05367,3278.1667,1595.7404
target 16,DSC05372,3187.5356,2421.1479
target 16,DSC05414,162.231,437.0304
target 16,DSC05415,459.9856,580.1585
target 16,DSC05417,758.0665,589.136
target 16,DSC05418,1188.47,633.4006
target 16,DSC05419,1927.9579,550.0776
target 16,DSC05420,2629.4954,552.9689
target 16,DSC05421,1162.4578,1535.8156
target 16,DSC05422,1615.8226,1630.4679
target 16,DSC05423,1842.4149,1638.5522
target 16,DSC05424,1938.3423,1729.8657
target 16,DSC05425,2086.6523,1777.3715
target 16,DSC05426,2396.1765,1896.7467
target 16,DSC05427,2383.9214,1943.9198
target 16,DSC05428,2614.2124,1974.5448
target 16,DSC05429,2656.2852,1975.6276
target 16,DSC05430,3300.3074,2022.0115
target 16,DSC05431,3454.6294,1858.2241
target 16,DSC05432,4252.6304,1937.2808
target 16,DSC05433,3099.3718,1795.2644
target 16,DSC05434,3202.1604,1811.7791
target 16,DSC05476,908.2132,1380.0
target 16,DSC05477,1416.1392,1513.0979
target 16,DSC05478,1939.4595,1753.9513
target 16,DSC05508,3680.7441,2193.5659
target 16,DSC05509,3228.4375,2233.8364
target 16,DSC05510,3148.6968,2413.325
target 16,DSC05511,3266.0344,2417.449
target 16,DSC05512,3426.4709,2089.0032
target 16,DSC05513,3379.7825,2108.5098
target 16,DSC05514,3038.8982,2136.4622
target 16,DSC05515,2860.8318,2162.7639
target 16,DSC05516,2969.5603,2138.792
target 16,DSC05517,2792.7917,2119.2019
target 16,DSC05518,2703.5874,2238.5474
target 16,DSC05519,2282.0151,2341.2502
target 16,DSC05520,1935.228,2245.5535
target 16,DSC05521,1748.632,2164.9949
target 16,DSC05522,1569.9928,2145.0029
target 16,DSC05523,1822.4795,2028.1003
target 16,DSC05524,1665.0929,2019.7068
target 16,DSC05525,1234.7086,2023.75
target 17,DSC05218,3590.4741,1445.0613
target 17,DSC05219,3585.2793,1574.0834
target 17,DSC05220,3595.3479,1738.4277
target 17,DSC05221,3602.9717,1759.9806
target 17,DSC05222,3614.6006,1407.8533
target 17,DSC05224,3558.5513,1878.0756
target 17,DSC05225,3515.3774,2120.3823
target 17,DSC05226,3485.9453,2232.127
target 17,DSC05227,3516.6704,1864.924
target 17,DSC05228,3564.2034,2086.5125
target 17,DSC05229,3595.0051,2054.1284
target 17,DSC05230,3607.0737,1995.2789
target 17,DSC05231,3609.4451,2380.8157
target 17,DSC05232,3610.9946,2660.5349
target 17,DSC05233,3610.8442,2608.46
target 17,DSC05234,3610.208,3020.3037
target 17,DSC05236,3662.0623,2404.9792
target 17,DSC05237,3833.3494,2408.2312
target 17,DSC05238,3353.4043,2387.2668
target 17,DSC05239,3276.3115,2366.8391
target 17,DSC05240,3074.3442,2388.6113
target 17,DSC05241,3618.9048,2409.1255
target 17,DSC05242,3007.4146,2414.7825
target 17,DSC05243,2318.0583,2369.5212
target 17,DSC05244,2050.0269,2392.2795
target 17,DSC05282,3197.2983,2729.5388
target 17,DSC05283,3193.5852,2639.7234
target 17,DSC05284,3200.6345,2451.0881
target 17,DSC05285,3204.6492,2245.4526
target 17,DSC05286,3210.7932,2319.2712
target 17,DSC05287,3212.8342,2264.5337
target 17,DSC05288,3259.9619,2266.0471
target 17,DSC05289,3261.7393,2158.9619
target 17,DSC05290,3265.9224,2280.0247
target 17,DSC05291,3263.6311,2315.5149
target 17,DSC05292,3253.7307,2090.5532
target 17,DSC05293,3253.6843,1923.7952
target 17,DSC05294,3254.751,1708.0975
target 17,DSC05295,3253.8176,1478.3353
target 17,DSC05296,3245.0168,1490.9779
target 17,DSC05297,3288.2964,1482.9829
target 17,DSC05298,3295.5686,1465.5865
target 17,DSC05299,3284.7815,1463.5425
target 17,DSC05300,3260.8848,1499.2661
target 17,DSC05301,3261.1179,1278.4525
target 17,DSC05302,3241.5427,1286.0457
target 17,DSC05303,3225.0483,1221.566
target 17,DSC05304,3172.752,1164.2798
target 17,DSC05305,3911.5244,2620.8987
target 17,DSC05306,3950.9519,2671.3328
target 17,DSC05307,3896.0083,2700.6631
target 17,DSC05308,3849.0256,2718.9475
target 17,DSC05309,3973.3552,2732.6667
target 17,DSC05310,3883.3953,2755.5886
target 17,DSC05311,3314.5515,2772.2581
target 17,DSC05312,3609.5571,2808.0229
target 17,DSC05313,3568.6157,2862.5322
target 17,DSC05314,3368.7412,2871.9563
target 17,DSC05315,3277.4871,2906.4431
target 17,DSC05316,2974.9172,2884.9646
target 17,DSC05317,2963.0132,2862.5266
target 17,DSC05318,2776.4893,2820.1763
target 17,DSC05319,2751.6279,2796.436
target 17,DSC05320,2888.5984,2753.6743
target 17,DSC05384,1758.9535,1714.9918
target 17,DSC05385,1769.1462,1680.3167
target 17,DSC05386,1748.7448,1497.1189
target 17,DSC05387,1751.9087,1482.63
target 17,DSC05388,1716.3364,1369.9987
target 17,DSC05389,1759.1118,1447.775
target 17,DSC05390,1750.604,1444.8564
target 17,DSC05391,1750.2953,1629.3348
target 17,DSC05392,1728.0234,1692.8965
target 17,DSC05393,1797.7949,2005.7765
target 17,DSC05394,1725.3834,2076.0615
target 17,DSC05395,1702.4735,2102.4878
target 17,DSC05396,1674.3755,2101.2832
target 17,DSC05397,1689.2111,2266.106
target 17,DSC05398,1681.8783,2381.2827
target 17,DSC05399,1696.687,2593.7163
target 17,DSC05400,1713.7814,2701.6667
target 17,DSC05401,1766.5243,2878.949
target 17,DSC05402,1737.1338,2873.0481
target 17,DSC05403,1717.2994,2796.0027
target 17,DSC05404,1713.8873,2899.3613
target 17,DSC05409,4890.9976,1941.8636
target 17,DSC05410,4350.6113,1698.2161
target 17,DSC05411,4348.2739,1786.5275
target 17,DSC05412,3891.8167,1902.8641
target 17,DSC05413,4084.8706,2091.9919
target 17,DSC05447,2506.0852,3094.8523
target 17,DSC05448,2473.3965,3100.9504
target 17,DSC05449,2469.887,3099.0671
target 17,DSC05450,2380.22,2942.1145
target 17,DSC05451,2676.2029,2967.0356
target 17,DSC05452,2610.8665,2984.5125
target 17,DSC05453,3010.2781,3072.7651
target 17,DSC05454,2972.2739,3013.3989
target 17,DSC05455,3409.2424,3028.0151
target 17,DSC05456,3870.8286,3154.0144
target 17,DSC05457,3790.821,3051.0464
target 17,DSC05458,3943.9141,2979.0154
target 17,DSC05459,4056.6313,3146.978
target 17,DSC05460,3999.0,3031.5693
target 17,DSC05461,4155.2744,2933.2927
target 17,DSC05462,4105.9634,2898.9421
target 17,DSC05463,4887.4004,2559.7598
target 17,DSC05464,5012.7593,2780.7756
target 17,DSC05465,4579.5205,2726.9604
target 17,DSC05466,4609.0757,2735.5791
target 17,DSC05469,3818.6621,2935.1321
target 17,DSC05472,3831.9346,2936.5752
target 17,DSC05473,4101.5493,2971.4309
target 17,DSC05474,4549.6196,2683.9402
target 17,DSC05475,4408.0308,2566.4573
target 17,DSC05480,4444.9038,3523.8108
target 17,DSC05481,3957.9316,3487.3381
target 17,DSC05482,3865.8376,3635.6331
target 17,DSC05483,3378.8516,3566.5549
target 17,DSC05484,3414.9185,3485.9951
target 17,DSC05485,3286.9392,3498.3398
target 17,DSC05486,3087.8896,3562.0227
target 17,DSC05487,2920.6812,3566.9666
target 17,DSC05488,2740.4402,3483.0618
target 17,DSC05489,2590.4919,3472.0476
target 17,DSC05490,2561.1519,3404.9822
target 17,DSC05491,2405.6626,3350.4666
target 17,DSC05492,2316.5107,3283.7407
target 17,DSC05493,2339.8831,3171.2727
target 17,DSC05494,2271.8982,3070.8052
target 18,DSC05210,5813.2529,1936.9182
target 18,DSC05211,5839.7397,2017.0555
target 18,DSC05212,5885.6035,1952.6068
target 18,DSC05213,5924.3154,1855.5813
target 18,DSC05217,5786.5869,2408.1831
target 18,DSC05218,5751.3076,2509.0984
target 18,DSC05219,5676.8218,2656.1487
target 18,DSC05244,3147.9038,641.9423
target 18,DSC05246,3566.5225,571.5225
target 18,DSC05247,3353.5789,603.0421
target 18,DSC05270,1088.9753,2431.9204
target 18,DSC05271,982.5925,2285.281
target 18,DSC05272,939.47,2339.7061
target 18,DSC05273,893.3083,1894.7155
target 18,DSC05274,965.0569,1920.9004
target 18,DSC05275,992.5593,2202.3323
target 18,DSC05276,957.0784,2195.5
target 18,DSC05277,944.3866,2095.7603
target 18,DSC05278,894.2691,1898.8463
target 18,DSC05281,1043.0359,1735.8588
target 18,DSC05282,1031.1071,1730.5306
target 18,DSC05283,1051.6068,1601.9479
target 18,DSC05284,1055.1704,1368.8125
target 18,DSC05285,1059.6599,1123.7721
target 18,DSC05318,3927.458,641.0518
target 18,DSC05319,3862.0833,641.049
target 18,DSC05320,3936.1799,635.6221
target 18,DSC05321,4095.0381,634.8973
target 18,DSC05322,3648.8301,694.5239
target 18,DSC05323,3623.5593,684.8947
target 18,DSC05324,3611.6462,629.4611
target 18,DSC05325,3184.0806,630.0974
target 18,DSC05326,3171.0261,633.2457
target 18,DSC05327,3139.7651,627.4799
target 18,DSC05328,3151.0798,626.3643
target 18,DSC05329,3297.428,600.0721
target 18,DSC05332,2474.5708,618.1397
target 18,DSC05333,2113.0894,606.809
target 18,DSC05334,2389.9214,685.0787
target 18,DSC05368,3831.8281,1339.3872
target 18,DSC05369,3821.7446,1375.8755
target 18,DSC05370,3816.6462,1303.9065
target 18,DSC05371,3779.7339,1278.6732
target 18,DSC05372,3790.4744,1830.222
target 18,DSC05373,3769.0984,773.3683
target 18,DSC05374,3784.4688,1486.9037
target 18,DSC05375,3788.8132,1772.7776
target 18,DSC05376,3773.2312,1689.1482
target 18,DSC05377,3775.7441,1684.358
target 18,DSC05378,3800.3726,1855.245
target 18,DSC05379,3804.0808,2022.6953
target 18,DSC05380,3810.7485,2101.9614
target 18,DSC05381,3829.0256,2158.3433
target 18,DSC05382,3834.9941,2328.6682
target 18,DSC05383,3839.1069,2412.7046
target 18,DSC05384,3829.1714,2921.8428
target 18,DSC05385,3822.9895,2881.8896
target 18,DSC05386,3826.1755,2677.8618
target 18,DSC05387,3828.4839,2640.1592
target 18,DSC05388,3825.313,2492.6992
target 18,DSC05430,2779.4253,1206.4351
target 18,DSC05431,2938.3411,1152.3162
target 18,DSC05432,3663.4495,1182.3873
target 18,DSC05433,2480.8584,1118.2336
target 18,DSC05434,2550.385,1113.7646
target 18,DSC05435,2861.885,1198.6777
target 18,DSC05436,2731.8921,1227.9313
target 18,DSC05437,3000.0339,1293.4969
target 18,DSC05438,3219.4504,1386.4651
target 18,DSC05439,3517.5669,1373.6559
target 18,DSC05440,3592.343,1353.3334
target 18,DSC05441,3704.6182,1370.2407
target 18,DSC05442,3573.7046,1302.8312
target 18,DSC05443,3582.8989,1282.53
target 18,DSC05444,3437.9043,1261.7496
target 18,DSC05445,3504.9944,1256.248
target 18,DSC05447,3888.8357,1150.2545
target 18,DSC05448,3877.2429,1078.7587
target 18,DSC05449,3891.6885,1032.9331
target 18,DSC05450,3632.8872,953.6439
target 18,DSC05451,3994.8562,956.6667
target 18,DSC05452,3749.0955,994.7622
target 18,DSC05478,844.8007,500.6161
target 18,DSC05489,3723.6125,1513.5258
target 18,DSC05490,3717.1567,1524.7671
target 18,DSC05491,3511.55,1511.944
target 18,DSC05492,3383.4734,1491.3976
target 18,DSC05493,3402.8779,1479.6812
target 18,DSC05494,3281.3167,1459.5864
target 18,DSC05495,3403.7275,1444.1897
target 18,DSC05496,3419.1655,1451.619
target 18,DSC05497,3369.3384,1475.5015
target 18,DSC05498,3443.0,1476.3451
target 18,DSC05499,3360.1384,1443.7147
target 18,DSC05500,3430.2827,1408.5396
target 18,DSC05501,3286.751,1402.7396
target 18,DSC05502,3381.4226,1339.1758
target 18,DSC05503,3293.5872,1315.7061
target 18,DSC05504,3295.6755,1321.6884
target 18,DSC05505,2977.0688,1432.7217
target 18,DSC05506,2967.9229,1457.8525
target 18,DSC05507,2933.8706,1471.899
target 18,DSC05508,2947.0881,1502.9247
target 18,DSC05509,2462.3083,1541.5601
target 18,DSC05510,2455.1052,1605.6206
target 18,DSC05511,2646.9155,1568.8896
target 18,DSC05512,2957.0181,1298.2557
target 18,DSC05513,2941.8384,1302.6376
target 18,DSC05514,2627.6147,1324.3899
target 19,DSC05197,5385.335,1537.3022
target 19,DSC05199,5479.4033,1675.6371
target 19,DSC05200,5480.3398,1785.644
target 19,DSC05201,5569.3887,1833.619
target 19,DSC05202,5685.0171,1718.144
target 19,DSC05256,1845.6954,2939.1667
target 19,DSC05257,1759.9077,2854.8538
target 19,DSC05258,1712.0647,2906.4883
target 19,DSC05260,1630.5513,2766.6538
target 19,DSC05261,1608.0289,3106.7283
target 19,DSC05262,1613.63,2846.3411
target 19,DSC05263,1581.3248,2455.0732
target 19,DSC05264,1569.9269,2255.7656
target 19,DSC05265,1578.4309,2661.6111
target 19,DSC05266,1525.7905,3097.7178
target 19,DSC05267,1432.8068,2876.1208
target 19,DSC05268,692.532,2208.561
target 19,DSC05269,1567.0043,2207.9915
target 19,DSC05270,1512.7805,1854.9027
target 19,DSC05271,1437.1134,1642.5
target 19,DSC05328,3815.1738,1118.6888
target 19,DSC05329,3957.0847,1086.1777
target 19,DSC05330,3621.0947,1090.071
target 19,DSC05331,3535.8682,1100.0043
target 19,DSC05332,2984.2695,1077.0725
target 19,DSC05333,2572.1855,1067.4158
target 19,DSC05334,2774.6663,1115.9376
target 19,DSC05335,2574.5957,1149.1177
target 19,DSC05336,2748.3904,1166.8816
target 19,DSC05337,2863.3823,1161.6912
target 19,DSC05338,2673.4194,1170.0756
target 19,DSC05339,2633.8672,1177.4479
target 19,DSC05340,2523.3833,1211.4097
target 19,DSC05341,2067.1687,1237.0245
target 19,DSC05342,2538.2446,1253.8102
target 19,DSC05343,2597.4141,1260.0312
target 19,DSC05344,2420.6965,1284.9366
target 19,DSC05345,2334.9692,1298.8081
target 19,DSC05346,2351.6553,1308.0862
target 19,DSC05348,2192.1423,1302.4431
target 19,DSC05349,2064.7827,1315.2878
target 19,DSC05352,2542.1882,1223.2142
target 19,DSC05353,2786.4407,1216.2172
target 19,DSC05354,2772.511,931.8607
target 19,DSC05355,2800.6702,1076.0051
target 19,DSC05356,2771.5781,874.9733
target 19,DSC05357,2733.9656,785.7448
target 19,DSC05358,2713.9551,1203.4821
target 19,DSC05359,2679.0308,1052.4534
target 19,DSC05360,2672.6797,1136.3846
target 19,DSC05361,2626.8428,1265.0104
target 19,DSC05362,2661.9097,1478.4056
target 19,DSC05363,2674.5022,1809.2271
target 19,DSC05364,3284.5798,1803.8259
target 19,DSC05365,3300.5476,1757.1553
target 19,DSC05366,3325.8613,1380.0725
target 19,DSC05367,3322.3584,1476.0883
target 19,DSC05368,3314.5718,1684.1875
target 19,DSC05369,3313.6453,1759.5
target 19,DSC05370,3319.2488,1712.0026
target 19,DSC05371,3301.2019,1676.0393
target 19,DSC05372,3227.2515,2302.0032
target 19,DSC05373,3153.6677,1489.2537
target 19,DSC05374,3189.8201,2160.5825
target 19,DSC05375,3199.0623,2451.8054
target 19,DSC05376,3167.2644,2424.0771
target 19,DSC05377,3149.5552,2466.907
target 19,DSC05417,395.1013,508.4327
target 19,DSC05418,830.3376,553.0876
target 19,DSC05419,1623.1245,474.589
target 19,DSC05420,2351.4136,476.6631
target 19,DSC05421,1081.3334,1479.3586
target 19,DSC05422,1525.1818,1570.8303
target 19,DSC05423,1745.469,1578.9084
target 19,DSC05424,1824.491,1669.2279
target 19,DSC05425,1963.4452,1717.0844
target 19,DSC05426,2253.3484,1834.2618
target 19,DSC05427,2230.3118,1884.9485
target 19,DSC05428,2454.9973,1922.1208
target 19,DSC05429,2496.26,1929.0027
target 19,DSC05430,3145.4844,1975.7773
target 19,DSC05431,3324.8169,1818.6797
target 19,DSC05432,4129.2744,1895.9716
target 19,DSC05433,2983.8057,1766.686
target 19,DSC05434,3090.3252,1784.2172
target 19,DSC05435,3464.5347,1922.6617
target 19,DSC05436,3364.5312,1927.1689
target 19,DSC05437,3671.7151,2010.5349
target 19,DSC05438,4015.1313,2145.1294
target 19,DSC05439,4287.355,2071.2537
target 19,DSC05476,675.5341,1317.4034
target 19,DSC05477,1159.2212,1472.8496
target 19,DSC05478,1675.7031,1738.3552
target 19,DSC05499,3971.5261,1841.1993
target 19,DSC05500,4066.0479,1862.7
target 19,DSC05501,3937.1501,1873.4734
target 19,DSC05502,4016.4297,1868.0565
target 19,DSC05503,3923.0,1854.7543
target 19,DSC05504,3920.7717,1881.4709
target 19,DSC05505,3636.6794,2026.7035
target 19,DSC05506,3622.7339,2084.6218
target 19,DSC05507,3579.8638,2129.8889
target 19,DSC05508,3580.188,2208.9631
target 19,DSC05509,3115.9019,2252.7463
target 19,DSC05510,3008.0405,2417.9495
target 19,DSC05511,3118.4453,2409.4888
target 19,DSC05512,3289.6248,2063.3997
target 19,DSC05513,3239.77,2078.4653
target 19,DSC05514,2895.3245,2104.6592
target 19,DSC05515,2713.8503,2125.3328
target 19,DSC05516,2825.3838,2093.2053
target 19,DSC05517,2650.6091,2069.9805
target 19,DSC05518,2557.5618,2181.8613
target 19,DSC05519,2130.2312,2284.8438
target 19,DSC05520,1790.9264,2188.8767
target 19,DSC05521,1611.5375,2106.9387
target 19,DSC05522,1438.5542,2084.0127
target 19,DSC05523,1709.3782,1957.4642
target 19,DSC05524,1556.3662,1947.522
target 19,DSC05525,1130.5325,1951.391
target 20,DSC05219,3376.0369,1589.7133
target 20,DSC05220,3382.6616,1744.1465
target 20,DSC05221,3388.2786,1748.5643
target 20,DSC05222,3399.6033,1386.3936
target 20,DSC05224,3355.5811,1836.4078
target 20,DSC05225,3321.2646,2070.6218
target 20,DSC05226,3300.5054,2173.5955
target 20,DSC05227,3326.9045,1796.5273
target 20,DSC05228,3364.9343,2006.7838
target 20,DSC05229,3392.7537,1966.9503
target 20,DSC05230,3405.3059,1901.8883
target 20,DSC05231,3407.2446,2284.0088
target 20,DSC05232,3411.2581,2560.7739
target 20,DSC05233,3413.2646,2507.3438
target 20,DSC05234,3412.1682,2919.4744
target 20,DSC05235,3402.1323,2856.2043
target 20,DSC05236,3563.0513,2593.9783
target 20,DSC05237,3736.6423,2603.4229
target 20,DSC05238,3258.1887,2586.3521
target 20,DSC05239,3188.2668,2572.5479
target 20,DSC05240,3002.8823,2592.6296
target 20,DSC05241,3573.1191,2615.7556
target 20,DSC05242,2972.7983,2617.2693
target 20,DSC05243,2303.7852,2576.4863
target 20,DSC05285,3374.5081,2240.8953
target 20,DSC05286,3381.8074,2325.042
target 20,DSC05287,3384.6323,2275.4656
target 20,DSC05288,3442.9583,2286.3523
target 20,DSC05289,3446.7129,2189.1926
target 20,DSC05290,3453.1687,2320.5059
target 20,DSC05291,3450.5229,2360.4167
target 20,DSC05292,3441.1318,2145.0295
target 20,DSC05293,3441.4399,1983.9335
target 20,DSC05294,3443.5342,1776.2903
target 20,DSC05295,3444.4214,1554.9457
target 20,DSC05296,3433.0686,1569.0118
target 20,DSC05297,3491.6375,1575.1384
target 20,DSC05298,3501.7495,1563.2701
target 20,DSC05299,3490.2429,1566.2888
target 20,DSC05300,3466.3533,1604.6901
target 20,DSC05301,3465.689,1387.8779
target 20,DSC05302,3443.916,1394.5376
target 20,DSC05303,3424.3711,1328.7043
target 20,DSC05304,3360.0759,1264.1235
target 20,DSC05305,3821.7539,2788.5308
target 20,DSC05306,3859.3967,2839.678
target 20,DSC05307,3803.2312,2870.5229
target 20,DSC05308,3755.8149,2889.4265
target 20,DSC05309,3880.4019,2901.7578
target 20,DSC05310,3794.2695,2926.2803
target 20,DSC05311,3233.9585,2942.6907
target 20,DSC05312,3532.6963,2979.5054
target 20,DSC05313,3494.5312,3038.3779
target 20,DSC05314,3307.2976,3046.0327
target 20,DSC05315,3234.4736,3080.5461
target 20,DSC05316,2949.5083,3054.7009
target 20,DSC05317,2956.7288,3028.7354
target 20,DSC05389,1632.6931,1419.8035
target 20,DSC05390,1621.9971,1410.3479
target 20,DSC05391,1620.1119,1584.5398
target 20,DSC05392,1595.2579,1641.363
target 20,DSC05393,1668.2594,1948.8632
target 20,DSC05394,1589.5275,2006.9941
target 20,DSC05395,1561.9926,2025.5149
target 20,DSC05396,1529.3374,2018.1505
target 20,DSC05397,1542.2509,2176.7104
target 20,DSC05398,1532.8945,2286.9524
target 20,DSC05399,1546.5349,2494.0593
target 20,DSC05400,1561.4825,2598.4966
target 20,DSC05401,1612.3253,2772.6785
target 20,DSC05402,1575.752,2763.5305
target 20,DSC05403,1546.8086,2685.9773
target 20,DSC05404,1539.545,2788.6982
target 20,DSC05410,4220.5518,1864.6234
target 20,DSC05411,4208.0264,1946.9833
target 20,DSC05412,3759.3657,2067.448
target 20,DSC05413,3938.9082,2245.8044
target 20,DSC05453,2968.1699,3168.415
target 20,DSC05454,2915.9028,3113.3333
target 20,DSC05455,3328.115,3134.6443
target 20,DSC05456,3766.6609,3262.739
target 20,DSC05457,3683.8384,3168.0027
target 20,DSC05458,3833.0085,3103.7429
target 21,DSC05208,5824.019,1480.0857
target 21,DSC05210,5782.8213,1748.9337
target 21,DSC05211,5826.0913,1819.6362
target 21,DSC05212,5895.7402,1748.5033
target 21,DSC05213,5955.1904,1648.2188
target 21,DSC05218,5845.564,2349.9399
target 21,DSC05219,5776.5273,2513.5688
target 21,DSC05220,5763.2344,2718.3418
target 21,DSC05243,3337.0,552.5
target 21,DSC05244,3024.5754,560.6509
target 21,DSC05246,3396.3364,563.7383
target 21,DSC05247,3193.4275,624.9022
target 21,DSC05270,1112.3656,2599.4187
target 21,DSC05271,1007.1083,2472.0928
target 21,DSC05272,958.022,2540.3469
target 21,DSC05273,914.741,2105.9883
target 21,DSC05274,978.0589,2128.605
target 21,DSC05275,992.9968,2411.563
target 21,DSC05276,949.4844,2412.4844
target 21,DSC05277,928.4122,2315.4048
target 21,DSC05278,871.0284,2121.9575
target 21,DSC05279,962.9913,2034.5422
target 21,DSC05282,975.9084,1903.4006
target 21,DSC05283,992.4504,1757.8945
target 21,DSC05284,992.0968,1509.6559
target 21,DSC05285,991.7222,1242.9259
target 21,DSC05286,1043.7421,1314.5913
target 21,DSC05318,3793.8672,590.3228
target 21,DSC05319,3709.9128,595.2959
target 21,DSC05320,3758.7888,599.0082
target 21,DSC05321,3902.314,611.0142
target 21,DSC05322,3453.6438,675.6559
target 21,DSC05323,3422.0649,673.3475
target 21,DSC05324,3398.5337,622.2103
target 21,DSC05325,2969.405,625.5778
target 21,DSC05326,2960.8884,636.3169
target 21,DSC05327,2935.5303,635.7177
target 21,DSC05328,2957.2791,638.9349
target 21,DSC05329,3109.8965,619.8601
target 21,DSC05332,2330.8496,640.9023
target 21,DSC05333,1984.9163,632.5226
target 21,DSC05334,2281.2639,710.8602
target 21,DSC05368,3842.8933,1240.5112
target 21,DSC05369,3832.2095,1265.5591
target 21,DSC05370,3827.4031,1185.9978
target 21,DSC05371,3789.0981,1165.0281
target 21,DSC05372,3802.5874,1694.2693
target 21,DSC05373,3782.1116,560.8629
target 21,DSC05374,3795.7559,1287.1366
target 21,DSC05375,3801.4038,1568.3566
target 21,DSC05376,3785.4761,1464.0389
target 21,DSC05377,3788.4121,1439.6027
target 21,DSC05378,3814.9299,1602.0775
target 21,DSC05379,3819.3062,1775.6454
target 21,DSC05380,3825.2075,1857.163
target 21,DSC05381,3844.4048,1924.3508
target 21,DSC05382,3850.4629,2112.9214
target 21,DSC05383,3853.9912,2219.4438
target 21,DSC05384,3844.0847,2748.552
target 21,DSC05385,3837.3616,2733.0161
target 21,DSC05386,3840.6509,2561.6167
target 21,DSC05387,3842.4915,2547.5894
target 21,DSC05388,3838.5535,2422.9321
target 21,DSC05429,2121.803,1137.3727
target 21,DSC05430,2670.23,1160.3285
target 21,DSC05431,2820.1431,1114.182
target 21,DSC05432,3513.4712,1138.3668
target 21,DSC05433,2330.5613,1083.3373
target 21,DSC05434,2386.1814,1076.6986
target 21,DSC05435,2675.7534,1157.3561
target 21,DSC05436,2537.9241,1191.0063
target 21,DSC05437,2791.896,1255.266
target 21,DSC05438,2966.8154,1350.5526
target 21,DSC05439,3257.8149,1343.2649
target 21,DSC05440,3348.5571,1334.9799
target 21,DSC05441,3457.7432,1354.7858
target 21,DSC05442,3345.2876,1293.0255
target 21,DSC05443,3366.6113,1276.8096
target 21,DSC05444,3236.2502,1261.0798
target 21,DSC05445,3321.0347,1257.6566
target 21,DSC05447,3707.9202,1154.2107
target 21,DSC05448,3718.0767,1088.0902
target 21,DSC05449,3757.5312,1044.9424
target 21,DSC05450,3533.2957,964.834
target 21,DSC05451,3930.2334,969.0507
target 21,DSC05452,3699.9868,1008.8633
target 21,DSC05478,666.9112,424.0888
target 21,DSC05489,3678.5583,1604.9667
target 21,DSC05490,3648.2939,1613.5284
target 21,DSC05491,3424.6245,1597.6666
target 21,DSC05492,3282.4409,1573.2776
target 21,DSC05493,3277.595,1554.1187
target 21,DSC05494,3133.9878,1526.5388
target 21,DSC05495,3246.9922,1504.4261
target 21,DSC05496,3246.0286,1503.8638
target 21,DSC05497,3177.4666,1520.493
target 21,DSC05498,3233.4187,1507.42
target 21,DSC05499,3141.6963,1460.6241
target 21,DSC05500,3208.1284,1407.7749
target 21,DSC05501,3064.6599,1397.0601
target 21,DSC05502,3168.2234,1315.467
target 21,DSC05503,3085.3186,1288.7582
target 21,DSC05504,3090.5601,1289.41
target 21,DSC05505,2767.6899,1394.4675
target 21,DSC05506,2761.9216,1412.317
target 21,DSC05507,2733.1592,1419.7129
target 21,DSC05508,2752.4238,1440.5763
target 21,DSC05509,2272.3147,1479.1853
target 21,DSC05510,2299.864,1520.6528
target 21,DSC05511,2513.177,1477.0052
target 21,DSC05512,2856.5996,1216.8322
target 21,DSC05513,2852.4355,1219.0365
target 21,DSC05514,2553.4585,1239.6479
target 23,DSC05210,3322.5105,1622.6526
target 23,DSC05211,3329.0959,1613.8673
target 23,DSC05212,3351.8132,1452.2878
target 23,DSC05213,3376.2964,1279.485
target 23,DSC05214,3399.0576,1142.8734
target 23,DSC05215,3403.2476,1183.507
target 23,DSC05216,3423.5593,1232.9089
target 23,DSC05217,3388.5063,1645.5802
target 23,DSC05218,3392.1313,1732.8197
target 23,DSC05219,3382.1113,1879.1923
target 23,DSC05220,3384.7817,2064.2827
target 23,DSC05221,3379.0378,2104.0806
target 23,DSC05222,3378.7664,1756.2675
target 23,DSC05224,3324.9094,2206.6833
target 23,DSC05225,3287.7747,2429.1428
target 23,DSC05226,3260.9197,2513.7034
target 23,DSC05227,3273.686,2138.5632
target 23,DSC05228,3304.0293,2350.2024
target 23,DSC05229,3323.1121,2301.4888
target 23,DSC05230,3327.3584,2217.7292
target 23,DSC05231,3327.231,2575.7385
target 23,DSC05237,3991.1179,2684.2236
target 23,DSC05238,3570.6497,2663.6675
target 23,DSC05239,3544.7131,2643.8311
target 23,DSC05240,3382.1892,2651.667
target 23,DSC05241,3966.1726,2651.7314
target 23,DSC05242,3340.5066,2650.8093
target 23,DSC05243,2632.1843,2600.6794
target 23,DSC05244,2323.4285,2607.3594
target 23,DSC05245,2680.0933,2647.1763
target 23,DSC05246,3083.1572,2682.97
target 23,DSC05247,3040.719,2707.2134
target 23,DSC05275,3389.0925,2526.3518
target 23,DSC05276,3407.6553,2586.3679
target 23,DSC05277,3420.5188,2561.0515
target 23,DSC05278,3435.1719,2446.2422
target 23,DSC05279,3419.4036,2431.1428
target 23,DSC05280,3415.5437,2148.0168
target 23,DSC05281,3421.2175,2410.6873
target 23,DSC05282,3439.7092,2450.9355
target 23,DSC05283,3431.3992,2343.1836
target 23,DSC05284,3438.2542,2139.1775
target 23,DSC05285,3441.8201,1917.0734
target 23,DSC05286,3438.9717,1981.3383
target 23,DSC05287,3439.8708,1924.0083
target 23,DSC05288,3497.2644,1900.2594
target 23,DSC05289,3496.6721,1791.819
target 23,DSC05290,3490.3918,1916.8784
target 23,DSC05291,3481.7239,1958.8145
target 23,DSC05292,3469.9219,1745.4528
target 23,DSC05293,3469.4937,1584.3854
target 23,DSC05294,3469.3682,1378.8142
target 23,DSC05295,3468.3904,1160.2456
target 23,DSC05296,3452.0991,1187.8385
target 23,DSC05297,3502.0178,1181.3805
target 23,DSC05298,3505.8425,1180.9073
target 23,DSC05311,3571.1233,2934.5649
target 23,DSC05312,3902.9976,2992.418
target 23,DSC05313,3893.7539,3064.5117
target 23,DSC05314,3715.5774,3085.4563
target 23,DSC05315,3650.7349,3141.1304
target 23,DSC05316,3343.7651,3125.4236
target 23,DSC05317,3323.0808,3122.4192
target 23,DSC05318,3109.5056,3079.6973
target 23,DSC05319,3063.949,3059.1443
target 23,DSC05320,3162.9697,3022.7507
target 23,DSC05321,3384.2139,2946.1357
target 23,DSC05322,3056.5,2935.5
target 23,DSC05323,3096.9167,2907.7812
target 23,DSC05324,3109.7922,2941.9663
target 23,DSC05325,2767.7483,2965.9482
target 23,DSC05381,1416.9607,1421.0056
target 23,DSC05382,1418.7079,1526.4307
target 23,DSC05383,1443.4867,1584.2778
target 23,DSC05384,1468.4956,2018.5044
target 23,DSC05385,1500.1694,1996.1991
target 23,DSC05386,1510.6958,1833.1171
target 23,DSC05387,1535.2468,1824.5172
target 23,DSC05388,1523.101,1721.1233
target 23,DSC05389,1582.8123,1788.022
target 23,DSC05390,1588.4948,1783.2969
target 23,DSC05391,1597.5339,1956.8503
target 23,DSC05392,1583.2422,2016.7327
target 23,DSC05393,1650.2361,2310.2639
target 23,DSC05450,2709.3494,3140.8699
target 23,DSC05451,3001.1538,3152.9768
target 23,DSC05452,2930.9426,3138.5491
target 24,DSC05196,5224.7534,1102.3774
target 24,DSC05197,5263.978,1558.5183
target 24,DSC05198,5302.3154,1479.1643
target 24,DSC05199,5349.4814,1712.7927
target 24,DSC05200,5348.1162,1828.5186
target 24,DSC05201,5429.1304,1885.3334
target 24,DSC05202,5533.2183,1778.1506
target 24,DSC05203,5698.9268,1529.7012
target 24,DSC05204,5050.1147,1088.3004
target 24,DSC05205,5285.3145,1487.802
target 24,DSC05207,5429.5181,1817.9337
target 24,DSC05208,5382.1367,2353.0364
target 24,DSC05248,3497.574,795.7365
target 24,DSC05249,3293.4521,772.6116
target 24,DSC05250,2703.0884,921.646
target 24,DSC05251,1871.0366,1030.6464
target 24,DSC05252,1885.6298,1143.7035
target 24,DSC05253,2038.3317,1176.1246
target 24,DSC05254,2014.5238,1289.4563
target 24,DSC05255,1995.8594,3436.9058
target 24,DSC05256,1981.283,2948.1655
target 24,DSC05257,1908.5992,2858.0522
target 24,DSC05258,1867.1689,2901.6702
target 24,DSC05260,1798.0369,2749.594
target 24,DSC05261,1780.4681,3083.1802
target 24,DSC05262,1784.4603,2817.0637
target 24,DSC05263,1757.5813,2412.0486
target 24,DSC05264,1749.8577,2205.2979
target 24,DSC05265,1756.9183,2604.2615
target 24,DSC05266,1711.6848,3030.1003
target 24,DSC05267,1637.8812,2798.5583
target 24,DSC05268,996.0196,2084.0476
target 24,DSC05269,1758.4635,2124.2153
target 24,DSC05270,1712.6385,1767.5734
target 24,DSC05271,1652.1769,1549.5669
target 24,DSC05328,3905.8394,1331.8
target 24,DSC05329,4053.0208,1306.2823
target 24,DSC05330,3716.0815,1308.7595
target 24,DSC05331,3625.667,1310.6855
target 24,DSC05332,3074.1902,1288.6929
target 24,DSC05333,2662.2454,1283.5511
target 24,DSC05334,2853.9565,1319.8081
target 24,DSC05335,2649.4607,1348.0588
target 24,DSC05336,2819.1479,1363.3682
target 24,DSC05337,2928.3865,1356.8109
target 24,DSC05338,2728.946,1363.0642
target 24,DSC05339,2679.4465,1367.6869
target 24,DSC05340,2560.0811,1393.0303
target 24,DSC05341,2094.8684,1416.1115
target 24,DSC05342,2559.1685,1425.1742
target 24,DSC05343,2613.3113,1429.665
target 24,DSC05344,2430.2002,1447.9836
target 24,DSC05345,2340.8464,1458.1534
target 24,DSC05346,2348.9619,1463.9777
target 24,DSC05348,2178.7629,1451.6721
target 24,DSC05349,2047.3481,1459.6444
target 24,DSC05350,1880.2366,1474.2366
target 24,DSC05351,3418.5637,1805.8829
target 24,DSC05352,2390.6384,1207.8192
target 24,DSC05353,2635.5896,1202.4532
target 24,DSC05354,2617.1926,922.223
target 24,DSC05355,2645.0415,1069.2242
target 24,DSC05356,2606.5137,874.817
target 24,DSC05357,2558.9653,792.4608
target 24,DSC05358,2530.4937,1218.5686
target 24,DSC05359,2485.8582,1079.6649
target 24,DSC05360,2471.8372,1176.7949
target 24,DSC05361,2413.1753,1318.8246
target 24,DSC05362,2458.811,1541.8762
target 24,DSC05363,2480.6348,1873.2322
target 24,DSC05364,3090.0378,1870.5756
target 24,DSC05365,3110.3076,1817.6257
target 24,DSC05366,3143.6616,1431.1211
target 24,DSC05367,3143.0139,1516.1255
target 24,DSC05368,3124.5466,1754.6542
target 24,DSC05369,3127.6306,1831.7883
target 24,DSC05370,3137.8333,1785.6071
target 24,DSC05371,3126.2227,1749.3804
target 24,DSC05372,3022.2971,2382.4897
target 24,DSC05373,2937.7395,1591.7981
target 24,DSC05415,354.3894,941.005
target 24,DSC05417,658.5437,955.0104
target 24,DSC05418,1083.1569,1014.9923
target 24,DSC05419,1835.3599,910.2772
target 24,DSC05420,2535.7366,916.0253
target 24,DSC05421,1087.1067,1656.7416
target 24,DSC05422,1533.9271,1759.2743
target 24,DSC05423,1756.9608,1769.2373
target 24,DSC05424,1846.6351,1871.6796
target 24,DSC05425,1991.9102,1925.2103
target 24,DSC05426,2293.0767,2060.4548
target 24,DSC05427,2282.189,2117.9512
target 24,DSC05428,2519.7014,2157.8513
target 24,DSC05429,2570.5439,2166.054
target 24,DSC05430,3219.1758,2217.7034
target 24,DSC05431,3391.3423,2030.8964
target 24,DSC05432,4191.2153,2119.7559
target 24,DSC05433,3061.0491,1970.7344
target 24,DSC05434,3167.0576,1992.8848
target 24,DSC05435,3542.8557,2144.7603
target 24,DSC05436,3446.0769,2143.022
target 24,DSC05476,811.2437,1625.5326
target 24,DSC05477,1328.3535,1792.707
target 24,DSC05478,1868.8934,2072.0315
target 24,DSC05509,3208.6614,2430.9868
target 24,DSC05510,3101.2651,2614.3574
target 24,DSC05511,3204.0676,2613.4648
target 24,DSC05512,3355.3757,2259.0176
target 24,DSC05513,3303.98,2276.9919
target 24,DSC05514,2963.0879,2304.3125
target 24,DSC05515,2780.5593,2328.6389
target 24,DSC05516,2883.1023,2298.3977
target 24,DSC05517,2706.2083,2274.4536
target 24,DSC05518,2611.3677,2394.7861
target 24,DSC05519,2193.3428,2502.3899
target 24,DSC05520,1853.0322,2399.8499
target 24,DSC05521,1670.531,2313.2949
target 24,DSC05522,1494.6592,2289.1226
target 24,DSC05523,1745.679,2158.2471
target 24,DSC05524,1591.6064,2147.7129
target 24,DSC05525,1168.7294,2150.8201
target 27,DSC05196,5240.0864,1283.3729
target 27,DSC05197,5270.0073,1734.175
target 27,DSC05198,5297.4453,1651.955
target 27,DSC05199,5333.6226,1876.2548
target 27,DSC05200,5325.0811,1980.634
target 27,DSC05250,2871.3022,963.5054
target 27,DSC05251,2070.1421,1048.5602
target 27,DSC05252,2083.1846,1134.0226
target 27,DSC05253,2231.1729,1154.1482
target 27,DSC05254,2193.6406,1259.585
target 27,DSC05255,1955.9351,3264.9492
target 27,DSC05256,1938.6681,2776.9285
target 27,DSC05257,1863.344,2664.8428
target 27,DSC05258,1824.3494,2696.6553
target 27,DSC05260,1757.9038,2529.9397
target 27,DSC05261,1745.5125,2856.7959
target 27,DSC05262,1751.0518,2599.6311
target 27,DSC05263,1730.4108,2205.6995
target 27,DSC05264,1723.7366,2004.9366
target 27,DSC05265,1739.6509,2423.6089
target 27,DSC05266,1700.6772,2859.7913
target 27,DSC05267,1632.1963,2626.2429
target 27,DSC05336,2980.0146,1329.2961
target 27,DSC05337,3106.2217,1319.5952
target 27,DSC05338,2926.582,1324.2571
target 27,DSC05339,2891.6128,1326.4485
target 27,DSC05340,2772.988,1350.9182
target 27,DSC05341,2316.4021,1373.5378
target 27,DSC05342,2772.2031,1380.8767
target 27,DSC05343,2825.8757,1384.5156
target 27,DSC05344,2636.2437,1403.7494
target 27,DSC05345,2542.7366,1414.1195
target 27,DSC05346,2544.6453,1419.0646
target 27,DSC05348,2360.6599,1408.3353
target 27,DSC05349,2218.4336,1417.61
target 27,DSC05350,2038.2534,1432.7881
target 27,DSC05351,3457.6016,1965.0131
target 27,DSC05352,2422.478,1375.4126
target 27,DSC05353,2667.825,1369.3402
target 27,DSC05354,2653.6543,1099.1011
target 27,DSC05355,2680.9644,1247.7771
target 27,DSC05356,2648.8481,1068.9073
target 27,DSC05357,2607.5359,1000.0079
target 27,DSC05358,2582.2805,1430.2489
target 27,DSC05359,2547.1689,1296.3671
target 27,DSC05360,2541.3213,1389.4928
target 27,DSC05361,2492.8594,1527.0829
target 27,DSC05362,2539.2415,1708.9714
target 27,DSC05364,3164.8298,2017.2819
target 27,DSC05365,3180.3821,1974.5044
target 27,DSC05366,3207.666,1607.1339
target 27,DSC05367,3201.8882,1704.8412
target 27,DSC05414,482.5458,577.4585
target 27,DSC05415,784.0507,722.4177
target 27,DSC05417,1052.2697,728.1716
target 27,DSC05418,1461.6389,774.3143
target 27,DSC05419,2124.5938,686.0482
target 27,DSC05421,1286.9012,1616.3757
target 27,DSC05422,1744.8962,1713.9509
target 27,DSC05423,1970.9324,1721.8861
target 27,DSC05424,2074.5662,1813.1404
target 27,DSC05425,2224.1838,1859.9633
target 27,DSC05426,2537.3926,1980.2294
target 27,DSC05427,2523.6218,2023.309
target 27,DSC05428,2738.4158,2047.8075
target 27,DSC05429,2767.6785,2044.3895
target 27,DSC05430,3391.9868,2089.7434
target 27,DSC05476,1150.363,1458.9745
target 27,DSC05477,1626.1093,1574.6932
target 27,DSC05478,2106.6523,1795.446
target 27,DSC05512,3510.2405,2114.9541
target 27,DSC05513,3471.6091,2136.9033
target 27,DSC05514,3142.9487,2165.6221
target 27,DSC05515,2977.2898,2195.5337
target 27,DSC05516,3089.5825,2178.4814
target 27,DSC05517,2919.4204,2162.7698
target 27,DSC05518,2841.5212,2285.8894
target 27,DSC05519,2433.4604,2385.6335
target 27,DSC05520,2089.9326,2293.0417
target 27,DSC05521,1904.2914,2215.8418
target 27,DSC05522,1728.2145,2199.0068
target 27,DSC05523,1969.7909,2095.1545
target 27,DSC05524,1813.8799,2088.5125
target 27,DSC05525,1387.6448,2092.8118
target 28,DSC05196,3777.4927,1721.9492
target 28,DSC05197,3782.9319,2162.7109
target 28,DSC05198,3785.2148,2072.208
target 28,DSC05199,3779.9622,2272.137
target 28,DSC05200,3768.5486,2349.4062
target 28,DSC05201,3780.4172,2358.6172
target 28,DSC05202,3802.3096,2204.7112
target 28,DSC05203,3831.6255,1926.2921
target 28,DSC05204,3244.6331,1402.9286
target 28,DSC05205,3275.594,1729.0333
target 28,DSC05207,3302.5659,1959.3805
target 28,DSC05208,3290.25,2421.7463
target 28,DSC05210,3263.7964,2633.0464
target 28,DSC05211,3250.8293,2638.5244
target 28,DSC05247,4000.7,2783.1667
target 28,DSC05248,3794.4045,2705.2471
target 28,DSC05249,3750.4451,2686.2573
target 28,DSC05250,3250.2539,2699.6221
target 28,DSC05251,2415.4456,2688.6157
target 28,DSC05252,2431.1841,2704.3643
target 28,DSC05253,2587.5818,2706.8052
target 28,DSC05254,2510.8569,2727.6094
target 28,DSC05255,3366.8591,2804.2676
target 28,DSC05256,3372.4277,2323.9343
target 28,DSC05257,3437.2524,2155.8384
target 28,DSC05258,3451.0132,2159.1843
target 28,DSC05260,3490.0542,1964.073
target 28,DSC05261,3498.0615,2269.7283
target 28,DSC05262,3479.8442,2040.9746
target 28,DSC05263,3485.0227,1689.6685
target 28,DSC05264,3504.8076,1497.5454
target 28,DSC05265,3443.0388,1963.4922
target 28,DSC05266,3407.6821,2409.4919
target 28,DSC05267,3508.0093,2177.1567
target 28,DSC05269,3421.6831,1902.162
target 28,DSC05333,3124.2539,3076.3342
target 28,DSC05334,3332.3145,3051.5051
target 28,DSC05335,3177.7271,3049.9106
target 28,DSC05336,3391.8318,3072.938
target 28,DSC05337,3554.2095,3082.1111
target 28,DSC05338,3421.6897,3096.8914
target 28,DSC05339,3422.1919,3111.8535
target 28,DSC05340,3312.0801,3080.0439
target 28,DSC05341,2885.5439,3086.5439
target 28,DSC05342,3319.6594,3067.1294
target 28,DSC05343,3372.9272,3072.406
target 28,DSC05344,3169.4109,3035.4858
target 28,DSC05345,3069.1667,3019.2129
target 28,DSC05346,3057.4431,3016.0569
target 28,DSC05348,2833.0869,2957.2029
target 28,DSC05349,2663.9656,2918.9138
target 28,DSC05351,1993.9537,2344.8982
target 28,DSC05358,992.7,1944.028
target 28,DSC05367,1776.7328,2161.7759
target 29,DSC05196,3946.3701,1706.0367
target 29,DSC05197,3952.0806,2164.2473
target 29,DSC05198,3954.0608,2081.9946
target 29,DSC05199,3950.6414,2295.7749
target 29,DSC05200,3937.2996,2381.4592
target 29,DSC05201,3951.0786,2402.4973
target 29,DSC05202,3975.041,2258.2507
target 29,DSC05203,4010.5522,1988.8582
target 29,DSC05204,3420.9114,1474.3733
target 29,DSC05205,3467.1431,1815.7643
target 29,DSC05207,3501.2808,2056.446
target 29,DSC05208,3485.8523,2520.646
target 29,DSC05210,3452.6145,2731.6492
target 29,DSC05247,4090.6213,2604.4712
target 29,DSC05248,3880.2661,2503.4651
target 29,DSC05249,3822.5703,2474.9746
target 29,DSC05250,3293.696,2492.2195
target 29,DSC05251,2426.8767,2485.7671
target 29,DSC05252,2413.8284,2500.708
target 29,DSC05253,2558.9827,2500.9307
target 29,DSC05254,2473.6077,2532.3477
target 29,DSC05255,3229.0605,2855.2297
target 29,DSC05256,3231.9756,2371.2131
target 29,DSC05257,3285.5642,2196.9824
target 29,DSC05258,3296.313,2190.3311
target 29,DSC05260,3327.8794,1979.3574
target 29,DSC05261,3335.5195,2280.5562
target 29,DSC05262,3319.2349,2041.5884
target 29,DSC05263,3323.2051,1669.3163
target 29,DSC05264,3340.6196,1468.1975
target 29,DSC05265,3285.948,1927.5291
target 29,DSC05266,3250.1155,2367.3794
target 29,DSC05267,3336.8467,2122.3726
target 29,DSC05268,3352.6897,1358.3038
target 29,DSC05269,3264.4958,1824.8109
target 29,DSC05270,3280.011,1522.5305
target 29,DSC05271,3318.5735,1358.0918
target 29,DSC05328,4012.9409,2887.7795
target 29,DSC05329,4234.5,2928.5491
target 29,DSC05330,3986.5337,2929.5933
target 29,DSC05331,3948.5281,2894.0894
target 29,DSC05332,3493.5154,2878.3359
target 29,DSC05333,3197.8342,2913.0869
target 29,DSC05334,3400.2881,2895.5671
target 29,DSC05335,3237.6443,2896.2991
target 29,DSC05336,3447.2039,2919.386
target 29,DSC05337,3603.074,2928.5315
target 29,DSC05338,3458.2617,2943.5256
target 29,DSC05339,3446.4258,2958.238
target 29,DSC05340,3324.2957,2930.0461
target 29,DSC05341,2882.896,2937.7036
target 29,DSC05342,3311.5276,2919.4355
target 29,DSC05343,3358.8096,2923.9873
target 29,DSC05344,3147.4897,2890.9912
target 29,DSC05345,3041.8467,2876.1479
target 29,DSC05346,3018.6599,2872.2993
target 29,DSC05348,2781.1465,2816.3713
target 29,DSC05349,2606.5444,2780.8967
target 29,DSC05351,2135.8406,2292.6638
target 29,DSC05352,1056.6416,1746.5752
target 29,DSC05353,1336.2452,1746.5769
target 29,DSC05354,1315.7264,1506.3547
target 29,DSC05355,1346.4419,1656.2883
target 29,DSC05356,1271.3755,1519.678
target 29,DSC05357,1182.8864,1488.2072
target 29,DSC05358,1108.8859,1932.6381
target 29,DSC05359,1059.521,1826.4424
target 29,DSC05360,1045.6721,1916.6544
target 29,DSC05361,948.958,2051.4016
target 29,DSC05362,1099.6211,2151.5691
target 29,DSC05363,1170.4373,2420.196
target 29,DSC05364,1827.4718,2409.7993
target 29,DSC05365,1852.9069,2379.0759
target 29,DSC05366,1904.3918,2062.8647
target 29,DSC05367,1881.1644,2178.2773
target 29,DSC05368,1909.9722,2235.4285
target 29,DSC05369,1938.9673,2257.7227
target 29,DSC05370,1980.6149,2176.6147
target 29,DSC05371,2000.1165,2154.3059
target 29,DSC05372,1757.2402,2748.4436
target 29,DSC05373,1675.1642,1818.7836
target 29,DSC05414,1873.5344,2519.5242
target 29,DSC05415,2137.6289,2711.0747
target 29,DSC05417,2291.7271,2704.48
target 29,DSC05418,2567.4019,2779.2224
target 29,DSC05419,2919.1292,2631.772
target 29,DSC05420,3326.1772,2639.7183
target 29,DSC05421,1833.3397,2923.3618
target 29,DSC05422,2295.6267,3079.5
target 29,DSC05423,2504.0696,3086.8347
target 29,DSC05424,2637.9038,3207.2395
target 29,DSC05425,2784.2483,3261.5469
target 29,DSC05426,3083.7119,3429.9272
target 29,DSC05427,3072.7998,3457.5251
target 29,DSC05428,3226.5396,3443.8796
target 29,DSC05429,3212.8215,3408.9062
target 29,DSC05430,3724.0798,3462.1877
target 29,DSC05431,3768.5,3176.9009
target 29,DSC05432,4390.7041,3290.0422
target 29,DSC05433,3359.1506,3039.2109
target 29,DSC05434,3406.8525,3064.7051
target 29,DSC05476,2237.0784,2980.1584
target 29,DSC05477,2548.2483,3020.5452
target 29,DSC05478,2848.2581,3184.8015
target 29,DSC05512,3808.0664,3075.4651
target 29,DSC05513,3797.8333,3115.3694
target 29,DSC05514,3548.3193,3149.5603
target 29,DSC05515,3439.0293,3203.2588
target 29,DSC05516,3543.4199,3220.1858
target 29,DSC05517,3413.7891,3220.7544
target 29,DSC05518,3375.429,3378.2515
target 29,DSC05519,3066.3901,3472.4084
target 29,DSC05520,2777.6099,3382.4817
target 30,DSC05196,4102.186,1716.6599
target 30,DSC05197,4107.9146,2176.9539
target 30,DSC05198,4109.2881,2095.606
target 30,DSC05199,4107.248,2311.1465
target 30,DSC05200,4092.1301,2397.4192
target 30,DSC05201,4107.5293,2419.4854
target 30,DSC05202,4133.9277,2275.5493
target 30,DSC05203,4175.4819,2006.5272
target 30,DSC05204,3583.0017,1495.2394
target 30,DSC05205,3643.2646,1836.134
target 30,DSC05207,3683.8555,2075.7656
target 30,DSC05248,3893.885,2319.5217
target 30,DSC05249,3838.6519,2284.0701
target 30,DSC05250,3314.8967,2306.0908
target 30,DSC05251,2455.8513,2304.0103
target 30,DSC05252,2438.7927,2318.1475
target 30,DSC05253,2581.0012,2316.1389
target 30,DSC05254,2493.4553,2356.0962
target 30,DSC05255,3080.4895,2855.5796
target 30,DSC05256,3080.4316,2369.1611
target 30,DSC05257,3119.707,2192.5581
target 30,DSC05258,3125.801,2183.8821
target 30,DSC05260,3147.8252,1969.1388
target 30,DSC05261,3154.1074,2270.8533
target 30,DSC05262,3140.7905,2029.9341
target 30,DSC05263,3143.2883,1653.4414
target 30,DSC05264,3158.1772,1451.6652
target 30,DSC05265,3113.8413,1912.3186
target 30,DSC05266,3079.4773,2353.7539
target 30,DSC05267,3150.3948,2106.3826
target 30,DSC05268,3111.5349,1331.698
target 30,DSC05269,3100.6304,1810.8103
target 30,DSC05270,3110.3208,1507.488
target 30,DSC05271,3140.186,1342.1033
target 30,DSC05272,3143.8059,1421.8252
target 30,DSC05327,3973.5603,2715.8977
target 30,DSC05328,4030.0525,2709.519
target 30,DSC05329,4254.4966,2743.7588
target 30,DSC05330,4005.4478,2744.3308
target 30,DSC05331,3968.45,2713.1992
target 30,DSC05332,3511.7715,2697.2661
target 30,DSC05333,3215.3811,2727.7793
target 30,DSC05334,3419.5115,2715.9441
target 30,DSC05335,3255.8416,2719.1497
target 30,DSC05336,3465.1494,2740.4299
target 30,DSC05337,3621.0134,2746.7634
target 30,DSC05338,3475.9836,2761.3665
target 30,DSC05339,3463.5637,2774.5413
target 30,DSC05340,3339.4421,2752.0398
target 30,DSC05341,2893.3687,2760.5894
target 30,DSC05342,3323.8271,2745.0767
target 30,DSC05343,3370.6309,2749.2969
target 30,DSC05344,3156.9895,2721.9126
target 30,DSC05345,3049.6506,2709.356
target 30,DSC05346,3024.7483,2706.2517
target 30,DSC05348,2783.7705,2655.7563
target 30,DSC05349,2607.3928,2625.1404
target 30,DSC05351,2289.4463,2298.0603
target 30,DSC05352,1205.8033,1750.2213
target 30,DSC05353,1479.236,1749.358
target 30,DSC05354,1460.4695,1509.9025
target 30,DSC05355,1490.5354,1661.9396
target 30,DSC05356,1421.3766,1527.0066
target 30,DSC05357,1339.1293,1497.2781
target 30,DSC05358,1270.3861,1945.8417
target 30,DSC05359,1225.4574,1840.9507
target 30,DSC05360,1214.6786,1933.6918
target 30,DSC05361,1125.7721,2071.0759
target 30,DSC05362,1267.593,2171.4956
target 30,DSC05363,1332.5314,2440.1521
target 30,DSC05364,1977.644,2430.5427
target 30,DSC05365,2000.7207,2399.6624
target 30,DSC05366,2048.0342,2079.144
target 30,DSC05367,2024.3864,2193.5657
target 30,DSC05368,2056.3835,2254.6135
target 30,DSC05369,2083.5229,2276.4802
target 30,DSC05370,2122.8008,2193.9348
target 30,DSC05371,2139.3247,2169.123
target 30,DSC05372,1913.0719,2771.6343
target 30,DSC05373,1839.8859,1831.4419
target 30,DSC05374,1898.7103,2404.4534
target 30,DSC05375,1913.3054,2625.2729
target 30,DSC05376,1868.6704,2515.8037
target 30,DSC05414,1861.4595,2338.4497
target 30,DSC05415,2133.9966,2525.0554
target 30,DSC05417,2293.6777,2517.4863
target 30,DSC05418,2580.5977,2589.9524
target 30,DSC05419,2944.5627,2444.8533
target 30,DSC05420,3365.5354,2452.8206
target 30,DSC05421,1826.9073,2797.3452
target 30,DSC05422,2294.9207,2949.1514
target 30,DSC05423,2508.4265,2955.9795
target 30,DSC05424,2646.5967,3071.843
target 30,DSC05425,2796.8931,3124.2454
target 30,DSC05426,3104.99,3287.9517
target 30,DSC05427,3095.4126,3313.7366
target 30,DSC05428,3253.4473,3298.4558
target 30,DSC05429,3240.8013,3262.6094
target 30,DSC05430,3760.8447,3313.9368
target 30,DSC05431,3802.6851,3038.7986
target 30,DSC05432,4436.792,3147.5632
target 30,DSC05433,3385.804,2901.9797
target 30,DSC05434,3435.6345,2925.5808
target 30,DSC05435,3723.9922,3094.2773
target 30,DSC05436,3607.3162,3071.8931
target 30,DSC05437,3840.3672,3165.4734
target 30,DSC05438,3999.9128,3300.3386
target 30,DSC05476,2233.2251,2835.8296
target 30,DSC05477,2557.0579,2871.887
target 30,DSC05478,2867.1116,3030.1414
target 30,DSC05504,3901.0642,2584.0513
target 30,DSC05505,3714.9504,2717.8875
target 30,DSC05506,3747.1895,2780.75
target 30,DSC05507,3758.2974,2833.1963
target 30,DSC05508,3816.7651,2923.0193
target 30,DSC05509,3482.5049,2950.6882
target 30,DSC05510,3540.3684,3172.0903
target 30,DSC05511,3691.9341,3222.4583
target 30,DSC05512,3840.4062,2969.7881
target 30,DSC05513,3830.0295,3010.3486
target 30,DSC05514,3574.1646,3044.6455
target 30,DSC05515,3462.0828,3098.7546
target 30,DSC05516,3568.6042,3117.0386
target 30,DSC05517,3435.0352,3117.8831
target 30,DSC05518,3396.2756,3276.6135
target 30,DSC05519,3079.3352,3371.2676
target 30,DSC05520,2782.113,3281.4634
target 30,DSC05521,2613.3813,3211.2983
target 30,DSC05522,2460.3745,3208.8364
target 30,DSC05523,2625.7524,3160.1646
target 30,DSC05524,2486.0657,3161.4014
target 30,DSC05525,2118.2429,3164.9014
target 31,DSC05196,4098.6494,1582.8871
target 31,DSC05197,4107.0352,2029.9242
target 31,DSC05198,4112.6582,1944.1202
target 31,DSC05199,4114.5059,2153.4312
target 31,DSC05200,4102.4683,2240.4197
target 31,DSC05201,4123.3784,2262.0459
target 31,DSC05202,4155.8071,2120.0261
target 31,DSC05203,4205.481,1849.8623
target 31,DSC05204,3619.0217,1340.5486
target 31,DSC05205,3688.8201,1683.3588
target 31,DSC05207,3736.541,1935.7023
target 31,DSC05208,3717.1812,2414.3062
target 31,DSC05210,3678.509,2643.8806
target 31,DSC05211,3661.6228,2668.3015
target 31,DSC05212,3653.6145,2530.6807
target 31,DSC05213,3652.0247,2369.5601
target 31,DSC05246,4078.2515,2419.9971
target 31,DSC05247,4003.8289,2397.0449
target 31,DSC05248,3734.5415,2281.3589
target 31,DSC05249,3651.5037,2253.3247
target 31,DSC05250,3123.3704,2286.3442
target 31,DSC05251,2282.5471,2294.1807
target 31,DSC05252,2292.1785,2320.3142
target 31,DSC05253,2445.6223,2323.7322
target 31,DSC05254,2380.6743,2365.4243
target 31,DSC05255,3059.9353,2950.4795
target 31,DSC05256,3058.6184,2469.1331
target 31,DSC05257,3096.3455,2316.6545
target 31,DSC05258,3103.95,2325.7466
target 31,DSC05260,3126.6028,2135.4675
target 31,DSC05261,3136.3015,2444.3318
target 31,DSC05262,3124.1924,2205.7986
target 31,DSC05263,3127.8855,1839.4614
target 31,DSC05264,3144.3767,1642.5797
target 31,DSC05265,3105.1812,2091.2756
target 31,DSC05266,3075.5583,2530.877
target 31,DSC05267,3147.5205,2295.614
target 31,DSC05268,3113.3096,1562.9707
target 31,DSC05269,3102.6335,1940.9332
target 31,DSC05270,3112.9893,1633.5238
target 31,DSC05271,3143.9468,1464.9677
target 31,DSC05272,3149.4639,1533.1289
target 31,DSC05273,3157.1553,1115.4901
target 31,DSC05274,3130.7319,1205.6594
target 31,DSC05275,3112.4966,1535.3817
target 31,DSC05276,3113.4631,1571.7435
target 31,DSC05277,3109.0,1539.5
target 31,DSC05278,3106.8333,1411.1892
target 31,DSC05322,3994.9707,2611.7942
target 31,DSC05323,4062.5779,2618.6558
target 31,DSC05324,4126.5225,2663.4819
target 31,DSC05325,3786.0625,2690.4155
target 31,DSC05326,3851.3459,2710.4185
target 31,DSC05327,3875.9949,2736.7231
target 31,DSC05328,3917.8777,2727.2786
target 31,DSC05329,4123.77,2759.5261
target 31,DSC05330,3862.2898,2758.3257
target 31,DSC05331,3817.9768,2722.6018
target 31,DSC05332,3351.5825,2708.3257
target 31,DSC05333,3039.8828,2738.0498
target 31,DSC05334,3242.8472,2718.9722
target 31,DSC05335,3077.0037,2720.2065
target 31,DSC05336,3280.8267,2737.8735
target 31,DSC05337,3430.4561,2739.0176
target 31,DSC05338,3281.8892,2748.0405
target 31,DSC05339,3268.645,2754.7664
target 31,DSC05340,3153.9622,2729.6235
target 31,DSC05341,2715.9858,2737.4263
target 31,DSC05342,3153.5544,2715.1855
target 31,DSC05343,3204.9321,2716.4185
target 31,DSC05344,3003.9915,2688.6836
target 31,DSC05345,2904.5,2676.5
target 31,DSC05346,2893.9836,2669.7744
target 31,DSC05348,2678.856,2616.5994
target 31,DSC05349,2517.0742,2586.5811
target 31,DSC05351,2329.1692,2213.8384
target 31,DSC05352,1270.7646,1656.9764
target 31,DSC05353,1541.5247,1657.4691
target 31,DSC05354,1517.7864,1406.3744
target 31,DSC05355,1546.4863,1551.7954
target 31,DSC05356,1473.3588,1399.4777
target 31,DSC05357,1387.3215,1353.8446
target 31,DSC05358,1319.0249,1785.9856
target 31,DSC05359,1261.2389,1666.692
target 31,DSC05360,1238.7401,1749.5933
target 31,DSC05361,1139.6155,1876.7311
target 31,DSC05362,1266.021,1991.79
target 31,DSC05363,1330.5657,2269.5657
target 31,DSC05364,1975.6724,2264.8333
target 31,DSC05365,2004.8651,2233.7139
target 31,DSC05366,2059.3455,1915.6316
target 31,DSC05367,2048.0093,2031.6227
target 31,DSC05368,2046.2759,2099.3386
target 31,DSC05369,2069.0481,2128.9443
target 31,DSC05370,2104.3403,2054.0293
target 31,DSC05371,2120.5703,2031.7332
target 31,DSC05372,1892.2158,2620.1233
target 31,DSC05373,1780.4286,1711.4009
target 31,DSC05374,1848.3103,2292.6025
target 31,DSC05375,1862.9948,2521.5925
target 31,DSC05376,1809.3495,2427.2756
target 31,DSC05377,1760.4485,2393.6909
target 31,DSC05378,1786.2518,2455.5864
target 31,DSC05380,1854.4602,2492.0959
target 31,DSC05414,1604.3632,2351.0957
target 31,DSC05415,1864.219,2557.8713
target 31,DSC05417,2028.7345,2559.7205
target 31,DSC05418,2315.6982,2635.3564
target 31,DSC05419,2701.6318,2494.4746
target 31,DSC05420,3131.6187,2502.4919
target 31,DSC05421,1719.9746,2736.5508
target 31,DSC05422,2172.9141,2882.9539
target 31,DSC05423,2377.4009,2892.252
target 31,DSC05424,2495.8418,3013.5156
target 31,DSC05425,2635.6243,3070.395
target 31,DSC05426,2922.8135,3239.9194
target 31,DSC05427,2906.0239,3279.5125
target 31,DSC05428,3062.7407,3283.3562
target 31,DSC05429,3053.3472,3262.9526
target 31,DSC05430,3574.7822,3316.998
target 31,DSC05431,3640.9438,3047.3032
target 31,DSC05432,4275.7959,3156.9529
target 31,DSC05433,3244.5178,2933.5281
target 31,DSC05434,3297.8181,2961.4136
target 31,DSC05435,3586.8059,3137.0349
target 31,DSC05436,3479.335,3121.6499
target 31,DSC05437,3716.4529,3219.7722
target 31,DSC05438,3896.7175,3376.5493
target 31,DSC05439,3980.4824,3255.6438
target 31,DSC05440,3909.0557,3093.8279
target 31,DSC05441,3942.9167,3116.0903
target 31,DSC05476,2011.7064,2819.3276
target 31,DSC05477,2330.2573,2899.5684
target 31,DSC05478,2646.7756,3095.5198
target 31,DSC05502,3843.623,2636.0347
target 31,DSC05503,3795.6414,2624.7627
target 31,DSC05504,3822.3403,2653.4719
target 31,DSC05505,3625.0166,2791.7583
target 31,DSC05506,3647.8081,2852.1311
target 31,DSC05507,3649.3494,2901.2563
target 31,DSC05508,3695.2673,2986.4409
target 31,DSC05509,3354.7344,3017.6531
target 31,DSC05510,3385.8918,3219.2378
target 31,DSC05511,3527.8088,3252.9634
target 31,DSC05512,3679.6294,2975.02
target 31,DSC05513,3665.6045,3008.6018
target 31,DSC05514,3407.9521,3039.9802
target 31,DSC05515,3292.5,3085.4209
target 31,DSC05516,3398.6809,3090.325
target 31,DSC05517,3266.9871,3084.5232
target 31,DSC05518,3224.1951,3231.9331
target 31,DSC05519,2905.0173,3328.0229
target 31,DSC05520,2616.6514,3235.522
target 31,DSC05521,2455.5483,3161.3857
target 31,DSC05522,2308.3076,3153.1453
target 31,DSC05523,2489.1597,3084.7424
target 31,DSC05524,2354.9673,3083.1821
target 31,DSC05525,1994.5769,3086.2197
target 32,DSC05197,4081.9431,1920.9969
target 32,DSC05198,4090.4458,1824.2587
target 32,DSC05199,4094.5847,2017.6653
target 32,DSC05200,4085.5,2097.5
target 32,DSC05201,4110.5605,2108.2451
target 32,DSC05202,4148.377,1958.0015
target 32,DSC05203,4204.5,1677.0441
target 32,DSC05204,3626.072,1162.7151
target 32,DSC05205,3702.042,1492.0225
target 32,DSC05207,3756.5469,1742.8687
target 32,DSC05208,3736.1453,2233.0735
target 32,DSC05210,3700.8362,2478.8237
target 32,DSC05211,3688.5908,2518.3381
target 32,DSC05212,3685.6438,2396.8596
target 32,DSC05213,3687.5427,2248.626
target 32,DSC05214,3679.73,2125.6553
target 32,DSC05215,3662.6401,2157.6238
target 32,DSC05216,3660.4231,2196.6692
target 32,DSC05245,3540.0466,2432.4207
target 32,DSC05246,3965.1196,2395.762
target 32,DSC05247,3850.3879,2380.1248
target 32,DSC05248,3538.0334,2275.624
target 32,DSC05249,3449.251,2257.9768
target 32,DSC05250,2948.8865,2300.8186
target 32,DSC05260,3113.0854,2245.8123
target 32,DSC05261,3124.8901,2565.4502
target 32,DSC05262,3113.9688,2336.2195
target 32,DSC05263,3118.5498,1993.1627
target 32,DSC05264,3136.3813,1807.9097
target 32,DSC05265,3102.2114,2256.8506
target 32,DSC05266,3076.8879,2704.3723
target 32,DSC05267,3149.6028,2489.0483
target 32,DSC05268,3116.7749,1824.4435
target 32,DSC05269,3112.5339,2110.9468
target 32,DSC05270,3123.3999,1806.4379
target 32,DSC05271,3156.0486,1643.0541
target 32,DSC05272,3164.1389,1705.6724
target 32,DSC05273,3172.3877,1285.4144
target 32,DSC05274,3146.0767,1361.0288
target 32,DSC05275,3129.4824,1676.5702
target 32,DSC05276,3131.9604,1703.3533
target 32,DSC05277,3128.7966,1656.7303
target 32,DSC05278,3127.8645,1515.4219
target 32,DSC05279,3107.3557,1543.8804
target 32,DSC05280,3100.3713,1269.3198
target 32,DSC05281,3090.6201,1568.9845
target 32,DSC05282,3090.4614,1628.152
target 32,DSC05283,3076.8105,1565.2878
target 32,DSC05320,4010.9482,2664.1404
target 32,DSC05321,4260.688,2641.5413
target 32,DSC05322,3917.1909,2644.407
target 32,DSC05323,3964.4158,2648.9419
target 32,DSC05324,4011.9189,2694.0447
target 32,DSC05325,3656.8733,2721.6289
target 32,DSC05326,3704.0371,2737.7566
target 32,DSC05327,3712.7712,2759.7065
target 32,DSC05328,3744.8894,2745.5535
target 32,DSC05329,3934.8127,2772.8875
target 32,DSC05330,3669.4211,2770.5771
target 32,DSC05331,3625.853,2729.6079
target 32,DSC05332,3157.6328,2716.1379
target 32,DSC05333,2839.1062,2745.0466
target 32,DSC05334,3050.4387,2717.5093
target 32,DSC05335,2888.8831,2717.8035
target 32,DSC05336,3094.616,2730.7908
target 32,DSC05337,3246.9683,2726.572
target 32,DSC05338,3107.571,2730.5664
target 32,DSC05339,3105.5281,2731.6965
target 32,DSC05340,3006.75,2705.03
target 32,DSC05341,2585.791,2712.6235
target 32,DSC05342,3034.8333,2686.1792
target 32,DSC05343,3095.012,2685.4426
target 32,DSC05344,2908.9873,2659.6519
target 32,DSC05345,2819.4319,2647.3105
target 32,DSC05357,1444.9595,1268.1013
target 32,DSC05358,1379.2628,1678.7465
target 32,DSC05359,1314.3881,1536.9615
target 32,DSC05360,1283.7914,1598.1
target 32,DSC05361,1178.729,1703.1666
target 32,DSC05362,1287.0596,1814.5404
target 32,DSC05363,1349.1689,2095.7576
target 32,DSC05364,1992.197,2096.3359
target 32,DSC05365,2026.729,2071.6704
target 32,DSC05366,2086.0442,1768.6869
target 32,DSC05367,2085.3271,1898.718
target 32,DSC05368,2052.7339,1932.8547
target 32,DSC05369,2069.9829,1964.3329
target 32,DSC05370,2099.8508,1892.7744
target 32,DSC05371,2114.5559,1874.4189
target 32,DSC05372,1891.5065,2440.605
target 32,DSC05373,1731.882,1535.6569
target 32,DSC05374,1810.5802,2125.6262
target 32,DSC05375,1825.4404,2359.9353
target 32,DSC05376,1758.913,2272.9758
target 32,DSC05377,1698.2828,2248.0598
target 32,DSC05378,1716.8745,2327.3875
target 32,DSC05379,1768.547,2365.1631
target 32,DSC05380,1776.0834,2402.2139
target 32,DSC05381,1810.2622,2365.106
target 32,DSC05382,1851.1016,2438.0117
target 32,DSC05414,1382.0035,2316.0334
target 32,DSC05415,1610.297,2534.5891
target 32,DSC05417,1767.7412,2546.677
target 32,DSC05418,2045.5732,2622.4058
target 32,DSC05419,2438.0603,2491.2852
target 32,DSC05420,2866.3213,2498.9458
target 32,DSC05424,2401.0349,2937.825
target 32,DSC05425,2525.3943,2996.1299
target 32,DSC05426,2783.6494,3163.613
target 32,DSC05427,2750.2947,3212.8296
target 32,DSC05428,2887.7593,3232.3987
target 32,DSC05429,2869.5156,3226.2112
target 32,DSC05430,3381.9016,3281.1145
target 32,DSC05431,3464.5071,3025.2375
target 32,DSC05432,4087.9709,3132.1619
target 32,DSC05433,3073.9587,2939.1262
target 32,DSC05434,3125.3989,2970.7847
target 32,DSC05435,3406.9229,3149.4666
target 32,DSC05436,3304.5493,3144.5193
target 32,DSC05437,3540.7896,3246.2166
target 32,DSC05438,3725.4888,3425.8213
target 32,DSC05439,3840.1145,3318.457
target 32,DSC05441,3848.7622,3196.4543
target 32,DSC05442,3667.8857,3055.47
target 32,DSC05443,3636.0,3002.2542
target 32,DSC05444,3447.6592,2953.709
target 32,DSC05445,3454.6357,2917.2593
target 32,DSC05476,1834.6938,2752.4382
target 32,DSC05477,2112.238,2870.9421
target 32,DSC05478,2404.8098,3100.7639
target 32,DSC05503,3671.4783,2678.0564
target 32,DSC05504,3692.0945,2701.7517
target 32,DSC05505,3485.4517,2840.4775
target 32,DSC05506,3500.7795,2894.7578
target 32,DSC05507,3495.646,2937.105
target 32,DSC05508,3532.7805,3012.687
target 32,DSC05509,3189.6057,3047.48
target 32,DSC05510,3208.0776,3219.342
target 32,DSC05511,3349.1328,3233.9246
target 32,DSC05512,3516.406,2938.2869
target 32,DSC05513,3503.3164,2964.5981
target 32,DSC05514,3249.4062,2993.3462
target 32,DSC05515,3138.5071,3029.2344
target 32,DSC05516,3250.175,3022.7744
target 32,DSC05517,3126.7886,3011.9189
target 32,DSC05518,3086.656,3146.116
target 32,DSC05519,2769.3298,3240.6575
target 32,DSC05520,2494.6785,3148.9592
target 32,DSC05521,2344.9167,3074.8206
target 32,DSC05522,2207.8386,3062.8628
target 33,DSC05197,3908.7634,1904.8379
target 33,DSC05198,3916.5437,1803.3579
target 33,DSC05199,3918.2458,1988.9237
target 33,DSC05200,3910.1182,2064.3662
target 33,DSC05201,3931.8762,2068.3713
target 33,DSC05202,3965.4338,1912.615
target 33,DSC05203,4012.5933,1625.8416
target 33,DSC05204,3436.6382,1102.2419
target 33,DSC05205,3494.7385,1423.1863
target 33,DSC05207,3539.948,1669.6575
target 33,DSC05208,3522.2373,2163.3628
target 33,DSC05210,3492.8218,2412.5225
target 33,DSC05211,3483.2451,2453.7097
target 33,DSC05212,3482.8164,2333.9905
target 33,DSC05213,3486.876,2187.2756
target 33,DSC05214,3483.1826,2068.4497
target 33,DSC05215,3469.4233,2104.5479
target 33,DSC05216,3469.4651,2148.6636
target 33,DSC05217,3430.8181,2504.7661
target 33,DSC05218,3422.9707,2561.197
target 33,DSC05219,3401.6116,2657.3481
target 33,DSC05220,3393.1084,2794.1748
target 33,DSC05243,3313.356,2614.8257
target 33,DSC05244,3084.1121,2609.2898
target 33,DSC05245,3497.8828,2607.6914
target 33,DSC05246,3914.8469,2582.9626
target 33,DSC05247,3792.2837,2573.6489
target 33,DSC05248,3473.8188,2488.6299
target 33,DSC05249,3389.8088,2476.647
target 33,DSC05250,2899.9226,2510.668
target 33,DSC05263,3304.1453,2019.6025
target 33,DSC05264,3325.4084,1839.3682
target 33,DSC05265,3285.25,2291.3098
target 33,DSC05266,3262.1313,2741.5562
target 33,DSC05267,3352.7952,2534.2668
target 33,DSC05268,3378.5388,1896.5471
target 33,DSC05269,3299.783,2165.8813
target 33,DSC05270,3317.2478,1865.5405
target 33,DSC05271,3361.8535,1707.2656
target 33,DSC05272,3373.2048,1770.3031
target 33,DSC05273,3386.252,1354.2137
target 33,DSC05274,3351.0085,1425.3566
target 33,DSC05275,3329.2812,1736.2517
target 33,DSC05276,3334.176,1762.1406
target 33,DSC05277,3331.2722,1712.9406
target 33,DSC05278,3333.7402,1570.5801
target 33,DSC05279,3302.6311,1591.877
target 33,DSC05280,3295.3909,1314.9542
target 33,DSC05281,3280.3401,1608.4426
target 33,DSC05282,3280.8914,1663.2295
target 33,DSC05283,3264.4746,1595.5759
target 33,DSC05319,3817.7344,2849.25
target 33,DSC05320,3971.8892,2862.564
target 33,DSC05321,4213.4272,2836.6526
target 33,DSC05322,3869.884,2835.3442
target 33,DSC05323,3911.6917,2840.1707
target 33,DSC05324,3953.9529,2894.0471
target 33,DSC05325,3598.3313,2924.1821
target 33,DSC05326,3642.2461,2941.2214
target 33,DSC05327,3647.3396,2964.6455
target 33,DSC05328,3678.3062,2948.3313
target 33,DSC05329,3865.0566,2979.9722
target 33,DSC05330,3602.488,2975.8042
target 33,DSC05331,3561.0894,2927.6233
target 33,DSC05332,3097.4402,2914.1836
target 33,DSC05333,2784.4844,2946.7053
target 33,DSC05334,2997.0986,2909.9802
target 33,DSC05335,2840.9946,2906.1802
target 33,DSC05336,3048.4443,2918.3972
target 33,DSC05337,3203.937,2912.7993
target 33,DSC05338,3071.1907,2916.0327
target 33,DSC05339,3075.6687,2915.8992
target 33,DSC05340,2984.5164,2883.7827
target 33,DSC05360,1122.9684,1570.9684
target 33,DSC05361,1009.1556,1665.9398
target 33,DSC05362,1120.5249,1769.2722
target 33,DSC05363,1187.5,2048.8733
target 33,DSC05364,1841.7609,2051.3696
target 33,DSC05365,1880.329,2029.921
target 33,DSC05366,1944.7924,1738.8099
target 33,DSC05367,1947.2797,1875.8983
target 33,DSC05368,1902.7061,1886.4504
target 33,DSC05369,1919.5818,1915.9424
target 33,DSC05370,1949.8358,1844.8395
target 33,DSC05371,1967.3881,1829.9788
target 33,DSC05372,1730.5459,2381.3379
target 33,DSC05373,1543.5176,1477.3267
target 33,DSC05374,1630.9604,2063.3474
target 33,DSC05375,1646.4834,2295.1243
target 33,DSC05376,1570.9263,2208.4236
target 33,DSC05377,1500.8862,2183.0688
target 33,DSC05378,1515.8629,2263.1628
target 33,DSC05379,1566.8759,2306.5034
target 33,DSC05380,1572.7246,2345.6016
target 33,DSC05381,1605.6008,2313.5571
target 33,DSC05415,1603.437,2709.3464
target 33,DSC05417,1749.292,2724.5134
target 33,DSC05418,2012.8093,2800.9312
target 33,DSC05419,2385.915,2671.4299
target 33,DSC05420,2793.8479,2679.3745
target 33,DSC05428,2846.2048,3364.97
target 33,DSC05429,2821.0022,3362.4373
target 33,DSC05430,3318.5,3418.2375
target 33,DSC05431,3402.3235,3159.2725
target 33,DSC05432,4006.0466,3267.3967
target 33,DSC05433,3014.0889,3080.0222
target 33,DSC05434,3060.9749,3114.4136
target 33,DSC05435,3332.0986,3298.2119
target 33,DSC05436,3233.6738,3296.8115
target 33,DSC05437,3464.2722,3402.095
target 33,DSC05438,3641.7615,3594.7522
target 33,DSC05439,3757.9075,3490.2021
target 33,DSC05440,3732.4392,3337.9871
target 33,DSC05441,3778.8916,3373.2878
target 33,DSC05442,3606.6819,3229.791
target 33,DSC05478,2358.7576,3243.3865
target 33,DSC05502,3661.1929,2817.1602
target 33,DSC05503,3609.7327,2799.4058
target 33,DSC05504,3629.2195,2820.9756
target 33,DSC05505,3424.6111,2958.9795
target 33,DSC05506,3438.4773,3010.9746
target 33,DSC05507,3432.78,3050.9744
target 33,DSC05508,3468.3682,3123.1045
target 33,DSC05509,3134.4658,3158.949
target 33,DSC05510,3153.3904,3319.8291
target 33,DSC05511,3293.8354,3328.7617
target 33,DSC05512,3464.2852,3029.8926
target 33,DSC05513,3453.9683,3054.4841
target 33,DSC05514,3208.9536,3082.5618
target 34,DSC05196,3821.3848,1570.479
target 34,DSC05197,3828.8276,1999.5085
target 34,DSC05198,3834.3477,1904.9102
target 34,DSC05199,3832.5378,2100.1311
target 34,DSC05200,3823.3079,2178.9238
target 34,DSC05201,3839.9717,2189.2344
target 34,DSC05202,3867.4888,2038.1722
target 34,DSC05203,3905.1682,1758.3986
target 34,DSC05204,3323.6162,1235.8721
target 34,DSC05205,3366.896,1565.308
target 34,DSC05207,3401.8901,1810.6072
target 34,DSC05208,3386.7224,2293.9822
target 34,DSC05210,3358.8164,2529.8274
target 34,DSC05211,3346.9131,2557.9988
target 34,DSC05212,3344.2727,2423.8796
target 34,DSC05213,3346.7559,2265.6765
target 34,DSC05214,3342.9568,2129.967
target 34,DSC05215,3330.4722,2152.4443
target 34,DSC05216,3330.1582,2179.9387
target 34,DSC05245,3525.0532,2730.02
target 34,DSC05246,3991.665,2708.1567
target 34,DSC05247,3903.4556,2697.5767
target 34,DSC05248,3622.3467,2616.4648
target 34,DSC05249,3546.6809,2600.8245
target 34,DSC05250,3039.0063,2623.3171
target 34,DSC05251,2222.2751,2621.3845
target 34,DSC05252,2264.2122,2646.4104
target 34,DSC05260,3416.0691,2149.9751
target 34,DSC05261,3429.3508,2462.9727
target 34,DSC05262,3413.6384,2235.3008
target 34,DSC05263,3420.7888,1891.6011
target 34,DSC05264,3442.6475,1703.7917
target 34,DSC05265,3392.1299,2156.4578
target 34,DSC05266,3364.4495,2600.9385
target 34,DSC05267,3463.4526,2380.3843
target 34,DSC05268,3518.2964,1699.0994
target 34,DSC05269,3390.9604,2039.2129
target 34,DSC05270,3411.793,1739.0348
target 34,DSC05271,3460.2207,1578.9729
target 34,DSC05272,3470.231,1647.2456
target 34,DSC05273,3484.8391,1235.9492
target 34,DSC05274,3444.2568,1318.4763
target 34,DSC05275,3417.5796,1639.3447
target 34,DSC05276,3421.4719,1673.8132
target 34,DSC05277,3416.8203,1636.835
target 34,DSC05278,3419.2444,1506.2273
target 34,DSC05324,4025.6787,2968.5112
target 34,DSC05325,3683.8489,2999.8582
target 34,DSC05326,3742.6843,3021.7588
target 34,DSC05327,3760.5664,3050.4614
target 34,DSC05328,3799.6753,3038.354
target 34,DSC05329,3998.2102,3077.3203
target 34,DSC05330,3742.0583,3074.9443
target 34,DSC05331,3701.3159,3028.6248
target 34,DSC05332,3242.8171,3013.7314
target 34,DSC05333,2938.2898,3050.5701
target 34,DSC05334,3144.7471,3016.3103
target 34,DSC05335,2987.2788,3013.3333
target 34,DSC05336,3194.5698,3029.4241
target 34,DSC05337,3349.5674,3030.0107
target 34,DSC05338,3212.5996,3037.8223
target 34,DSC05339,3210.75,3043.3044
target 34,DSC05340,3109.2351,3009.2864
target 34,DSC05341,2689.0891,3014.5298
target 34,DSC05342,3130.1958,2986.5059
target 34,DSC05343,3187.3611,2986.875
target 34,DSC05361,879.0463,1806.2268
target 34,DSC05362,1009.5551,1908.1653
target 34,DSC05363,1081.4261,2183.2739
target 34,DSC05364,1744.9,2180.9341
target 34,DSC05365,1779.9607,2155.7983
target 34,DSC05366,1841.9845,1857.7112
target 34,DSC05367,1835.6194,1986.6119
target 34,DSC05368,1815.7439,2013.422
target 34,DSC05369,1838.0269,2040.1586
target 34,DSC05370,1874.093,1966.3191
target 34,DSC05371,1894.246,1949.8915
target 34,DSC05372,1645.3513,2512.5271
target 34,DSC05373,1492.6324,1606.8014
target 34,DSC05374,1573.5199,2181.3855
target 34,DSC05375,1589.355,2406.8989
target 34,DSC05376,1522.1482,2313.6296
target 34,DSC05377,1459.4845,2280.6086
target 34,DSC05429,2961.0796,3466.855
target 34,DSC05430,3458.2244,3522.9358
target 34,DSC05431,3527.7297,3249.2827
target 34,DSC05432,4130.1836,3360.675
target 34,DSC05433,3136.0349,3147.449
target 34,DSC05434,3181.9575,3179.4543
target 34,DSC05435,3454.0959,3362.2466
target 34,DSC05436,3352.3906,3353.2153
target 34,DSC05437,3581.2185,3456.6482
target 35,DSC05196,3948.9609,1584.5111
target 35,DSC05197,3956.8152,2030.8217
target 35,DSC05198,3961.8225,1944.4763
target 35,DSC05199,3961.3289,2152.7146
target 35,DSC05200,3950.428,2239.0146
target 35,DSC05201,3968.3564,2259.8401
target 35,DSC05202,3997.0869,2117.1763
target 35,DSC05203,4039.0479,1846.578
target 35,DSC05204,3454.6606,1332.5223
target 35,DSC05205,3508.6335,1675.8988
target 35,DSC05207,3548.0732,1928.4459
target 35,DSC05208,3531.4609,2409.3767
target 35,DSC05210,3498.0369,2640.7061
target 35,DSC05211,3482.7769,2665.1619
target 35,DSC05212,3476.1191,2526.415
target 35,DSC05213,3475.6711,2364.4377
target 35,DSC05214,3467.4729,2221.1323
target 35,DSC05246,4080.5415,2584.7581
target 35,DSC05247,4005.4915,2566.8828
target 35,DSC05248,3733.5818,2467.1316
target 35,DSC05249,3650.5066,2443.8247
target 35,DSC05250,3117.8083,2469.3662
target 35,DSC05251,2268.0596,2470.6597
target 35,DSC05252,2279.7297,2494.7144
target 35,DSC05253,2435.062,2499.0103
target 35,DSC05254,2370.5186,2532.3611
target 35,DSC05255,3203.9753,2941.541
target 35,DSC05256,3205.5442,2462.0662
target 35,DSC05257,3256.8953,2309.7185
target 35,DSC05258,3269.3508,2319.0708
target 35,DSC05260,3301.5696,2129.8342
target 35,DSC05261,3313.1362,2437.5708
target 35,DSC05262,3298.3025,2200.5437
target 35,DSC05263,3303.7461,1837.245
target 35,DSC05264,3323.0139,1640.8512
target 35,DSC05265,3274.7178,2089.0806
target 35,DSC05266,3244.7566,2527.4531
target 35,DSC05267,3332.6624,2293.5037
target 35,DSC05268,3354.0024,1566.2614
target 35,DSC05269,3266.687,1942.5731
target 35,DSC05270,3283.3101,1636.5791
target 35,DSC05271,3323.6765,1469.0652
target 35,DSC05272,3330.5054,1537.0591
target 35,DSC05273,3342.1304,1121.7017
target 35,DSC05274,3306.8762,1211.1931
target 35,DSC05275,3282.5378,1539.2698
target 35,DSC05276,3284.3179,1575.9661
target 35,DSC05277,3278.762,1543.6979
target 35,DSC05323,4057.3635,2778.0
target 35,DSC05324,4120.5063,2831.0
target 35,DSC05325,3781.8779,2860.5186
target 35,DSC05326,3847.1204,2884.033
target 35,DSC05327,3870.875,2914.0249
target 35,DSC05328,3911.8967,2905.176
target 35,DSC05329,4116.771,2943.6592
target 35,DSC05330,3857.6809,2942.9954
target 35,DSC05331,3812.7939,2902.5957
target 35,DSC05332,3348.4541,2887.6396
target 35,DSC05333,3039.6343,2922.3596
target 35,DSC05334,3240.7371,2896.6331
target 35,DSC05335,3076.2527,2895.6748
target 35,DSC05336,3280.3813,2914.325
target 35,DSC05337,3430.3926,2917.137
target 35,DSC05338,3282.8403,2926.9275
target 35,DSC05339,3270.2236,2934.77
target 35,DSC05340,3156.7708,2904.3884
target 35,DSC05341,2722.3247,2910.5916
target 35,DSC05342,3157.6033,2885.6675
target 35,DSC05343,3208.9736,2886.9502
target 35,DSC05344,3009.4106,2854.4175
target 35,DSC05345,2910.5989,2839.2034
target 35,DSC05346,2900.6892,2831.5315
target 35,DSC05348,2685.4856,2773.1572
target 35,DSC05355,1403.1888,1556.0927
target 35,DSC05356,1324.4081,1403.9163
target 35,DSC05357,1232.4166,1358.0614
target 35,DSC05358,1158.6464,1788.3014
target 35,DSC05359,1097.0575,1668.9927
target 35,DSC05360,1071.6519,1750.3273
target 35,DSC05361,964.9289,1875.9109
target 35,DSC05362,1100.5292,1989.2421
target 35,DSC05363,1170.9883,2266.0247
target 35,DSC05364,1827.7435,2260.9058
target 35,DSC05365,1859.1476,2229.8945
target 35,DSC05366,1917.2646,1915.7778
target 35,DSC05367,1906.1123,2032.5748
target 35,DSC05368,1902.1146,2095.717
target 35,DSC05369,1926.9369,2125.0276
target 35,DSC05370,1964.8669,2050.7627
target 35,DSC05371,1984.0017,2030.6438
target 35,DSC05372,1739.3295,2611.9683
target 35,DSC05373,1619.9244,1710.8987
target 35,DSC05374,1691.8617,2286.4717
target 35,DSC05375,1707.3594,2513.3174
target 35,DSC05376,1650.1553,2419.5339
target 35,DSC05377,1597.5594,2386.198
target 35,DSC05414,1647.3549,2528.7864
target 35,DSC05415,1900.314,2739.4194
target 35,DSC05417,2059.0037,2741.4639
target 35,DSC05418,2335.2812,2818.5588
target 35,DSC05419,2706.1831,2675.3604
target 35,DSC05420,3121.2092,2683.3394
target 35,DSC05422,2185.6182,3015.5908
target 35,DSC05423,2386.4592,3024.9353
target 35,DSC05424,2502.9727,3150.0076
target 35,DSC05425,2639.9805,3208.803
target 35,DSC05426,2921.5276,3382.9656
target 35,DSC05427,2904.1423,3423.8101
target 35,DSC05428,3056.7153,3427.55
target 35,DSC05429,3045.7808,3407.0234
target 35,DSC05430,3558.5085,3462.929
target 35,DSC05431,3624.3169,3183.0557
target 35,DSC05432,4247.3188,3296.5312
target 35,DSC05433,3233.157,3067.314
target 35,DSC05434,3283.8596,3096.9683
target 35,DSC05435,3567.1218,3277.4514
target 35,DSC05436,3463.1294,3262.0366
target 35,DSC05437,3697.2351,3362.9309
target 35,DSC05438,3874.6523,3525.8713
target 35,DSC05476,2041.8225,2962.8779
target 35,DSC05477,2348.3613,3044.2573
target 35,DSC05478,2654.7073,3242.2646
target 35,DSC05505,3611.9902,2896.147
target 35,DSC05506,3633.9309,2957.0366
target 35,DSC05507,3635.1594,3006.1377
target 35,DSC05508,3679.3618,3091.3552
target 35,DSC05509,3347.2439,3122.7439
target 35,DSC05510,3376.8645,3324.2188
target 35,DSC05511,3516.2039,3357.5583
target 35,DSC05512,3665.7683,3078.5781
target 35,DSC05513,3652.4854,3112.3252
target 35,DSC05514,3401.0171,3144.1245
target 35,DSC05515,3288.6772,3189.6724
target 35,DSC05516,3393.0154,3194.6582
target 35,DSC05517,3264.8481,3188.8315
target 35,DSC05518,3223.1821,3336.0261
target 35,DSC05519,2912.1208,3431.7354
target 35,DSC05521,2473.0916,3265.0
target 36,DSC05208,5782.5,1302.2969
target 36,DSC05210,5753.332,1562.1034
target 36,DSC05211,5813.0908,1621.553
target 36,DSC05212,5906.5664,1540.5764
target 36,DSC05220,5881.3545,2580.7161
target 36,DSC05243,3229.3936,452.3197
target 36,DSC05246,3223.3728,555.5409
target 36,DSC05247,3034.6775,646.1627
target 36,DSC05269,1201.6411,3040.2676
target 36,DSC05270,1134.9894,2763.5881
target 36,DSC05271,1030.4913,2654.729
target 36,DSC05272,975.8043,2738.1633
target 36,DSC05273,934.7937,2314.0583
target 36,DSC05274,989.9593,2335.061
target 36,DSC05275,992.7839,2622.6614
target 36,DSC05276,941.0649,2633.3542
target 36,DSC05277,910.9481,2541.5444
target 36,DSC05278,845.8925,2353.8408
target 36,DSC05279,927.3694,2250.3674
target 36,DSC05280,914.3852,1891.4592
target 36,DSC05281,947.0217,2117.0613
target 36,DSC05282,914.8649,2090.9797
target 36,DSC05283,926.5221,1928.489
target 36,DSC05284,921.8735,1664.5579
target 36,DSC05285,915.43,1375.6597
target 36,DSC05286,963.6403,1422.1223
target 36,DSC05317,3952.9824,501.8415
target 36,DSC05318,3646.0459,532.9977
target 36,DSC05319,3543.5701,543.9041
target 36,DSC05320,3568.4548,558.2
target 36,DSC05321,3699.1426,584.1685
target 36,DSC05322,3249.9187,655.1686
target 36,DSC05323,3214.7705,660.6603
target 36,DSC05324,3181.1382,614.1115
target 36,DSC05325,2751.7712,619.252
target 36,DSC05326,2751.0686,638.0201
target 36,DSC05327,2734.2153,642.5046
target 36,DSC05328,2767.6299,649.8842
target 36,DSC05329,2927.7673,638.2879
target 36,DSC05330,2664.6157,652.6
target 36,DSC05331,2674.4456,682.9982
target 36,DSC05332,2192.7844,661.7543
target 36,DSC05333,1862.5973,656.0244
target 36,DSC05334,2178.2651,734.0909
target 36,DSC05368,3855.4514,1146.0695
target 36,DSC05369,3844.2073,1159.4447
target 36,DSC05370,3839.4697,1071.798
target 36,DSC05371,3800.1868,1055.2087
target 36,DSC05372,3815.8374,1564.6301
target 36,DSC05373,3796.8005,349.7791
target 36,DSC05374,3810.1353,1089.1987
target 36,DSC05375,3814.6763,1367.0491
target 36,DSC05376,3798.8125,1239.7286
target 36,DSC05377,3802.6299,1192.1748
target 36,DSC05378,3830.5762,1342.5562
target 36,DSC05379,3836.9094,1516.1417
target 36,DSC05380,3842.6465,1597.7295
target 36,DSC05381,3863.5413,1672.2063
target 36,DSC05382,3869.5974,1878.4688
target 36,DSC05383,3872.5564,2007.2782
target 36,DSC05384,3863.6104,2559.1067
target 36,DSC05385,3856.2839,2568.7161
target 36,DSC05386,3858.7104,2430.4956
target 36,DSC05387,3860.1292,2442.2808
target 36,DSC05388,3855.7285,2342.8743
target 36,DSC05389,3853.4866,2416.125
target 36,DSC05390,3854.8152,2404.6938
target 36,DSC05431,2708.2056,1076.1666
target 36,DSC05432,3371.325,1095.1617
target 36,DSC05433,2185.6382,1047.4249
target 36,DSC05434,2227.6194,1038.6064
target 36,DSC05435,2496.0693,1115.4744
target 36,DSC05436,2349.6616,1153.2771
target 36,DSC05437,2590.031,1216.9399
target 36,DSC05438,2718.5552,1312.2654
target 36,DSC05439,2995.6438,1311.1099
target 36,DSC05440,3096.907,1314.4633
target 36,DSC05441,3199.8721,1336.9253
target 36,DSC05442,3103.1638,1281.2178
target 36,DSC05443,3135.011,1268.923
target 36,DSC05444,3017.3616,1258.8077
target 36,DSC05445,3119.8206,1257.6343
target 36,DSC05447,3506.8218,1156.1863
target 36,DSC05448,3538.7607,1096.1743
target 36,DSC05449,3604.949,1055.9821
target 36,DSC05450,3420.071,975.2016
target 36,DSC05451,3856.0825,980.3218
target 36,DSC05452,3643.647,1022.6469
target 36,DSC05453,4148.6069,1087.3931
target 36,DSC05488,3828.1794,1676.047
target 36,DSC05489,3625.957,1706.9973
target 36,DSC05490,3569.2334,1712.1866
target 36,DSC05491,3325.2812,1692.6017
target 36,DSC05492,3167.9465,1663.1411
target 36,DSC05493,3137.0266,1635.0739
target 36,DSC05494,2970.2434,1598.6232
target 36,DSC05495,3074.0867,1568.4915
target 36,DSC05496,3056.9485,1558.7346
target 36,DSC05497,2969.7229,1567.1044
target 36,DSC05498,3009.7732,1538.7267
target 36,DSC05499,2911.7168,1476.4779
target 36,DSC05500,2978.4626,1405.25
target 36,DSC05501,2835.9751,1388.8542
target 36,DSC05502,2952.5596,1289.8392
target 36,DSC05503,2875.2629,1259.4126
target 36,DSC05504,2884.7144,1254.9885
target 36,DSC05505,2559.4463,1354.7791
target 36,DSC05506,2558.4121,1365.7133
target 36,DSC05507,2536.2246,1366.4869
target 36,DSC05508,2562.7383,1377.969
target 36,DSC05509,2087.8567,1416.4158
target 36,DSC05510,2152.0813,1436.8954
target 36,DSC05511,2387.1328,1387.3395
target 36,DSC05512,2762.2861,1137.3646
target 36,DSC05513,2768.6741,1137.9229
target 36,DSC05514,2483.7734,1157.6466
target 43,DSC05199,5916.0391,1715.4581
target 43,DSC05200,5917.9043,1774.2513
target 43,DSC05263,884.5447,2373.417
target 43,DSC05264,865.0768,2223.895
target 43,DSC05265,880.6517,2697.1223
target 43,DSC05266,797.0673,3204.041
target 43,DSC05267,652.5256,3037.1616
target 43,DSC05330,3124.9507,198.0493
target 43,DSC05331,3107.7666,239.5933
target 43,DSC05332,2610.0161,211.6759
target 43,DSC05333,2260.1011,188.0581
target 43,DSC05334,2535.7952,287.4304
target 43,DSC05335,2386.7439,339.289
target 43,DSC05336,2602.823,370.5752
target 43,DSC05337,2776.613,372.9887
target 43,DSC05338,2669.8193,386.75
target 43,DSC05339,2708.2542,399.6526
target 43,DSC05340,2647.8975,458.1483
target 43,DSC05357,3528.0564,1077.9473
target 43,DSC05358,3543.1646,1449.0116
target 43,DSC05359,3549.6643,1238.0132
target 43,DSC05360,3579.4116,1241.9021
target 43,DSC05361,3594.8777,1290.6306
target 43,DSC05362,3593.6169,1379.9
target 43,DSC05363,3568.0212,1669.6133
target 43,DSC05364,4209.0503,1649.9673
target 43,DSC05365,4199.6455,1655.6244
target 43,DSC05366,4184.3262,1372.152
target 43,DSC05367,4161.9497,1553.4313
target 43,DSC05368,4225.8657,1471.5105
target 43,DSC05369,4211.4277,1501.6306
target 43,DSC05370,4201.6099,1422.1974
target 43,DSC05371,4155.0908,1389.5739
target 43,DSC05372,4218.9175,1962.9479
target 43,DSC05373,4269.5308,872.2754
target 43,DSC05374,4258.8452,1582.8009
target 43,DSC05375,4259.5332,1862.6594
target 43,DSC05376,4267.0093,1762.1199
target 43,DSC05422,1863.4713,641.0129
target 43,DSC05423,2063.6653,641.316
target 43,DSC05424,2100.0134,667.1644
target 43,DSC05425,2202.155,683.8513
target 43,DSC05426,2432.8545,702.1044
target 43,DSC05427,2333.6072,706.1924
target 43,DSC05428,2433.9753,707.4565
target 43,DSC05429,2379.2988,686.8865
target 43,DSC05430,2970.1135,700.1078
target 43,DSC05431,3106.3376,698.5189
target 43,DSC05432,3857.1099,706.3276
target 43,DSC05433,2620.9602,649.3984
target 43,DSC05434,2694.5798,628.8716
target 43,DSC05435,3018.0752,679.2421
target 43,DSC05436,2869.7407,708.291
target 43,DSC05437,3138.6636,757.4293
target 43,DSC05438,3341.0144,787.5022
target 43,DSC05501,3314.5447,879.5402
target 43,DSC05502,3448.0332,832.8543
target 43,DSC05503,3365.3096,816.1707
target 43,DSC05504,3378.2935,823.3347
target 43,DSC05505,3059.5986,912.6404
target 43,DSC05506,3063.1541,933.8877
target 43,DSC05507,3040.0996,945.2289
target 43,DSC05508,3070.1128,968.9887
target 43,DSC05509,2565.1262,996.6439
target 43,DSC05510,2591.6404,1067.5184
target 43,DSC05511,2802.874,1047.5725
target 43,DSC05512,3121.8701,837.2433
target 43,DSC05513,3108.3562,844.7364
target 43,DSC05514,2778.6519,868.6985
target 43,DSC05515,2644.8591,876.946
target 43,DSC05516,2825.2776,855.8286
target 43,DSC05517,2686.8125,850.8289
target 43,DSC05518,2642.8645,914.2483
target 43,DSC05519,2201.8918,976.5664
target 43,DSC05520,1880.0226,934.9294
target 43,DSC05521,1724.6267,893.9898
target 43,DSC05522,1579.9307,888.5767
target 43,DSC05523,1944.2683,819.9539
target 43,DSC05524,1803.7653,819.0285
target 43,DSC05525,1375.1077,827.4716
target 44,DSC05229,2947.8535,1066.4639
target 44,DSC05230,2964.4136,985.3148
target 44,DSC05231,2964.6194,1394.261
target 44,DSC05232,2974.4917,1717.5105
target 44,DSC05233,2984.5745,1697.7745
target 44,DSC05234,2984.3818,2188.1614
target 44,DSC05235,2991.6399,2217.0471
target 44,DSC05236,2833.8459,3017.1025
target 44,DSC05237,2892.9407,3039.9365
target 44,DSC05238,2338.3613,3025.6099
target 44,DSC05239,2252.7974,3026.4956
target 44,DSC05298,4038.0259,2529.7231
target 44,DSC05299,4063.7356,2520.3838
target 44,DSC05300,4072.3154,2538.8896
target 44,DSC05301,4081.4319,2295.6248
target 44,DSC05302,4076.105,2254.967
target 44,DSC05303,4066.2227,2125.8301
target 44,DSC05304,3965.4822,1967.3688
target 44,DSC05305,3240.8384,3385.9048
target 44,DSC05306,3230.9602,3423.7161
target 44,DSC05307,3117.156,3442.3723
target 44,DSC05308,3011.3516,3436.7114
target 44,DSC05309,3085.3945,3398.4116
target 44,DSC05310,2966.0547,3395.8909
target 44,DSC05311,2398.8115,3413.1338
target 44,DSC05397,1068.1952,1317.5481
target 44,DSC05398,1033.5516,1423.1198
target 44,DSC05399,1030.1984,1640.6984
target 44,DSC05400,1018.2679,1756.5072
target 44,DSC05401,1029.3219,1977.405
target 44,DSC05402,917.5533,1987.5787
target 44,DSC05403,796.0786,1950.7511
target 44,DSC05404,744.2004,2099.9109
target 44,DSC05405,3944.8167,3389.8291
target 44,DSC05406,4082.9277,3212.9951
target 44,DSC05408,4648.5283,2721.7104
target 44,DSC05409,4120.6489,2978.23
target 44,DSC05410,3636.2849,2592.1836
target 44,DSC05411,3486.4143,2618.0063
target 44,DSC05412,2985.2715,2773.7571
target 44,DSC05413,3010.9619,2839.5457
target 44,DSC05456,2932.1299,3587.8247
target 44,DSC05457,2883.4219,3593.2659
target 44,DSC05458,3089.9243,3613.2385
target 44,DSC05459,3202.198,3927.5769
target 44,DSC05460,3243.2905,3865.2466
target 44,DSC05461,3462.3472,3789.677
target 44,DSC05462,3328.2578,3759.2896
target 44,DSC05463,4009.8896,3585.6382
target 44,DSC05464,3885.6121,3708.0762
target 44,DSC05465,3437.1206,3561.1667
target 44,DSC05466,3451.9714,3570.4404
target 44,DSC05469,2792.1572,3820.3699
target 44,DSC05472,2803.1191,3817.8174
target 44,DSC05473,3005.9443,3726.7986
target 44,DSC05474,3590.6299,3518.0498
target 44,DSC05475,3630.679,3551.2263
target 45,DSC05196,5487.8589,1324.9823
target 45,DSC05197,5518.2236,1762.3405
target 45,DSC05198,5547.0298,1672.703
target 45,DSC05199,5586.7427,1886.2864
target 45,DSC05200,5577.4951,1982.16
target 45,DSC05201,5651.6567,2013.3838
target 45,DSC05202,5750.3262,1880.0264
target 45,DSC05203,5913.2988,1611.6482
target 45,DSC05204,5230.3208,1161.1276
target 45,DSC05249,3384.3135,606.4105
target 45,DSC05250,2885.4829,737.22
target 45,DSC05251,2134.5842,830.3915
target 45,DSC05254,2279.2866,1043.4734
target 45,DSC05255,1684.5237,3211.364
target 45,DSC05256,1663.8096,2723.2917
target 45,DSC05257,1562.2111,2611.4023
target 45,DSC05258,1512.6149,2648.5408
target 45,DSC05260,1425.9777,2489.6074
target 45,DSC05261,1408.1338,2822.4353
target 45,DSC05262,1418.095,2572.3157
target 45,DSC05263,1392.5905,2192.8804
target 45,DSC05264,1380.3052,2001.0487
target 45,DSC05265,1407.283,2430.8984
target 45,DSC05266,1362.0973,2879.884
target 45,DSC05267,1261.6854,2655.4109
target 45,DSC05268,488.657,1967.1788
target 45,DSC05269,1423.3657,2143.375
target 45,DSC05270,1367.3334,1813.4445
target 45,DSC05271,1289.0714,1625.2943
target 45,DSC05328,3802.5725,930.8967
target 45,DSC05329,3975.5886,891.1962
target 45,DSC05330,3675.5212,894.2676
target 45,DSC05331,3619.2468,907.1299
target 45,DSC05332,3101.9915,882.6051
target 45,DSC05333,2732.5457,866.1139
target 45,DSC05334,2950.0864,919.7732
target 45,DSC05335,2766.9434,955.569
target 45,DSC05336,2955.1321,969.0351
target 45,DSC05337,3090.2715,959.0897
target 45,DSC05338,2925.3018,964.2471
target 45,DSC05339,2903.9395,967.7426
target 45,DSC05340,2793.415,1006.165
target 45,DSC05341,2345.4368,1031.2645
target 45,DSC05342,2807.824,1049.6089
target 45,DSC05343,2866.6965,1054.9911
target 45,DSC05344,2680.9504,1085.8146
target 45,DSC05345,2589.7344,1101.8986
target 45,DSC05346,2598.8579,1110.8074
target 45,DSC05348,2422.0315,1110.6256
target 45,DSC05349,2281.5449,1129.573
target 45,DSC05350,2102.2605,1154.0775
target 45,DSC05351,3729.7896,2031.3896
target 45,DSC05352,2708.9231,1437.0865
target 45,DSC05353,2953.543,1429.012
target 45,DSC05354,2945.4829,1156.0149
target 45,DSC05355,2973.2632,1303.8918
target 45,DSC05356,2957.2024,1121.4031
target 45,DSC05357,2933.0251,1048.7968
target 45,DSC05358,2922.6943,1473.3679
target 45,DSC05359,2903.0139,1328.2142
target 45,DSC05360,2909.7268,1408.084
target 45,DSC05361,2884.8042,1533.0492
target 45,DSC05362,2911.2424,1695.6179
target 45,DSC05363,2913.312,1999.2711
target 45,DSC05364,3526.9111,1995.9156
target 45,DSC05365,3534.0833,1961.9075
target 45,DSC05366,3547.6975,1605.6659
target 45,DSC05367,3537.0535,1717.1427
target 45,DSC05368,3552.7324,1848.8525
target 45,DSC05369,3548.2671,1900.1136
target 45,DSC05370,3549.8796,1833.8971
target 45,DSC05371,3526.9128,1794.5825
target 45,DSC05372,3492.1104,2426.4058
target 45,DSC05373,3450.8264,1506.3882
target 45,DSC05374,3474.2039,2165.6255
target 45,DSC05375,3480.4485,2437.623
target 45,DSC05376,3457.8396,2367.5237
target 45,DSC05421,1324.1765,1286.95
target 45,DSC05422,1785.1434,1364.3579
target 45,DSC05423,2012.9507,1369.4601
target 45,DSC05424,2110.8943,1439.0339
target 45,DSC05425,2257.0964,1475.4963
target 45,DSC05426,2566.7537,1563.6425
target 45,DSC05427,2540.2947,1593.708
target 45,DSC05428,2740.5642,1611.0902
target 45,DSC05429,2756.8237,1602.9713
target 45,DSC05430,3386.3218,1638.8757
target 45,DSC05431,3509.3623,1522.7924
target 45,DSC05432,4293.1558,1582.2687
target 45,DSC05433,3103.75,1461.5021
target 45,DSC05434,3196.5471,1467.9402
target 45,DSC05435,3555.1353,1577.6656
target 45,DSC05436,3428.2551,1584.5961
target 45,DSC05437,3714.3342,1654.25
target 45,DSC05438,3982.6152,1747.8483
target 45,DSC05476,1063.5522,870.9517
target 45,DSC05477,1514.063,951.9697
target 45,DSC05478,1969.8955,1125.934
target 45,DSC05501,3824.6812,1538.1443
target 45,DSC05502,3956.9932,1527.6981
target 45,DSC05503,3879.6091,1516.1387
target 45,DSC05504,3895.0864,1538.891
target 45,DSC05505,3627.8799,1662.3876
target 45,DSC05506,3636.1167,1711.2855
target 45,DSC05507,3616.2476,1749.4333
target 45,DSC05508,3647.2336,1816.1803
target 45,DSC05509,3191.1235,1850.4104
target 45,DSC05510,3165.4614,2009.209
target 45,DSC05511,3314.3081,2015.8837
target 45,DSC05512,3505.7373,1735.4841
target 45,DSC05513,3470.8904,1755.213
target 45,DSC05514,3134.0166,1783.0973
target 45,DSC05515,2969.9287,1809.5524
target 45,DSC05516,3096.2786,1794.0704
target 45,DSC05517,2925.5808,1782.3129
target 45,DSC05518,2852.9875,1893.3038
target 45,DSC05519,2428.562,1984.2286
target 45,DSC05520,2076.2578,1904.1643
target 45,DSC05521,1888.4625,1836.5764
target 45,DSC05522,1710.9556,1823.8086
target 45,DSC05523,1976.2172,1732.1007
target 45,DSC05524,1817.3561,1727.7668
target 45,DSC05525,1377.8823,1733.6067
target 46,DSC05204,3049.9563,745.4709
target 46,DSC05205,3068.6794,960.468
target 46,DSC05207,3095.7512,1114.9924
target 46,DSC05208,3084.3591,1574.4766
target 46,DSC05210,3068.3186,1791.8407
target 46,DSC05211,3067.3157,1798.1271
target 46,DSC05212,3079.2273,1650.3712
target 46,DSC05213,3094.5181,1486.5327
target 46,DSC05214,3107.5884,1359.3905
target 46,DSC05215,3106.9773,1402.9948
target 46,DSC05216,3117.5215,1456.4679
target 46,DSC05217,3089.0786,1861.2701
target 46,DSC05218,3091.1462,1943.6423
target 46,DSC05219,3082.261,2080.0696
target 46,DSC05220,3080.9836,2256.9373
target 46,DSC05221,3072.8989,2273.8389
target 46,DSC05222,3071.0759,1911.3544
target 46,DSC05243,2801.1543,2909.8135
target 46,DSC05244,2502.0496,2906.0496
target 46,DSC05245,2871.5466,2928.8501
target 46,DSC05246,3271.5315,2945.6843
target 46,DSC05247,3200.3828,2956.7522
target 46,DSC05248,3006.2908,2920.3953
target 46,DSC05265,3500.7898,2415.5466
target 46,DSC05266,3486.4023,2915.4548
target 46,DSC05267,3590.7458,2768.0867
target 46,DSC05268,3638.0874,2318.0959
target 46,DSC05269,3564.6228,2601.9492
target 46,DSC05270,3590.6335,2346.2939
target 46,DSC05271,3650.1843,2244.1545
target 46,DSC05272,3678.7334,2343.509
target 46,DSC05273,3693.3005,1968.4031
target 46,DSC05274,3659.4941,2030.5801
target 46,DSC05275,3652.7126,2340.53
target 46,DSC05276,3673.8489,2389.8459
target 46,DSC05277,3686.261,2355.2202
target 46,DSC05278,3704.4336,2231.9949
target 46,DSC05279,3674.8162,2221.1648
target 46,DSC05280,3671.0178,1940.5027
target 46,DSC05281,3668.1667,2203.6948
target 46,DSC05282,3686.5842,2243.177
target 46,DSC05283,3674.3367,2143.8867
target 46,DSC05284,3681.106,1948.5382
target 46,DSC05285,3683.9038,1739.2565
target 46,DSC05286,3674.0371,1819.0017
target 46,DSC05287,3673.8274,1768.7837
target 46,DSC05288,3739.4211,1750.1165
target 46,DSC05289,3737.3625,1657.0502
target 46,DSC05290,3724.9146,1802.4615
target 46,DSC05291,3712.5317,1854.7954
target 46,DSC05314,3792.0918,3294.4102
target 46,DSC05315,3768.4353,3361.8457
target 46,DSC05316,3488.7493,3349.0071
target 46,DSC05317,3498.2061,3358.5276
target 46,DSC05318,3300.4951,3317.2104
target 46,DSC05319,3263.0808,3300.3386
target 46,DSC05320,3367.9951,3273.1707
target 46,DSC05321,3585.9282,3198.9155
target 46,DSC05322,3256.0027,3183.4817
target 46,DSC05323,3291.3157,3161.0203
target 46,DSC05324,3307.9226,3209.6274
target 46,DSC05325,2962.7888,3238.053
target 46,DSC05326,3023.396,3228.6272
target 46,DSC05327,3046.4839,3227.9241
target 46,DSC05328,3106.2471,3190.0703
target 46,DSC05329,3305.5593,3202.0085
target 46,DSC05330,3088.8403,3191.3132
target 46,DSC05331,3096.3652,3127.3418
target 46,DSC05332,2683.5,3115.5
target 46,DSC05333,2423.2427,3143.0552
target 46,DSC05334,2687.5,3086.8777
target 46,DSC05335,2576.0549,3079.3755
target 46,DSC05336,2819.0562,3082.3826
target 46,DSC05337,3021.9602,3068.6194
target 46,DSC05338,2961.1577,3066.0369
target 46,DSC05339,3035.4834,3061.6917
target 46,DSC05361,1011.3744,1568.6721
target 46,DSC05362,1091.427,1571.0923
target 46,DSC05363,1148.5045,1820.6517
target 46,DSC05364,1803.0959,1832.1262
target 46,DSC05365,1844.7841,1851.9489
target 46,DSC05366,1909.45,1651.9714
target 46,DSC05368,1843.8123,1626.0658
target 46,DSC05369,1846.2963,1621.282
target 46,DSC05370,1862.5188,1530.2418
target 46,DSC05371,1875.8317,1528.8911
target 46,DSC05372,1672.9647,2010.2955
target 46,DSC05373,1362.27,945.9286
target 46,DSC05374,1477.031,1535.4487
target 46,DSC05375,1490.9749,1749.126
target 46,DSC05376,1372.3337,1615.2321
target 46,DSC05377,1258.8292,1544.0542
target 46,DSC05378,1231.2042,1595.4255
target 46,DSC05379,1221.7515,1634.3312
target 46,DSC05380,1203.1624,1672.025
target 46,DSC05381,1187.5939,1649.1317
target 46,DSC05382,1201.1342,1749.0685
target 46,DSC05383,1240.1019,1798.6768
target 46,DSC05384,1265.8634,2216.155
target 46,DSC05385,1311.7339,2181.803
target 46,DSC05386,1342.323,2004.0551
target 46,DSC05387,1377.6804,1979.9562
target 46,DSC05388,1376.5135,1861.8135
target 46,DSC05389,1441.8865,1908.5675
target 46,DSC05390,1452.137,1891.6056
target 46,DSC05391,1463.9043,2045.5253
target 46,DSC05392,1451.9592,2093.4148
target 46,DSC05393,1517.5802,2372.8333
target 46,DSC05394,1466.3622,2411.1223
target 46,DSC05395,1461.4952,2403.3557
target 46,DSC05396,1447.5413,2374.1392
target 46,DSC05397,1470.2485,2499.3245
target 46,DSC05417,1561.5952,2596.1667
target 46,DSC05418,1766.7742,2656.3696
target 46,DSC05419,2044.218,2566.0374
target 46,DSC05420,2380.0872,2570.5679
target 46,DSC05428,2723.3027,3260.6755
target 46,DSC05429,2626.3845,3268.4521
target 46,DSC05430,3046.1396,3315.6272
target 46,DSC05431,3099.9436,3113.0564
target 46,DSC05432,3611.3989,3199.6011
target 46,DSC05433,2640.9832,3085.8494
target 46,DSC05434,2653.7329,3122.1028
target 46,DSC05435,2867.1284,3291.4546
target 46,DSC05436,2752.2144,3319.8936
target 46,DSC05437,2944.594,3423.3601
target 46,DSC05438,3024.9207,3651.2532
target 46,DSC05439,3103.1436,3619.5798
target 46,DSC05440,3091.634,3556.2546
target 46,DSC05441,3122.9067,3625.1274
target 46,DSC05442,2982.135,3532.1145
target 46,DSC05443,2972.9976,3509.6472
target 46,DSC05444,2817.4043,3513.8435
target 46,DSC05445,2853.2747,3500.3105
target 46,DSC05447,2996.897,3534.5757
target 46,DSC05448,2980.3279,3503.3064
target 46,DSC05449,2977.3259,3468.1145
target 46,DSC05450,2855.3352,3257.1345
target 46,DSC05451,3118.7673,3261.8982
target 46,DSC05452,3039.4209,3239.3647
target 46,DSC05453,3412.8704,3324.9443
target 46,DSC05454,3327.3386,3225.0159
target 46,DSC05455,3667.6094,3200.2263
target 46,DSC05456,4055.614,3305.0381
target 46,DSC05477,1932.4238,2820.2744
target 46,DSC05478,2023.6299,3067.4443
target 46,DSC05488,3153.9587,3547.4512
target 46,DSC05489,3033.1936,3557.3555
target 46,DSC05490,3019.1797,3528.3679
target 46,DSC05491,2878.4885,3491.5483
target 46,DSC05492,2795.1079,3443.8467
target 46,DSC05493,2816.6729,3377.7322
target 46,DSC05494,2746.8477,3311.842
target 46,DSC05495,2846.0276,3262.0745
target 46,DSC05496,2875.3945,3229.9253
target 46,DSC05497,2863.8477,3223.0833
target 46,DSC05498,2957.0422,3175.8645
target 46,DSC05499,2958.1948,3098.3037
target 46,DSC05501,3010.4189,2998.9124
target 46,DSC05502,3154.1655,2898.4365
target 46,DSC05503,3116.4424,2866.2734
target 46,DSC05504,3144.2024,2866.353
target 46,DSC05510,2818.5105,3164.5837
target 46,DSC05511,3002.2292,3141.8862
target 46,DSC05512,3240.9888,2866.7288
target 46,DSC05513,3258.0435,2880.7556
target 46,DSC05514,3055.0613,2903.5942
target 46,DSC05515,2998.1038,2924.0652
target 46,DSC05516,3144.7527,2910.5566
target 46,DSC05517,3071.5,2900.582
target 46,DSC05518,3073.1958,3005.7217
target 46,DSC05519,2799.2136,3081.8125
target 46,DSC05524,2558.1948,2888.5425
target 47,DSC05211,3613.4084,2346.4939
target 47,DSC05212,3616.5754,2161.7261
target 47,DSC05213,3626.0483,1970.2926
target 47,DSC05214,3632.241,1789.1334
target 47,DSC05215,3625.4109,1780.4108
target 47,DSC05216,3635.262,1768.4456
target 47,DSC05217,3597.0215,2080.2888
target 47,DSC05218,3595.0017,2110.4675
target 47,DSC05219,3580.1506,2180.3525
target 47,DSC05220,3579.5464,2283.7654
target 47,DSC05243,2820.4937,2393.6794
target 47,DSC05244,2655.2483,2403.6599
target 47,DSC05245,3144.0,2429.0
target 47,DSC05246,3697.7942,2427.3186
target 47,DSC05272,3008.7986,1762.9221
target 47,DSC05273,3012.2041,1390.5408
target 47,DSC05274,2997.1226,1495.4949
target 47,DSC05275,2988.8838,1843.7273
target 47,DSC05276,2991.8101,1916.1813
target 47,DSC05277,2991.9663,1922.5118
target 47,DSC05278,2990.6777,1835.2526
target 47,DSC05279,2983.8569,1903.5565
target 47,DSC05280,2978.4968,1669.8593
target 47,DSC05281,2979.571,1987.2419
target 47,DSC05282,2983.3237,2082.3176
target 47,DSC05283,2975.5298,2043.0104
target 47,DSC05284,2978.304,1903.3011
target 47,DSC05285,2976.8667,1765.1333
target 47,DSC05286,2978.0762,1913.1921
target 47,DSC05287,2978.9363,1890.1204
target 47,DSC05295,2991.3445,1578.0706
target 47,DSC05296,2990.292,1627.6132
target 47,DSC05306,3351.0679,2434.4067
target 47,DSC05307,3336.9414,2449.0173
target 47,DSC05316,3286.0159,2537.2883
target 47,DSC05317,3408.3589,2533.2871
target 47,DSC05318,3305.6934,2516.665
target 47,DSC05319,3332.6729,2510.9202
target 47,DSC05320,3536.6965,2504.0254
target 47,DSC05321,3836.7007,2469.8464
target 47,DSC05322,3558.6655,2477.2817
target 47,DSC05323,3657.9829,2471.4058
target 47,DSC05324,3726.8457,2498.6765
target 47,DSC05325,3425.8118,2520.3826
target 47,DSC05326,3535.0354,2528.062
target 47,DSC05327,3602.8418,2541.0024
target 47,DSC05328,3687.4885,2526.2727
target 47,DSC05329,3926.1667,2542.8269
target 47,DSC05330,3719.146,2541.2876
target 47,DSC05373,2090.0312,1524.85
target 47,DSC05374,2150.6902,2096.5552
target 47,DSC05375,2161.8315,2300.0281
target 47,DSC05376,2107.3191,2147.9119
target 47,DSC05377,2057.6106,2058.71
target 47,DSC05378,2066.2185,2067.0596
target 47,DSC05379,2087.4761,2023.8851
target 47,DSC05380,2086.8372,2029.9274
target 47,DSC05381,2097.3162,1942.0594
target 47,DSC05385,2186.4446,2232.0066
target 47,DSC05386,2206.2466,1961.8199
target 47,DSC05387,2224.3264,1873.4132
target 47,DSC05388,2213.2805,1684.7328
target 47,DSC05394,2228.0977,2007.7653
target 47,DSC05435,3492.3687,2753.3613
target 47,DSC05436,3353.2261,2749.2739
target 47,DSC05437,3555.4431,2831.9546
target 47,DSC05449,2970.8994,2552.9219
target 47,DSC05450,2771.8972,2418.6589
target 47,DSC05454,3021.54,2459.2686
target 47,DSC05459,3438.5059,2637.1321
target 47,DSC05461,3459.3613,2520.7773
target 47,DSC05462,3384.8357,2379.0479
target 47,DSC05464,4130.1802,2067.8425
target 47,DSC05474,3808.4106,2087.0474
target 47,DSC05496,2944.4128,2448.3955
target 47,DSC05497,2988.925,2447.9321
target 47,DSC05498,3159.2649,2424.8918
target 47,DSC05499,3223.9636,2384.5564
target 47,DSC05500,3421.3904,2353.6404
target 47,DSC05501,3371.542,2350.5981
target 47,DSC05502,3581.9285,2315.5264
target 48,DSC05269,2238.6606,3251.6428
target 48,DSC05270,2213.8076,2966.9819
target 48,DSC05271,2182.9771,2857.3076
target 48,DSC05272,2165.624,2922.5876
target 48,DSC05273,2147.7964,2480.3755
target 48,DSC05274,2162.55,2468.6106
target 48,DSC05275,2163.1711,2723.0681
target 48,DSC05276,2144.0334,2703.116
target 48,DSC05277,2132.3474,2565.6348
target 48,DSC05278,2104.5417,2334.1436
target 48,DSC05279,2133.8464,2171.262
target 48,DSC05280,2123.9714,1771.5631
target 48,DSC05281,2139.4409,1958.7623
target 48,DSC05282,2129.7073,1887.7776
target 48,DSC05283,2129.1606,1689.73
target 48,DSC05284,2129.9878,1393.7399
target 48,DSC05317,4313.3633,1821.5
target 48,DSC05318,3954.8425,1823.3182
target 48,DSC05319,3814.7451,1826.4146
target 48,DSC05320,3769.2295,1830.1887
target 48,DSC05321,3829.8743,1810.3291
target 48,DSC05322,3329.9053,1835.7473
target 48,DSC05323,3236.0583,1828.0935
target 48,DSC05324,3166.26,1830.2651
target 48,DSC05325,2693.5427,1847.8602
target 48,DSC05326,2642.5667,1848.6414
target 48,DSC05327,2577.8408,1845.5454
target 48,DSC05328,2581.9841,1825.8662
target 48,DSC05329,2714.3298,1820.4728
target 48,DSC05330,2429.9312,1820.9609
target 48,DSC05331,2427.5815,1798.5181
target 48,DSC05332,1929.6879,1785.8452
target 48,DSC05362,2225.8005,800.2255
target 48,DSC05363,2245.8835,1100.2987
target 48,DSC05364,2847.4868,1102.4474
target 48,DSC05368,2860.4377,912.2006
target 48,DSC05369,2847.3093,936.3815
target 48,DSC05370,2843.1682,862.6058
target 48,DSC05371,2829.5715,862.3163
target 48,DSC05372,2721.8901,1329.4622
target 48,DSC05373,2414.4058,192.4982
target 48,DSC05374,2517.2944,928.363
target 48,DSC05375,2528.7964,1213.1268
target 48,DSC05376,2419.1182,1122.7732
target 48,DSC05377,2319.9661,1112.9155
target 48,DSC05378,2298.8579,1311.3452
target 48,DSC05379,2290.6633,1563.132
target 48,DSC05380,2277.0898,1678.818
target 48,DSC05381,2280.9658,1811.8043
target 48,DSC05382,2308.2493,2061.6423
target 48,DSC05383,2356.343,2230.0649
target 48,DSC05384,2377.6497,2788.3735
target 48,DSC05385,2431.394,2824.657
target 48,DSC05386,2494.1877,2726.5098
target 48,DSC05387,2545.9128,2752.8567
target 48,DSC05388,2580.4055,2672.6855
target 48,DSC05389,2639.928,2737.1709
target 48,DSC05390,2667.5098,2730.4656
target 48,DSC05391,2685.8167,2915.0342
target 48,DSC05419,417.1176,1303.6034
target 48,DSC05420,924.6465,1305.3549
target 48,DSC05428,1877.0026,2192.1858
target 48,DSC05429,1769.705,2232.75
target 48,DSC05430,2260.8923,2279.1631
target 48,DSC05431,2428.2908,2149.4468
target 48,DSC05432,3037.5581,2215.8762
target 48,DSC05433,1964.458,2192.1726
target 48,DSC05434,1997.9568,2226.6514
target 48,DSC05435,2241.9219,2385.3147
target 48,DSC05436,2132.082,2440.3743
target 48,DSC05437,2368.1274,2545.6731
target 48,DSC05438,2531.5786,2818.6846
target 48,DSC05439,2859.3184,2827.2236
target 48,DSC05440,3058.5232,2783.6226
target 48,DSC05441,3192.4326,2863.8274
target 48,DSC05442,3153.874,2763.2686
target 48,DSC05443,3223.1941,2731.5764
target 48,DSC05444,3161.7021,2715.074
target 48,DSC05445,3287.9993,2683.6045
target 48,DSC05447,3662.5796,2752.4866
target 48,DSC05448,3735.9495,2684.928
target 48,DSC05449,3817.8477,2615.1443
target 48,DSC05450,3659.3782,2344.8069
target 48,DSC05451,4060.5,2329.5
target 48,DSC05452,3902.3552,2259.2729
target 48,DSC05453,4380.3662,2337.1902
target 48,DSC05454,4295.2339,2194.4902
target 48,DSC05477,498.103,1821.2544
target 48,DSC05478,532.4098,2197.9541
target 48,DSC05485,4619.6665,2619.752
target 48,DSC05486,4450.4521,2722.9058
target 48,DSC05487,4285.5771,2771.6055
target 48,DSC05488,4093.4258,2824.6196
target 48,DSC05489,3919.7251,2877.842
target 48,DSC05490,3860.8955,2909.0786
target 48,DSC05491,3642.2371,2892.1343
target 48,DSC05492,3494.5859,2861.8035
target 48,DSC05493,3440.0017,2853.8706
target 48,DSC05494,3265.207,2825.3071
target 48,DSC05495,3332.78,2801.6426
target 48,DSC05496,3284.937,2802.5613
target 48,DSC05497,3175.8291,2830.8547
target 48,DSC05498,3158.1572,2812.9392
target 48,DSC05499,3017.2585,2731.4141
target 48,DSC05500,3012.7031,2633.6274
target 48,DSC05501,2862.9058,2607.6516
target 48,DSC05502,2900.1372,2459.4216
target 48,DSC05503,2814.8823,2412.093
target 48,DSC05504,2804.344,2399.1963
target 48,DSC05505,2494.9602,2534.3684
target 48,DSC05506,2472.1951,2544.7927
target 48,DSC05507,2432.4878,2542.3855
target 48,DSC05508,2431.5454,2554.8472
target 48,DSC05509,2011.61,2610.7283
target 48,DSC05510,2011.2517,2593.5938
target 48,DSC05511,2201.9922,2501.4275
target 48,DSC05512,2532.9856,2135.1484
target 48,DSC05513,2535.6128,2125.3599
target 48,DSC05514,2280.4634,2140.0305
target 48,DSC05515,2195.1519,2129.5178
target 48,DSC05516,2370.2805,2072.134
target 48,DSC05517,2287.5386,2041.7045
target 48,DSC05518,2266.8735,2107.3022
target 48,DSC05519,1920.0796,2189.3467
target 49,DSC05196,5625.6289,1733.8042
target 49,DSC05197,5634.4761,2175.4758
target 49,DSC05198,5633.938,2084.438
target 49,DSC05199,5647.4883,2290.407
target 49,DSC05200,5617.8037,2369.3406
target 49,DSC05201,5657.752,2381.0474
target 49,DSC05202,5716.29,2225.8457
target 49,DSC05203,5829.7808,1946.9958
target 49,DSC05204,5121.4634,1466.3802
target 49,DSC05205,5302.7871,1778.6326
target 49,DSC05248,3759.9934,737.54
target 49,DSC05249,3726.1138,668.7624
target 49,DSC05250,3297.5361,738.0883
target 49,DSC05251,2580.5198,775.0198
target 49,DSC05255,1516.6643,2850.8286
target 49,DSC05256,1484.1798,2355.6272
target 49,DSC05257,1369.5266,2185.9917
target 49,DSC05258,1328.4286,2190.5923
target 49,DSC05260,1247.5844,1987.0325
target 49,DSC05261,1246.4625,2309.6755
target 49,DSC05262,1266.0704,2068.2505
target 49,DSC05263,1257.4409,1695.625
target 49,DSC05264,1247.9254,1507.5242
target 49,DSC05265,1312.3241,1979.1608
target 49,DSC05266,1289.9419,2445.6499
target 49,DSC05267,1200.866,2205.4441
target 49,DSC05268,463.1733,1444.3579
target 49,DSC05269,1396.8517,1917.7584
target 49,DSC05270,1345.6666,1615.7657
target 49,DSC05271,1278.92,1454.4908
target 49,DSC05272,1274.4131,1540.8859
target 49,DSC05273,1238.2898,1124.8248
target 49,DSC05328,3929.8804,865.1683
target 49,DSC05329,4154.7095,818.5272
target 49,DSC05330,3903.5103,818.2415
target 49,DSC05331,3883.4346,826.2843
target 49,DSC05332,3412.8052,799.9244
target 49,DSC05333,3103.3271,776.7938
target 49,DSC05334,3336.3567,823.1156
target 49,DSC05335,3172.5422,854.4752
target 49,DSC05336,3383.28,856.1075
target 49,DSC05337,3548.9966,832.4426
target 49,DSC05338,3415.0137,827.37
target 49,DSC05339,3416.9839,816.6049
target 49,DSC05340,3298.3291,850.485
target 49,DSC05341,2852.7139,873.8764
target 49,DSC05342,3302.2791,878.9558
target 49,DSC05343,3358.6887,877.9599
target 49,DSC05344,3149.6143,912.8585
target 49,DSC05345,3045.1519,929.1575
target 49,DSC05346,3033.7222,930.0345
target 49,DSC05348,2813.0461,931.1753
target 49,DSC05352,2830.4683,1793.8914
target 49,DSC05353,3075.6169,1785.6532
target 49,DSC05354,3071.624,1535.5693
target 49,DSC05355,3098.387,1695.2456
target 49,DSC05356,3090.4878,1548.2592
target 49,DSC05357,3075.2102,1507.734
target 49,DSC05358,3071.2976,1957.7953
target 49,DSC05359,3062.7927,1830.4067
target 49,DSC05360,3076.9927,1911.7412
target 49,DSC05361,3063.8132,2038.9941
target 49,DSC05362,3083.2742,2129.3386
target 49,DSC05363,3079.7131,2395.9937
target 49,DSC05364,3698.9114,2402.3652
target 49,DSC05365,3699.6829,2382.6074
target 49,DSC05366,3705.1748,2048.7168
target 49,DSC05367,3693.1619,2178.7605
target 49,DSC05368,3719.3943,2213.3123
target 49,DSC05369,3712.2456,2229.5664
target 49,DSC05370,3711.3093,2135.2563
target 49,DSC05371,3688.334,2090.5945
target 49,DSC05372,3677.0442,2742.8298
target 49,DSC05373,3658.5559,1689.1217
target 49,DSC05374,3673.3252,2319.2285
target 49,DSC05375,3676.95,2559.5583
target 49,DSC05376,3661.5098,2431.583
target 49,DSC05377,3660.3599,2374.0671
target 49,DSC05421,1749.3904,1164.4037
target 49,DSC05422,2251.8748,1230.5066
target 49,DSC05423,2497.6802,1233.3158
target 49,DSC05424,2640.3938,1284.9867
target 49,DSC05425,2806.2927,1311.8445
target 49,DSC05426,3160.7546,1377.9822
target 49,DSC05427,3135.1338,1387.7261
target 49,DSC05428,3303.5625,1383.7699
target 49,DSC05429,3284.5088,1360.4529
target 49,DSC05430,3885.3088,1387.6359
target 49,DSC05431,3910.8645,1301.516
target 49,DSC05432,4667.7842,1347.4078
target 49,DSC05433,3414.9355,1223.1642
target 49,DSC05434,3487.6077,1221.6152
target 49,DSC05435,3824.5645,1307.6265
target 49,DSC05436,3660.8657,1311.95
target 49,DSC05437,3917.8425,1368.9668
target 49,DSC05438,4083.7427,1420.8722
target 49,DSC05476,1873.1301,517.6071
target 49,DSC05477,2285.1389,524.1016
target 49,DSC05478,2668.467,611.6016
target 49,DSC05502,3978.0637,1173.6489
target 49,DSC05503,3928.6809,1166.3715
target 49,DSC05504,3973.9568,1187.6509
target 49,DSC05505,3746.7698,1286.8668
target 49,DSC05506,3792.6719,1329.2516
target 49,DSC05507,3811.9102,1362.4916
target 49,DSC05508,3894.2839,1420.3456
target 49,DSC05509,3465.8313,1440.4806
target 49,DSC05510,3569.0803,1609.1467
target 49,DSC05511,3773.0322,1642.9386
target 49,DSC05512,3974.6514,1445.5249
target 49,DSC05513,3964.3533,1474.1742
target 49,DSC05514,3644.4858,1505.0934
target 49,DSC05515,3509.0771,1543.6276
target 49,DSC05516,3655.4927,1554.4139
target 49,DSC05517,3489.1797,1558.4141
target 49,DSC05518,3451.5532,1679.0684
target 49,DSC05519,3037.8081,1756.6649
target 49,DSC05520,2659.2983,1692.6201
target 49,DSC05521,2450.8538,1641.1627
target 49,DSC05522,2261.5015,1642.8948
target 49,DSC05523,2500.7988,1602.8563
target 49,DSC05524,2327.3406,1606.2531
target 49,DSC05525,1863.8829,1614.8495
target 50,DSC05313,3976.4519,3096.74
target 50,DSC05314,3886.3491,3123.2063
target 50,DSC05315,3942.6177,3189.4412
target 50,DSC05316,3722.7302,3187.3889
target 50,DSC05330,3485.9585,3280.5063
target 50,DSC05331,3459.5068,3222.1353
target 50,DSC05372,1520.1957,2305.7803
target 50,DSC05373,1293.6,1364.1423
target 50,DSC05374,1392.8877,1939.2004
target 50,DSC05375,1408.6689,2160.2078
target 50,DSC05376,1318.4877,2059.1338
target 50,DSC05377,1233.1855,2018.5454
target 50,DSC05378,1236.897,2083.7322
target 50,DSC05379,1274.9628,2118.9509
target 50,DSC05380,1274.5425,2155.5464
target 50,DSC05381,1295.5913,2122.0056
target 50,DSC05382,1332.1033,2200.2815
target 50,DSC05383,1392.7954,2219.6392
target 50,DSC05384,1414.6101,2611.4163
target 50,DSC05385,1478.6415,2540.6558
target 50,DSC05386,1540.2035,2312.7915
target 50,DSC05387,1588.2407,2248.0449
target 50,DSC05388,1604.5264,2088.8264
target 50,DSC05389,1666.8621,2095.7415
target 50,DSC05390,1682.0771,2049.8601
target 50,DSC05391,1694.7738,2168.488
target 50,DSC05392,1688.5601,2192.1338
target 50,DSC05393,1740.6515,2454.4456
target 50,DSC05420,2732.2354,2849.1619
target 50,DSC05431,3339.6008,3317.3245
target 50,DSC05432,3899.592,3421.7241
target 50,DSC05433,2933.6802,3246.1018
target 50,DSC05434,2966.8921,3281.6851
target 50,DSC05435,3214.0747,3464.8103
target 50,DSC05436,3113.4602,3470.2571
target 50,DSC05437,3327.5264,3577.0151
target 50,DSC05438,3469.5547,3781.1565
target 50,DSC05439,3562.9695,3692.9319
target 50,DSC05440,3538.8516,3560.9805
target 50,DSC05441,3576.8308,3605.7031
target 50,DSC05442,3414.2583,3472.6025
target 50,DSC05443,3391.4487,3426.4316
target 50,DSC05444,3218.3909,3392.2817
target 50,DSC05445,3233.7363,3360.3909
target 50,DSC05447,3378.0464,3362.4368
target 50,DSC05448,3333.5833,3299.928
target 50,DSC05449,3299.3396,3243.2444
target 50,DSC05450,3118.6707,3033.282
target 50,DSC05451,3336.7783,3026.0896
target 50,DSC05452,3217.6587,3000.5952
target 50,DSC05453,3565.2363,3078.7637
target 50,DSC05478,2338.9854,3350.3284
target 50,DSC05480,4273.4961,3129.6611
target 50,DSC05485,3576.3982,3157.0962
target 50,DSC05486,3454.6897,3218.5474
target 50,DSC05487,3349.2053,3235.9514
target 50,DSC05488,3278.4399,3215.9285
target 50,DSC05489,3189.3948,3231.7368
target 50,DSC05490,3210.0098,3219.4138
target 50,DSC05491,3090.4607,3193.449
target 50,DSC05492,3023.7991,3158.6475
target 50,DSC05496,3198.4226,3049.6863
target 50,DSC05498,3321.9805,3065.8667
target 50,DSC05499,3332.0955,3030.4395
target 50,DSC05500,3458.6707,3002.4905
target 50,DSC05501,3386.0942,2998.6887
target 50,DSC05502,3517.853,2952.1177
target 50,DSC05503,3472.9875,2930.6294
target 50,DSC05504,3495.8645,2946.8103
target 50,DSC05505,3301.6201,3078.6201
target 50,DSC05506,3319.7354,3123.4495
target 50,DSC05507,3320.4177,3156.5452
target 50,DSC05508,3361.6157,3218.7278
target 50,DSC05509,3047.415,3253.0684
target 50,DSC05510,3092.2993,3392.636
target 50,DSC05511,3243.9214,3396.4365
target 50,DSC05512,3428.9939,3110.7693
target 51,DSC05207,4944.9541,716.0817
target 51,DSC05208,4909.895,1281.9609
target 51,DSC05210,4879.603,1622.5558
target 51,DSC05211,4918.2026,1751.4406
target 51,DSC05212,4974.9268,1734.6367
target 51,DSC05213,5018.79,1673.9689
target 51,DSC05214,5034.5034,1689.9762
target 51,DSC05215,5010.4043,1837.2927
target 51,DSC05216,5018.0439,2017.7103
target 51,DSC05217,4912.71,2498.4309
target 51,DSC05218,4881.126,2642.1804
target 51,DSC05245,3398.4248,1348.2186
target 51,DSC05246,3443.3867,1329.6438
target 51,DSC05247,3095.092,1381.9059
target 51,DSC05269,2297.7266,3067.8694
target 51,DSC05270,2275.634,2761.449
target 51,DSC05271,2248.7144,2623.855
target 51,DSC05272,2236.1074,2662.5271
target 51,DSC05273,2219.1011,2203.3264
target 51,DSC05274,2233.8467,2189.8281
target 51,DSC05275,2237.2368,2433.8315
target 51,DSC05276,2223.6394,2396.0354
target 51,DSC05277,2216.9968,2246.0862
target 51,DSC05278,2195.1895,2003.1754
target 51,DSC05279,2224.8262,1861.3468
target 51,DSC05280,2216.8157,1469.0587
target 51,DSC05281,2234.2732,1674.7627
target 51,DSC05282,2229.7817,1617.8428
target 51,DSC05283,2230.4841,1444.8281
target 51,DSC05284,2233.3479,1171.7281
target 51,DSC05285,2232.9031,879.8274
target 51,DSC05317,4483.6123,1904.6272
target 51,DSC05318,4168.6543,1905.3076
target 51,DSC05319,4056.5889,1908.683
target 51,DSC05320,4047.8191,1914.8114
target 51,DSC05321,4125.5996,1893.8795
target 51,DSC05322,3624.8547,1914.3077
target 51,DSC05323,3532.4395,1907.7449
target 51,DSC05324,3475.3042,1914.519
target 51,DSC05325,2999.2542,1932.8566
target 51,DSC05326,2931.2122,1934.0465
target 51,DSC05327,2848.0798,1933.1503
target 51,DSC05328,2829.2341,1912.6475
target 51,DSC05329,2943.5781,1908.1805
target 51,DSC05330,2636.136,1907.9456
target 51,DSC05331,2606.1021,1882.3806
target 51,DSC05332,2087.3843,1869.2225
target 51,DSC05333,1710.7207,1882.5724
target 51,DSC05334,2001.7871,1875.9736
target 51,DSC05368,2748.0215,1007.2949
target 51,DSC05369,2737.8647,1049.4246
target 51,DSC05370,2737.6223,989.2234
target 51,DSC05371,2728.385,985.0517
target 51,DSC05372,2597.1924,1471.9829
target 51,DSC05373,2291.6902,460.5291
target 51,DSC05374,2395.4956,1177.5793
target 51,DSC05375,2408.0144,1469.7428
target 51,DSC05376,2301.8323,1416.8511
target 51,DSC05377,2206.6924,1443.6881
target 51,DSC05378,2195.6799,1663.2369
target 51,DSC05379,2210.0198,1918.8754
target 51,DSC05380,2204.301,2035.1237
target 51,DSC05381,2223.4971,2157.6714
target 51,DSC05382,2261.5613,2383.2629
target 51,DSC05383,2321.3918,2519.7766
target 51,DSC05384,2342.2964,3049.9431
target 51,DSC05385,2405.4282,3049.9905
target 51,DSC05386,2480.7549,2903.0349
target 51,DSC05387,2537.3271,2893.4795
target 51,DSC05432,3175.4856,2381.6287
target 51,DSC05433,2121.9817,2339.3486
target 51,DSC05434,2172.7361,2378.7241
target 51,DSC05435,2441.6846,2552.0308
target 51,DSC05436,2349.3672,2598.5303
target 51,DSC05437,2602.2078,2709.3069
target 51,DSC05438,2831.0972,2986.1667
target 51,DSC05439,3185.3652,2965.6746
target 51,DSC05440,3381.7451,2880.208
target 51,DSC05441,3525.4517,2949.0535
target 51,DSC05442,3467.9221,2823.2529
target 51,DSC05443,3524.1091,2776.8167
target 51,DSC05444,3445.3582,2739.3711
target 51,DSC05445,3549.0986,2696.9841
target 51,DSC05447,3915.8281,2748.1404
target 51,DSC05448,3959.436,2663.2988
target 51,DSC05449,4006.5549,2583.0608
target 51,DSC05498,3426.8645,2808.0271
target 51,DSC05499,3294.0735,2755.7559
target 51,DSC05500,3287.6418,2692.7332
target 51,DSC05501,3136.209,2676.1655
target 51,DSC05502,3152.9265,2559.844
target 51,DSC05503,3059.8584,2518.3943
target 51,DSC05504,3042.2983,2514.7249
target 51,DSC05505,2735.0149,2661.1213
target 51,DSC05506,2703.709,2684.3137
target 51,DSC05507,2653.7661,2693.0024
target 51,DSC05508,2639.4829,2721.3914
target 52,DSC05217,2785.3926,1946.7147
target 52,DSC05245,2927.303,3230.1936
target 52,DSC05269,3848.4087,2663.5
target 52,DSC05270,3885.9651,2402.8162
target 52,DSC05280,3993.6152,1875.4342
target 52,DSC05281,3983.6753,2124.7339
target 52,DSC05282,4005.2898,2148.5874
target 52,DSC05283,3988.2273,2037.5889
target 52,DSC05284,3995.2439,1832.09
target 52,DSC05285,3996.8887,1610.7866
target 52,DSC05317,3644.7976,3701.6138
target 52,DSC05318,3429.4966,3655.3401
target 52,DSC05319,3379.0095,3639.1375
target 52,DSC05320,3460.114,3614.4695
target 52,DSC05321,3654.3054,3532.2761
target 52,DSC05322,3307.5908,3507.1501
target 52,DSC05330,3020.6365,3517.3635
target 52,DSC05331,3019.7981,3438.2615
target 52,DSC05332,2598.7253,3428.5
target 52,DSC05333,2328.041,3459.8013
target 52,DSC05368,1589.672,1537.3064
target 52,DSC05369,1590.1581,1539.5769
target 52,DSC05370,1606.6394,1456.0164
target 52,DSC05371,1624.8097,1458.3761
target 52,DSC05372,1394.9828,1928.8276
target 52,DSC05373,1019.3754,905.043
target 52,DSC05380,837.5361,1722.3745
target 52,DSC05381,823.1052,1718.8474
target 52,DSC05382,843.282,1833.1377
target 52,DSC05383,894.5084,1896.2064
target 52,DSC05384,924.7726,2317.5938
target 52,DSC05385,985.8412,2293.217
target 52,DSC05386,1035.1909,2130.3887
target 52,DSC05387,1084.7726,2113.5962
target 52,DSC05388,1096.4957,2004.6588
target 52,DSC05389,1176.6038,2050.3962
target 52,DSC05419,1953.1256,2899.699
target 52,DSC05420,2282.2952,2904.374
target 52,DSC05430,2931.8591,3571.8662
target 52,DSC05431,3000.5957,3357.3677
target 52,DSC05432,3505.6597,3451.75
target 52,DSC05433,2566.3208,3346.8123
target 52,DSC05434,2580.5396,3390.1387
target 52,DSC05435,2792.8113,3573.5415
target 52,DSC05436,2689.9275,3607.5549
target 52,DSC05437,2884.3132,3719.6316
target 52,DSC05440,3107.1621,3874.8105
target 52,DSC05442,3027.0698,3845.7402
target 52,DSC05443,3029.6846,3817.5066
target 52,DSC05444,2891.6667,3815.4329
target 52,DSC05445,2936.7478,3795.0222
target 52,DSC05447,3087.866,3839.6155
target 52,DSC05448,3085.3035,3798.6885
target 52,DSC05449,3090.6379,3752.9629
target 52,DSC05450,2974.4436,3513.1929
target 52,DSC05451,3236.335,3511.8145
target 52,DSC05452,3166.4343,3471.3857
target 52,DSC05453,3536.6663,3559.5974
target 52,DSC05478,1946.4436,3374.9553
target 52,DSC05483,3701.3257,3639.6421
target 52,DSC05484,3765.2068,3601.3103
target 52,DSC05485,3690.1392,3643.3313
target 52,DSC05486,3545.2644,3717.5942
target 52,DSC05487,3417.3591,3739.5068
target 52,DSC05488,3289.1277,3719.3611
target 52,DSC05489,3170.6812,3736.6086
target 52,DSC05490,3152.6731,3718.4619
target 52,DSC05491,3013.0264,3685.8882
target 52,DSC05492,2927.8352,3641.5415
target 52,DSC05493,2939.0298,3586.8303
target 52,DSC05494,2861.491,3528.7708
target 52,DSC05495,2950.7993,3484.6108
target 52,DSC05496,2969.0989,3459.3572
target 52,DSC05497,2947.394,3459.7061
target 52,DSC05498,3022.1562,3419.9155
target 52,DSC05499,3006.2749,3344.6787
target 52,DSC05500,3106.3904,3264.9099
target 52,DSC05501,3029.3926,3245.437
target 52,DSC05502,3147.8225,3140.0403
target 52,DSC05503,3104.7991,3105.1582
target 52,DSC05504,3125.1926,3104.0886
target 52,DSC05505,2926.8303,3227.574
target 52,DSC05506,2942.1311,3251.1755
target 52,DSC05507,2943.2769,3263.6396
target 52,DSC05508,2983.5852,3296.6233
target 52,DSC05509,2681.2251,3334.4651
target 52,DSC05510,2748.3035,3399.7485
target 52,DSC05511,2917.8792,3366.5522
target 52,DSC05512,3145.7627,3068.3899
target 52,DSC05513,3158.8557,3079.0769
target 52,DSC05514,2958.0115,3101.0454
target 53,DSC05218,3644.6956,1383.8008
target 53,DSC05219,3644.3311,1440.3636
target 53,DSC05220,3658.3918,1523.2351
target 53,DSC05221,3679.6687,1423.8839
target 53,DSC05222,3709.082,1013.4552
target 53,DSC05224,3677.9172,1346.3907
target 53,DSC05225,3647.0112,1540.2301
target 53,DSC05226,3635.5,1605.079
target 53,DSC05227,3699.3174,1178.1534
target 53,DSC05228,3771.4141,1318.4512
target 53,DSC05229,3830.8081,1238.4077
target 53,DSC05230,3876.2017,1144.3772
target 53,DSC05231,3888.9163,1515.6893
target 53,DSC05232,3921.0852,1792.2274
target 53,DSC05233,3951.0049,1749.5719
target 53,DSC05234,3970.2803,2185.3159
target 53,DSC05235,3984.8271,2178.0103
target 53,DSC05236,2873.2197,2027.7384
target 53,DSC05237,2991.5173,2103.8447
target 53,DSC05238,2526.7876,2111.3313
target 53,DSC05239,2480.9751,2127.3242
target 53,DSC05240,2394.4048,2196.667
target 53,DSC05241,3043.2493,2273.1316
target 53,DSC05242,2564.1792,2288.541
target 53,DSC05243,2072.7561,2265.355
target 53,DSC05244,1949.7465,2301.0212
target 53,DSC05281,2881.4211,2649.7632
target 53,DSC05282,2888.8154,2784.4099
target 53,DSC05283,2885.8845,2763.9475
target 53,DSC05284,2890.2454,2641.9849
target 53,DSC05285,2891.6111,2520.5
target 53,DSC05286,2901.2783,2673.4832
target 53,DSC05287,2903.3923,2651.2371
target 53,DSC05288,2928.6638,2733.6868
target 53,DSC05289,2930.4614,2688.8779
target 53,DSC05290,2940.6794,2887.1201
target 53,DSC05291,2945.0,2952.4175
target 53,DSC05292,2938.6125,2777.2559
target 53,DSC05293,2938.4446,2638.0437
target 53,DSC05294,2938.9644,2458.77
target 53,DSC05295,2934.9233,2266.1895
target 53,DSC05296,2938.0461,2286.0054
target 53,DSC05297,2960.6804,2380.8538
target 53,DSC05298,2970.585,2396.3501
target 53,DSC05299,2977.3665,2414.7134
target 53,DSC05300,2966.9526,2458.0554
target 53,DSC05301,2971.8918,2231.7178
target 53,DSC05302,2966.8064,2216.6685
target 53,DSC05303,2963.8596,2115.0044
target 53,DSC05304,2932.6545,1977.6526
target 53,DSC05305,3207.4546,2437.1743
target 53,DSC05306,3217.0601,2474.0867
target 53,DSC05307,3126.272,2487.7056
target 53,DSC05308,3049.3462,2484.8892
target 53,DSC05309,3158.9792,2465.9746
target 53,DSC05310,3065.1147,2464.7747
target 53,DSC05311,2514.1475,2475.5576
target 53,DSC05312,2833.8394,2471.1765
target 53,DSC05313,2802.0544,2489.7329
target 53,DSC05314,2670.6814,2484.5049
target 53,DSC05315,2677.061,2495.7332
target 53,DSC05316,2484.0942,2476.7109
target 53,DSC05317,2605.6526,2445.8174
target 53,DSC05318,2535.0154,2419.103
target 53,DSC05319,2586.0442,2402.7341
target 53,DSC05320,2833.3542,2373.4612
target 53,DSC05383,2305.1262,1212.1162
target 53,DSC05384,2313.4761,1579.068
target 53,DSC05385,2309.8489,1474.4261
target 53,DSC05386,2277.5,1186.0
target 53,DSC05387,2262.5393,1095.4302
target 53,DSC05388,2210.0623,896.2132
target 53,DSC05389,2222.8833,920.7474
target 53,DSC05390,2197.0994,867.8355
target 53,DSC05391,2182.7043,1004.2165
target 53,DSC05392,2153.5,1026.0
target 53,DSC05393,2212.1707,1348.3754
target 53,DSC05394,2124.9099,1339.2268
target 53,DSC05395,2076.4058,1315.8213
target 53,DSC05396,2026.7701,1274.4844
target 53,DSC05397,2021.0011,1422.2483
target 53,DSC05398,2000.3572,1521.7295
target 53,DSC05399,1998.7698,1732.0548
target 53,DSC05400,1994.4735,1837.7357
target 53,DSC05401,2004.1252,2037.8058
target 53,DSC05402,1935.7212,2026.4165
target 53,DSC05403,1859.7062,1954.6353
target 53,DSC05404,1825.3954,2086.1931
target 53,DSC05405,4051.9575,2269.7229
target 53,DSC05409,4187.2236,1912.0627
target 53,DSC05410,3652.946,1626.2815
target 53,DSC05411,3542.9023,1638.6073
target 53,DSC05412,2994.5801,1759.8207
target 53,DSC05413,3094.3362,1816.2666
target 53,DSC05447,2349.0127,2450.7605
target 53,DSC05448,2235.3799,2453.1067
target 53,DSC05449,2157.4834,2456.75
target 53,DSC05450,1996.0742,2381.2375
target 53,DSC05451,2208.4458,2411.0916
target 53,DSC05452,2094.0122,2490.0491
target 53,DSC05453,2451.6455,2567.623
target 53,DSC05454,2331.3621,2557.9849
target 53,DSC05455,2674.4189,2634.3928
target 53,DSC05456,3074.1375,2765.948
target 53,DSC05457,2988.3257,2755.6797
target 53,DSC05458,3167.5,2767.593
target 53,DSC05459,3255.1174,3007.0273
target 53,DSC05460,3265.3223,2957.208
target 53,DSC05461,3478.8745,2890.6272
target 53,DSC05462,3357.8306,2950.4265
target 53,DSC05463,4035.7556,2578.3186
target 53,DSC05464,4022.1519,2678.98
target 53,DSC05465,3540.5681,2549.4766
target 53,DSC05466,3561.8237,2555.2888
target 53,DSC05469,2793.9565,2843.4514
target 53,DSC05472,2808.0862,2841.2424
target 53,DSC05473,3074.3994,2766.0503
target 53,DSC05474,3681.1177,2578.7407
target 53,DSC05475,3655.7585,2607.7551
target 53,DSC05480,3617.2356,3326.8357
target 53,DSC05481,3123.2224,3313.8809
target 53,DSC05482,3006.7949,3362.9475
target 53,DSC05483,2536.4287,3275.2153
target 53,DSC05484,2612.4302,3139.4126
target 53,DSC05485,2513.2041,3097.1404
target 53,DSC05486,2328.9922,3125.1423
target 53,DSC05487,2187.6694,3104.2217
target 53,DSC05488,2096.729,2963.2664
target 53,DSC05489,1992.9536,2925.5979
target 53,DSC05490,2032.1307,2829.301
target 53,DSC05491,1919.1993,2771.2976
target 53,DSC05492,1871.2902,2704.1853
target 53,DSC05493,1981.4739,2576.8564
target 53,DSC05494,1989.8563,2473.5688
target 54,DSC05346,3204.9084,2792.0122
target 54,DSC05356,1440.7383,1682.7177
target 54,DSC05399,1905.806,2451.0464
target 54,DSC05400,1917.9554,2509.856
target 54,DSC05423,2666.1636,2865.8955
target 54,DSC05451,3106.7524,2771.4126
target 54,DSC05452,2983.6875,2772.5833
target 54,DSC05453,3335.1155,2848.8845
target 54,DSC05457,3628.0549,2774.3049
target 54,DSC05478,2456.3389,2868.1812
target 54,DSC05483,3323.3015,3082.958
target 54,DSC05484,3415.5081,3022.6306
target 54,DSC05485,3362.1179,3036.7317
target 54,DSC05488,3034.4216,3055.0442
target 54,DSC05489,2940.3215,3058.8945
target 54,DSC05490,2963.3484,3028.7415
target 54,DSC05491,2843.4075,2995.4568
target 54,DSC05492,2779.1824,2954.0811
target 54,DSC05508,3396.0198,2858.6812
target 54,DSC05509,3079.772,2888.0735
target 54,DSC05510,3180.4258,3026.5056
target 54,DSC05511,3362.0496,3040.9121
target 54,DSC05512,3573.1453,2796.8677
target 54,DSC05513,3583.7705,2824.2043
target 54,DSC05514,3363.0149,2852.9023
target 54,DSC05520,2789.5801,3030.4641
target 54,DSC05521,2659.5959,2972.344
target 54,DSC05522,2545.6384,2971.2346
target 54,DSC05523,2768.5908,2936.2766
target 54,DSC05524,2656.7629,2939.811
target 55,DSC05304,2787.3948,2418.6843
target 55,DSC05305,2723.8892,2242.1912
target 55,DSC05306,2789.1321,2272.6599
target 55,DSC05307,2772.8076,2279.3076
target 55,DSC05349,3431.1636,2376.3435
target 55,DSC05350,3151.4336,2365.7366
target 55,DSC05351,2504.4094,3121.5588
target 55,DSC05352,1379.2643,2563.9944
target 55,DSC05353,1648.5767,2549.9194
target 55,DSC05354,1673.6516,2323.5759
target 55,DSC05355,1708.4678,2484.0161
target 55,DSC05356,1691.4871,2377.2549
target 55,DSC05400,2430.7727,1697.7424
target 55,DSC05401,2429.4849,1786.3334
target 55,DSC05402,2377.3691,1681.1904
target 55,DSC05403,2312.0449,1501.9456
target 55,DSC05404,2277.1841,1547.9919
target 55,DSC05405,3109.1235,1617.7433
target 55,DSC05406,3186.3379,1551.1838
target 55,DSC05408,3657.4343,1334.2054
target 55,DSC05409,3282.9937,1376.9664
target 55,DSC05410,2939.645,1191.2311
target 55,DSC05411,2972.5815,1154.7802
target 55,DSC05412,2489.0747,1236.3732
target 55,DSC05413,2797.3293,1232.8707
target 55,DSC05421,2631.5085,2596.2839
target 55,DSC05422,3163.1609,2732.967
target 55,DSC05423,3386.5359,2725.1975
target 55,DSC05424,3548.2598,2777.8442
target 55,DSC05456,3091.1072,2259.6667
target 55,DSC05457,2872.5769,2249.876
target 55,DSC05458,2893.1646,2272.9746
target 55,DSC05459,2823.125,2452.3188
target 55,DSC05460,2733.519,2444.7175
target 55,DSC05461,2867.7852,2399.342
target 55,DSC05462,2730.6428,2287.9902
target 55,DSC05463,3247.4285,1925.7032
target 55,DSC05464,3343.3779,1857.8356
target 55,DSC05465,3049.8655,1756.1204
target 55,DSC05466,3066.6042,1748.7281
target 55,DSC05469,2350.5164,2065.4214
target 55,DSC05472,2366.6396,2063.0881
target 55,DSC05473,2735.6182,1985.9797
target 55,DSC05474,3114.3333,1898.8849
target 55,DSC05475,2890.8867,1991.283
target 55,DSC05480,3331.9788,2598.4958
target 55,DSC05481,2886.6006,2593.7727
target 55,DSC05482,2895.886,2610.5381
target 55,DSC05483,2525.5566,2548.2092
target 55,DSC05484,2665.644,2449.8645
target 55,DSC05485,2648.6799,2421.0701
target 55,DSC05519,3940.2085,2946.3608
target 55,DSC05520,3633.4766,2886.0205
target 55,DSC05521,3460.7996,2848.7192
target 55,DSC05522,3314.4534,2877.1729
target 55,DSC05523,3501.9224,2944.7983
target 55,DSC05524,3356.0652,2965.7209
target 55,DSC05525,2967.4192,2975.8301
target 56,DSC05221,4363.4243,1793.9623
target 56,DSC05222,4379.7778,1436.0596
target 56,DSC05224,4295.082,1847.2073
target 56,DSC05225,4229.0947,2062.9336
target 56,DSC05226,4180.3447,2151.2019
target 56,DSC05227,4238.3345,1778.1123
target 56,DSC05228,4322.9253,1968.9058
target 56,DSC05229,4375.0728,1921.2383
target 56,DSC05230,4401.2095,1848.9825
target 56,DSC05231,4408.896,2210.3372
target 56,DSC05232,4420.2607,2468.125
target 56,DSC05233,4426.9233,2411.5801
target 56,DSC05234,4436.1484,2803.7192
target 56,DSC05235,4415.5278,2742.7085
target 56,DSC05236,3470.4539,1615.7954
target 56,DSC05237,3641.0581,1635.8802
target 56,DSC05238,3211.4365,1619.8439
target 56,DSC05239,3161.3083,1597.5388
target 56,DSC05240,3012.3357,1643.149
target 56,DSC05241,3559.3928,1674.1559
target 56,DSC05242,3018.832,1696.6984
target 56,DSC05243,2423.9905,1644.5315
target 56,DSC05284,2361.2537,2412.1792
target 56,DSC05285,2353.5305,2223.8857
target 56,DSC05286,2356.7634,2321.0391
target 56,DSC05287,2356.1526,2274.1604
target 56,DSC05288,2342.8101,2292.5396
target 56,DSC05289,2336.5325,2201.5
target 56,DSC05290,2335.791,2347.9648
target 56,DSC05291,2340.2656,2394.6516
target 56,DSC05292,2332.0215,2183.624
target 56,DSC05293,2329.3972,2024.311
target 56,DSC05294,2326.0542,1818.2906
target 56,DSC05295,2316.2883,1597.3674
target 56,DSC05296,2326.2905,1618.1774
target 56,DSC05297,2293.8706,1637.1342
target 56,DSC05298,2292.9058,1632.6493
target 56,DSC05299,2299.3623,1646.9358
target 56,DSC05300,2286.2317,1693.2806
target 56,DSC05301,2293.6099,1476.3508
target 56,DSC05302,2294.8906,1487.8021
target 56,DSC05303,2301.9507,1423.8268
target 56,DSC05304,2312.928,1354.625
target 56,DSC05305,3736.6011,1850.4535
target 56,DSC05306,3775.5078,1889.9238
target 56,DSC05307,3720.1714,1902.3682
target 56,DSC05308,3676.5,1902.4207
target 56,DSC05309,3811.6223,1896.6984
target 56,DSC05310,3729.9399,1895.0153
target 56,DSC05311,3170.2019,1901.8043
target 56,DSC05312,3485.4519,1907.522
target 56,DSC05313,3459.0115,1916.46
target 56,DSC05314,3282.623,1923.2931
target 56,DSC05315,3219.1785,1942.6666
target 56,DSC05316,2946.4915,1945.0845
target 56,DSC05317,2972.9038,1935.0647
target 56,DSC05318,2810.1265,1931.7831
target 56,DSC05386,2635.8201,1504.3051
target 56,DSC05387,2638.583,1467.5083
target 56,DSC05388,2615.2595,1326.3213
target 56,DSC05389,2639.7595,1391.3766
target 56,DSC05390,2633.0747,1371.1276
target 56,DSC05391,2631.0132,1547.7699
target 56,DSC05392,2618.7512,1601.0748
target 56,DSC05393,2661.01,1925.3965
target 56,DSC05394,2614.1138,1972.7494
target 56,DSC05395,2597.6162,1981.5652
target 56,DSC05396,2578.2246,1966.6621
target 56,DSC05397,2586.7161,2126.7351
target 56,DSC05398,2581.3843,2238.0281
target 56,DSC05399,2586.4419,2450.8733
target 56,DSC05400,2596.6228,2556.2429
target 56,DSC05401,2621.9077,2734.2708
target 56,DSC05402,2600.5181,2720.1594
target 56,DSC05403,2583.9482,2629.6035
target 56,DSC05404,2576.9265,2735.7227
target 56,DSC05405,4872.9136,1288.567
target 56,DSC05406,4885.3477,1170.2859
target 56,DSC05408,5172.6504,825.7692
target 56,DSC05409,4919.209,980.7585
target 56,DSC05410,4302.1606,826.8596
target 56,DSC05411,4305.6382,871.302
target 56,DSC05412,3787.2688,951.0847
target 56,DSC05413,4017.1892,1066.2111
target 56,DSC05449,2490.9399,2210.0901
target 56,DSC05450,2366.3982,2099.4514
target 56,DSC05451,2668.6335,2116.5652
target 56,DSC05452,2557.4192,2162.4495
target 56,DSC05453,2969.6335,2238.7998
target 56,DSC05454,2908.9636,2187.2578
target 56,DSC05455,3334.417,2210.2063
target 56,DSC05456,3813.2253,2312.5261
target 56,DSC05457,3710.1841,2243.5188
target 56,DSC05458,3859.3901,2204.7173
target 56,DSC05459,3966.3943,2343.8879
target 56,DSC05460,3905.8101,2265.304
target 56,DSC05461,4077.8242,2183.1648
target 56,DSC05462,4062.2109,2190.2544
target 56,DSC05463,4843.3408,1645.2798
target 56,DSC05464,5069.1592,1788.6425
target 56,DSC05465,4570.7202,1728.6276
target 56,DSC05466,4609.3765,1729.9918
target 56,DSC05469,3693.2026,2017.9547
target 56,DSC05472,3709.4832,2018.7921
target 56,DSC05473,4026.3391,2031.2627
target 56,DSC05474,4538.1558,1810.9729
target 56,DSC05475,4373.0918,1736.4285
target 56,DSC05480,4407.8105,2823.8887
target 56,DSC05481,3866.8049,2795.7024
target 56,DSC05482,3776.3037,2917.6052
target 56,DSC05483,3242.7151,2851.9875
target 56,DSC05484,3298.9512,2767.8462
target 56,DSC05485,3173.1963,2771.543
target 56,DSC05486,2960.0349,2826.3608
target 56,DSC05487,2784.5029,2828.2537
target 56,DSC05488,2615.8381,2743.6619
target 56,DSC05489,2464.8647,2731.053
target 56,DSC05490,2454.6726,2666.8999
target 56,DSC05491,2295.5793,2618.156
target 56,DSC05492,2208.9341,2558.7642
target 57,DSC05269,2113.7031,2901.7449
target 57,DSC05270,2081.4504,2573.437
target 57,DSC05271,2038.7239,2406.4663
target 57,DSC05272,2020.5206,2421.1633
target 57,DSC05273,1997.9437,1940.0015
target 57,DSC05274,2025.2043,1926.3743
target 57,DSC05275,2036.0228,2164.5547
target 57,DSC05276,2020.9758,2110.7507
target 57,DSC05277,2015.7452,1951.6063
target 57,DSC05278,1991.0631,1697.4622
target 57,DSC05279,2038.3367,1577.593
target 57,DSC05280,2033.4097,1191.0393
target 57,DSC05281,2061.6802,1417.7861
target 57,DSC05282,2061.0422,1375.3662
target 57,DSC05320,4306.7246,1726.7925
target 57,DSC05321,4405.5239,1708.9231
target 57,DSC05322,3898.7305,1733.322
target 57,DSC05323,3811.0159,1727.2286
target 57,DSC05324,3767.8137,1725.075
target 57,DSC05325,3285.1689,1740.9178
target 57,DSC05326,3202.8909,1743.847
target 57,DSC05327,3104.3284,1744.9622
target 57,DSC05328,3064.8606,1729.5535
target 57,DSC05329,3163.3206,1723.7617
target 57,DSC05330,2829.5808,1726.0114
target 57,DSC05331,2772.7402,1710.5116
target 57,DSC05332,2227.884,1695.6608
target 57,DSC05362,2187.7866,891.9268
target 57,DSC05363,2213.8921,1223.625
target 57,DSC05364,2819.3835,1224.132
target 57,DSC05368,2839.4795,1080.7629
target 57,DSC05369,2832.241,1141.4409
target 57,DSC05370,2834.5615,1093.8728
target 57,DSC05371,2824.3379,1083.838
target 57,DSC05372,2695.0618,1597.5876
target 57,DSC05373,2437.906,689.1672
target 57,DSC05374,2527.866,1402.5498
target 57,DSC05375,2541.2417,1707.1099
target 57,DSC05376,2452.6782,1687.2712
target 57,DSC05377,2377.198,1746.798
target 57,DSC05378,2382.1743,1988.4962
target 57,DSC05379,2412.822,2246.6355
target 57,DSC05380,2415.2808,2362.8108
target 57,DSC05381,2447.3679,2475.0444
target 57,DSC05382,2490.0293,2680.5706
target 57,DSC05383,2549.9487,2788.8647
target 57,DSC05384,2565.8264,3303.0261
target 57,DSC05419,587.6081,1469.6519
target 57,DSC05420,1183.6313,1473.8479
target 57,DSC05428,1896.5901,2318.6892
target 57,DSC05429,1854.1831,2363.1233
target 57,DSC05430,2413.4741,2418.033
target 57,DSC05431,2628.1328,2251.4431
target 57,DSC05432,3317.425,2336.1304
target 57,DSC05433,2258.6101,2274.3425
target 57,DSC05434,2329.7009,2312.5771
target 57,DSC05435,2629.9812,2488.9468
target 57,DSC05436,2549.2368,2525.4163
target 57,DSC05437,2825.3474,2635.5361
target 57,DSC05438,3121.9097,2896.824
target 57,DSC05439,3513.4006,2850.0803
target 57,DSC05440,3702.675,2732.4067
target 57,DSC05441,3857.7397,2785.511
target 57,DSC05442,3777.3052,2644.5898
target 57,DSC05443,3820.1421,2588.7812
target 57,DSC05444,3720.916,2535.4072
target 57,DSC05445,3805.6357,2488.8457
target 57,DSC05447,4185.52,2513.634
target 57,DSC05477,512.2639,2055.5945
target 57,DSC05478,738.4479,2469.6565
target 57,DSC05491,3891.1033,2507.9399
target 57,DSC05492,3772.6443,2491.708
target 57,DSC05493,3776.9236,2510.9192
target 57,DSC05494,3650.6819,2510.0125
target 57,DSC05495,3744.4741,2511.2361
target 57,DSC05496,3735.1389,2543.2808
target 57,DSC05497,3666.5227,2601.23
target 57,DSC05498,3687.1602,2637.918
target 57,DSC05499,3558.4285,2612.0049
target 57,DSC05500,3551.4951,2581.6736
target 57,DSC05501,3393.7583,2574.9055
target 57,DSC05502,3394.239,2490.6147
target 57,DSC05503,3290.6584,2455.3962
target 57,DSC05504,3266.0508,2461.0063
target 57,DSC05505,2950.71,2616.7327
target 57,DSC05506,2910.2144,2652.061
target 57,DSC05507,2848.2512,2671.738
target 57,DSC05508,2820.2334,2716.135
target 57,DSC05509,2379.5054,2773.814
target 57,DSC05510,2274.521,2819.9524
target 57,DSC05511,2409.3347,2742.1543
target 57,DSC05512,2672.479,2336.3887
target 57,DSC05513,2647.0793,2330.678
target 57,DSC05514,2354.5142,2347.6602
target 57,DSC05515,2225.0862,2342.0095
target 57,DSC05516,2369.55,2280.5417
target 57,DSC05517,2252.4224,2244.3252
target 57,DSC05518,2195.8606,2324.4375
target 57,DSC05519,1819.5247,2420.6477
target 57,DSC05520,1562.6611,2329.1846
target 58,DSC05226,2722.5725,2912.1499
target 58,DSC05227,2720.5845,2516.3611
target 58,DSC05228,2724.709,2711.1509
target 58,DSC05229,2734.3884,2635.6829
target 58,DSC05230,2736.9548,2515.2996
target 58,DSC05238,3876.5193,3277.7952
target 58,DSC05239,3925.7957,3278.6167
target 58,DSC05240,3827.991,3285.0073
target 58,DSC05289,4100.147,1270.7921
target 58,DSC05290,4064.4919,1412.8828
target 58,DSC05291,4039.2231,1468.2697
target 58,DSC05292,4016.6443,1275.5902
target 58,DSC05293,4013.6421,1125.7268
target 58,DSC05294,4010.2166,937.2323
target 58,DSC05295,4009.3743,735.7172
target 58,DSC05296,3973.9519,785.1004
target 58,DSC05297,4037.5,789.4089
target 58,DSC05298,4031.6631,814.0989
target 58,DSC05299,3981.8569,909.0075
target 58,DSC05300,3931.0591,1023.2494
target 58,DSC05301,3921.208,872.5569
target 58,DSC05302,3879.1501,951.6019
target 58,DSC05303,3841.865,967.1319
target 58,DSC05304,3756.4143,974.9821
target 58,DSC05305,4033.3154,3096.5586
target 58,DSC05306,4121.4956,3158.2405
target 58,DSC05307,4134.2563,3202.3486
target 58,DSC05308,4172.1953,3242.0083
target 58,DSC05309,4400.6318,3294.0742
target 58,DSC05310,4409.377,3352.623
target 58,DSC05311,3911.1633,3372.5393
target 58,DSC05312,4296.6118,3478.822
target 58,DSC05313,4332.8682,3593.0364
target 58,DSC05314,4191.6006,3641.032
target 58,DSC05315,4180.8247,3751.3645
target 58,DSC05316,3877.6946,3749.1411
target 58,DSC05317,3861.571,3796.7637
target 58,DSC05387,994.5958,2306.8127
target 58,DSC05388,1026.1364,2206.1523
target 58,DSC05389,1119.6748,2251.6912
target 58,DSC05390,1149.603,2239.4729
target 58,DSC05391,1174.6072,2393.0952
target 58,DSC05392,1172.632,2443.6794
target 58,DSC05393,1239.9227,2710.5977
target 58,DSC05394,1208.6565,2752.3462
target 58,DSC05395,1224.3994,2739.2856
target 58,DSC05396,1226.8126,2704.6941
target 58,DSC05397,1261.5914,2817.6165
target 58,DSC05398,1268.9005,2895.416
target 58,DSC05399,1296.2061,3051.9553
target 58,DSC05400,1328.7935,3111.2156
target 58,DSC05401,1406.7189,3190.6379
target 58,DSC05402,1405.0336,3115.9983
target 58,DSC05403,1415.6815,2966.8088
target 58,DSC05404,1424.0597,3002.9155
target 58,DSC05411,4369.272,2060.928
target 58,DSC05412,4018.0757,2161.8655
target 58,DSC05413,4353.3848,2388.5225
target 58,DSC05449,3268.116,3881.3132
target 58,DSC05450,3151.7527,3606.1655
target 58,DSC05451,3424.0815,3595.1904
target 58,DSC05452,3353.042,3532.2798
target 58,DSC05453,3730.7134,3621.8982
target 58,DSC05454,3641.2466,3478.8867
target 58,DSC05455,3965.7678,3413.2119
target 58,DSC05456,4341.3716,3506.4678
target 58,DSC05457,4156.6372,3334.5073
target 58,DSC05458,4179.7402,3216.9585
target 58,DSC05459,4187.3188,3324.3652
target 58,DSC05460,4047.4729,3196.8999
target 58,DSC05465,4695.0942,2813.3486
target 58,DSC05466,4718.9038,2816.3728
target 58,DSC05469,4027.375,2971.4355
target 58,DSC05472,4040.1162,2974.3286
target 58,DSC05473,4352.8564,3050.7537
target 58,DSC05474,4572.0166,2778.6611
target 58,DSC05480,4671.7139,3525.9976
target 58,DSC05481,4253.2524,3481.9802
target 58,DSC05482,4265.2993,3658.009
target 58,DSC05483,3877.6599,3614.363
target 58,DSC05484,3945.0415,3591.5132
target 58,DSC05485,3876.1313,3647.2415
target 58,DSC05486,3736.3845,3730.6838
target 58,DSC05487,3610.1345,3760.0588
target 58,DSC05488,3479.9756,3762.0334
target 58,DSC05489,3359.5942,3789.8857
target 58,DSC05490,3336.1729,3787.3364
target 58,DSC05491,3190.5049,3759.4604
target 58,DSC05492,3099.1394,3720.5601
target 58,DSC05493,3098.23,3682.0522
target 59,DSC05196,4315.4458,1977.3224
target 59,DSC05197,4315.6436,2413.1091
target 59,DSC05198,4309.1748,2314.4368
target 59,DSC05199,4302.0386,2504.7756
target 59,DSC05200,4280.5854,2567.9771
target 59,DSC05201,4291.4194,2560.063
target 59,DSC05202,4314.1338,2386.9038
target 59,DSC05203,4355.2412,2095.9146
target 59,DSC05204,3754.9675,1573.5895
target 59,DSC05205,3821.5044,1869.3363
target 59,DSC05248,3913.4741,2127.6121
target 59,DSC05249,3935.689,2083.5806
target 59,DSC05250,3514.0828,2100.4541
target 59,DSC05251,2754.4492,2091.1396
target 59,DSC05260,2844.4514,1667.9757
target 59,DSC05261,2847.0278,1981.8087
target 59,DSC05262,2839.0178,1758.6337
target 59,DSC05263,2838.2537,1414.6456
target 59,DSC05264,2847.0032,1229.6772
target 59,DSC05265,2821.9897,1732.1727
target 59,DSC05266,2789.1194,2203.0171
target 59,DSC05267,2833.6177,1967.2571
target 59,DSC05268,2683.6619,1229.0984
target 59,DSC05269,2826.0769,1810.9725
target 59,DSC05270,2825.3408,1529.6989
target 59,DSC05271,2838.6926,1388.1708
target 59,DSC05272,2842.5547,1492.4141
target 59,DSC05329,4208.1294,2394.8035
target 59,DSC05330,3988.3682,2395.3091
target 59,DSC05331,3980.5249,2372.9338
target 59,DSC05332,3551.2327,2354.9688
target 59,DSC05333,3288.1562,2373.791
target 59,DSC05334,3519.0,2375.4561
target 59,DSC05335,3374.822,2384.0242
target 59,DSC05336,3605.1824,2402.8779
target 59,DSC05337,3791.4241,2406.6663
target 59,DSC05338,3682.4827,2420.3896
target 59,DSC05339,3705.8513,2434.021
target 59,DSC05340,3596.6868,2424.3916
target 59,DSC05341,3169.54,2435.9077
target 59,DSC05342,3613.6096,2432.2012
target 59,DSC05343,3672.2266,2439.5508
target 59,DSC05344,3456.7183,2424.5728
target 59,DSC05345,3349.3528,2418.541
target 59,DSC05349,2901.9126,2368.7295
target 59,DSC05350,2670.9924,2354.9036
target 59,DSC05351,2527.7937,2593.9238
target 59,DSC05352,1451.3632,2040.1871
target 59,DSC05353,1716.9164,2034.0542
target 59,DSC05357,1644.2095,1791.5952
target 59,DSC05358,1591.8042,2236.9946
target 59,DSC05359,1574.7429,2112.6707
target 59,DSC05360,1583.4686,2177.1008
target 59,DSC05361,1524.4448,2288.3564
target 59,DSC05362,1647.3948,2327.9958
target 59,DSC05363,1696.2006,2574.1235
target 59,DSC05364,2319.3293,2565.1621
target 59,DSC05365,2332.4092,2554.0552
target 59,DSC05366,2363.7402,2265.8313
target 59,DSC05367,2330.2048,2415.135
target 59,DSC05368,2389.4924,2358.5798
target 59,DSC05369,2411.1411,2357.0129
target 59,DSC05370,2443.1714,2256.1714
target 59,DSC05371,2452.1038,2229.4807
target 59,DSC05372,2276.8669,2830.6572
target 59,DSC05373,2221.6401,1783.0488
target 59,DSC05374,2270.4041,2355.1165
target 59,DSC05414,2113.9065,1819.0034
target 59,DSC05415,2358.2512,1957.5815
target 59,DSC05417,2490.5513,1945.692
target 59,DSC05418,2771.4165,2002.1438
target 59,DSC05419,3094.3374,1881.2357
target 59,DSC05420,3502.9495,1888.1633
target 59,DSC05424,2944.0303,2776.9819
target 59,DSC05425,3089.8516,2813.5618
target 59,DSC05426,3393.9849,2940.7456
target 59,DSC05427,3359.6843,2943.2236
target 59,DSC05428,3473.5591,2909.3176
target 59,DSC05429,3424.0598,2862.7336
target 59,DSC05430,3925.3179,2905.1821
target 59,DSC05431,3924.5,2672.9065
target 59,DSC05432,4543.188,2764.3
target 59,DSC05433,3442.822,2538.7976
target 59,DSC05434,3480.531,2554.2527
target 59,DSC05435,3753.8027,2695.6892
target 59,DSC05436,3613.3242,2678.6516
target 59,DSC05437,3830.7148,2759.4597
target 59,DSC05476,2509.0508,2387.9316
target 59,DSC05477,2752.1123,2377.7725
target 59,DSC05478,2988.2231,2492.4519
target 59,DSC05508,3832.019,2540.6299
target 59,DSC05509,3499.3501,2564.0
target 59,DSC05510,3624.8962,2770.3113
target 59,DSC05511,3815.1975,2826.0547
target 59,DSC05512,3998.9697,2618.4231
target 59,DSC05513,4005.1245,2661.366
target 59,DSC05514,3757.793,2696.3499
target 59,DSC05515,3666.5308,2755.0051
target 59,DSC05516,3797.3892,2786.5886
target 59,DSC05517,3674.645,2797.1941
target 59,DSC05518,3660.4165,2955.9092
target 59,DSC05519,3342.6218,3038.9758
target 59,DSC05520,3042.7041,2963.2173
target 59,DSC05521,2874.4229,2906.9094
target 59,DSC05522,2725.4485,2914.7698
target 60,DSC05196,2494.1682,2147.7375
target 60,DSC05197,2507.0811,2693.606
target 60,DSC05198,2522.7136,2643.2009
target 60,DSC05199,2511.1604,2900.1311
target 60,DSC05200,2519.019,2994.6467
target 60,DSC05201,2526.1138,3031.49
target 60,DSC05202,2543.377,2892.0615
target 60,DSC05203,2535.332,2635.0798
target 60,DSC05204,1910.5294,2118.7646
target 60,DSC05205,1830.6486,2490.8218
target 60,DSC05207,1810.5748,2715.9219
target 60,DSC05255,4809.6709,2585.408
target 60,DSC05256,4859.0913,2093.95
target 60,DSC05257,5076.7969,1813.3121
target 60,DSC05258,5108.4849,1715.1334
target 60,DSC05260,5215.1768,1383.1426
target 60,DSC05261,5178.502,1638.2163
target 60,DSC05262,5116.623,1382.2874
target 60,DSC05263,5090.5264,957.2616
target 60,DSC05264,5115.9531,718.9633
target 60,DSC05265,4872.6743,1217.0858
target 60,DSC05266,4735.8433,1653.896
target 60,DSC05267,4945.915,1352.9303
target 60,DSC05268,5312.5566,450.0194
target 60,DSC05269,4568.7183,1234.5673
target 60,DSC05351,315.8949,2424.5981
target 60,DSC05364,490.1299,3017.2798
target 60,DSC05365,492.2773,2974.9614
target 60,DSC05366,525.6561,2650.3252
target 60,DSC05367,409.4186,2742.3438
target 60,DSC05368,675.7688,2818.957
target 60,DSC05369,754.3271,2822.3889
target 60,DSC05370,850.4291,2727.7695
target 60,DSC05371,894.0603,2712.1667
target 60,DSC05372,499.7,3327.1709
target 60,DSC05414,2843.842,3871.3496
target 60,DSC05419,3674.8425,3835.5
target 61,DSC05196,5678.625,1534.4453
target 61,DSC05197,5699.9136,1947.0333
target 61,DSC05198,5717.0474,1843.8334
target 61,DSC05199,5747.4624,2033.4749
target 61,DSC05200,5730.6484,2108.3967
target 61,DSC05201,5796.0649,2112.2207
target 61,DSC05202,5887.2134,1951.9399
target 61,DSC05255,1432.4022,2980.3872
target 61,DSC05256,1401.9336,2493.6118
target 61,DSC05257,1282.1277,2364.8989
target 61,DSC05258,1232.65,2402.4226
target 61,DSC05260,1139.9799,2245.7454
target 61,DSC05261,1126.3453,2583.074
target 61,DSC05262,1143.6522,2350.7214
target 61,DSC05263,1123.4611,2003.8085
target 61,DSC05264,1110.1019,1828.7633
target 61,DSC05265,1155.7611,2290.3042
target 61,DSC05266,1112.0747,2763.8521
target 61,DSC05267,1001.2087,2550.3047
target 61,DSC05268,161.1917,1902.7332
target 61,DSC05269,1185.3639,2184.6936
target 61,DSC05270,1123.5682,1879.7614
target 61,DSC05271,1036.0776,1719.2701
target 61,DSC05328,3683.853,644.8353
target 61,DSC05329,3878.4861,598.3458
target 61,DSC05330,3610.9409,601.2918
target 61,DSC05331,3585.4429,619.6901
target 61,DSC05332,3100.2568,592.9167
target 61,DSC05333,2768.2981,569.5512
target 61,DSC05334,3010.3345,632.4344
target 61,DSC05335,2847.9954,670.8181
target 61,DSC05336,3054.8503,682.0197
target 61,DSC05337,3216.0676,666.7335
target 61,DSC05338,3085.5679,668.3923
target 61,DSC05339,3095.01,666.3177
target 61,DSC05340,2997.5491,709.8528
target 61,DSC05341,2571.4192,736.6335
target 61,DSC05342,3037.033,753.4507
target 61,DSC05343,3104.1267,756.1233
target 61,DSC05344,2919.2065,795.0367
target 61,DSC05345,2829.6062,814.4551
target 61,DSC05346,2846.0767,820.7432
target 61,DSC05348,2670.1531,825.8063
target 61,DSC05349,2523.7876,851.9452
target 61,DSC05351,3994.6301,2266.5164
target 61,DSC05352,2981.2783,1672.0081
target 61,DSC05353,3226.4785,1662.4301
target 61,DSC05354,3224.0,1392.0
target 61,DSC05355,3250.6946,1538.8303
target 61,DSC05356,3248.8347,1361.4044
target 61,DSC05357,3239.6169,1291.7234
target 61,DSC05358,3242.229,1710.2601
target 61,DSC05359,3236.9866,1551.7006
target 61,DSC05360,3254.3977,1607.4156
target 61,DSC05361,3248.9849,1708.7657
target 61,DSC05362,3257.0781,1812.3438
target 61,DSC05363,3245.0452,2091.3223
target 61,DSC05364,3871.0244,2089.6812
target 61,DSC05365,3870.0469,2075.2651
target 61,DSC05366,3870.6306,1754.0739
target 61,DSC05367,3857.2751,1896.7103
target 61,DSC05368,3888.0447,1912.9583
target 61,DSC05369,3877.2251,1939.7688
target 61,DSC05370,3872.1296,1855.4764
target 61,DSC05371,3841.063,1815.1433
target 61,DSC05372,3855.9351,2438.0847
target 61,DSC05373,3845.3062,1402.9031
target 61,DSC05374,3854.8936,2059.7888
target 61,DSC05375,3857.9961,2316.8945
target 61,DSC05376,3845.8376,2208.0696
target 61,DSC05421,1580.0631,962.5388
target 61,DSC05422,2050.5,1015.0
target 61,DSC05423,2278.1399,1017.4899
target 61,DSC05424,2377.4634,1062.2393
target 61,DSC05425,2518.7898,1087.1841
target 61,DSC05426,2824.6558,1138.5787
target 61,DSC05427,2775.8174,1150.8253
target 61,DSC05428,2929.3135,1155.4907
target 61,DSC05429,2907.1714,1138.6573
target 61,DSC05430,3509.8755,1162.1324
target 61,DSC05431,3587.2954,1105.7189
target 61,DSC05432,4346.252,1140.311
target 61,DSC05433,3112.8611,1046.5023
target 61,DSC05434,3190.4602,1040.7313
target 61,DSC05435,3528.0696,1117.3499
target 61,DSC05436,3375.2971,1132.0227
target 61,DSC05437,3640.2874,1188.3313
target 61,DSC05438,3836.0186,1242.625
target 61,DSC05439,3985.7566,1223.5826
target 61,DSC05476,1330.014,197.1127
target 61,DSC05477,1684.9143,218.9647
target 61,DSC05478,2043.2755,314.2978
target 61,DSC05500,3729.7256,1115.9695
target 61,DSC05501,3629.1951,1118.645
target 61,DSC05502,3809.0232,1097.2115
target 61,DSC05503,3744.8645,1085.8177
target 61,DSC05504,3775.5195,1102.1536
target 61,DSC05505,3514.6184,1200.4283
target 61,DSC05506,3541.6646,1235.9767
target 61,DSC05507,3541.3555,1261.9445
target 61,DSC05508,3599.1118,1308.6118
target 61,DSC05509,3143.0317,1332.6584
target 61,DSC05510,3199.0159,1464.0203
target 61,DSC05511,3393.8362,1473.4036
target 61,DSC05512,3627.0779,1259.151
target 61,DSC05513,3610.895,1277.9518
target 61,DSC05514,3284.5046,1304.9055
target 61,DSC05515,3143.8149,1329.8373
target 61,DSC05516,3296.8481,1324.1489
target 61,DSC05517,3138.0344,1321.8079
target 61,DSC05518,3091.6541,1418.9347
target 61,DSC05519,2666.1458,1493.1698
target 61,DSC05520,2309.2449,1434.7068
target 61,DSC05521,2120.9277,1384.5928
target 61,DSC05522,1947.3513,1380.7731
target 61,DSC05523,2233.4529,1321.9963
target 61,DSC05524,2072.9456,1322.312
target 61,DSC05525,1623.6317,1330.0868
target 62,DSC05441,3487.9299,539.2874
target 62,DSC05442,3289.6106,503.4231
target 62,DSC05443,3249.5283,498.481
target 62,DSC05444,3037.9858,484.8019
target 62,DSC05445,3065.2847,496.6962
target 62,DSC05447,3350.3562,262.8166
target 62,DSC05448,3281.2095,190.9779
target 62,DSC05449,3262.8494,152.8048
target 62,DSC05450,3029.4954,179.3111
target 62,DSC05451,3382.0344,181.9951
target 62,DSC05452,3138.385,301.3276
target 62,DSC05481,4261.7671,686.394
target 62,DSC05482,4282.083,749.9441
target 62,DSC05483,3668.3088,724.7132
target 62,DSC05484,3786.969,695.6367
target 62,DSC05485,3698.7788,710.2636
target 62,DSC05486,3482.6572,744.764
target 62,DSC05487,3296.6716,755.2985
target 62,DSC05488,3145.1211,735.8261
target 62,DSC05489,2981.261,744.3161
target 62,DSC05490,2992.4429,729.9863
target 62,DSC05491,2794.5571,714.7328
target 62,DSC05492,2685.1343,695.6458
target 62,DSC05493,2754.0447,661.9723
target 62,DSC05494,2679.8892,631.4828
target 62,DSC05495,2844.7729,607.0102
target 62,DSC05496,2913.8792,599.0195
target 62,DSC05497,2916.0232,596.335
target 62,DSC05498,3077.9802,573.3707
target 62,DSC05499,3092.2119,546.4712
target 62,DSC05500,3279.9736,517.4598
target 62,DSC05501,3180.1365,514.7792
target 62,DSC05502,3403.0532,476.6575
target 62,DSC05503,3349.0938,464.6367
target 62,DSC05504,3391.4338,471.0564
target 62,DSC05505,3113.4656,536.8602
target 62,DSC05506,3153.3418,551.4191
target 62,DSC05507,3167.0884,557.9846
target 62,DSC05508,3244.3245,571.7901
target 62,DSC05509,2769.8242,585.6622
target 62,DSC05510,2912.9285,659.3235
target 62,DSC05511,3169.0525,656.9762
target 63,DSC05255,3385.8125,1420.4375
target 63,DSC05256,3414.5615,870.3923
target 63,DSC05305,2175.4934,2861.0715
target 63,DSC05306,2228.9187,2872.7092
target 63,DSC05307,2196.665,2863.9124
target 63,DSC05348,4443.3643,3107.0483
target 63,DSC05349,4178.5239,3086.9465
target 63,DSC05350,3853.717,3074.2295
target 63,DSC05351,1732.0856,3897.887
target 63,DSC05352,610.1932,3301.8865
target 63,DSC05353,915.6442,3263.4199
target 63,DSC05354,1007.7539,3022.0039
target 63,DSC05355,1055.9469,3178.2566
target 63,DSC05356,1085.1959,3068.7783
target 63,DSC05357,1082.3546,3059.8022
target 63,DSC05400,1869.3113,1079.283
target 63,DSC05401,1840.3823,1172.1323
target 63,DSC05402,1730.163,1050.2734
target 63,DSC05403,1584.0756,857.5612
target 63,DSC05404,1506.4242,908.7103
target 63,DSC05405,2399.2634,2604.0444
target 63,DSC05406,2546.5925,2548.4341
target 63,DSC05408,3223.2195,2311.9529
target 63,DSC05409,2662.2817,2308.8008
target 63,DSC05410,2379.0466,1996.4658
target 63,DSC05411,2346.9846,1894.458
target 63,DSC05412,1842.6927,2007.2189
target 63,DSC05413,2100.0107,1910.2742
target 63,DSC05421,3281.2935,3161.157
target 63,DSC05422,3840.5945,3317.2363
target 63,DSC05423,4047.9666,3291.7844
target 63,DSC05424,4198.7368,3299.8264
target 63,DSC05425,4323.8613,3285.4277
target 63,DSC05456,2497.2385,2689.6931
target 63,DSC05457,2277.6147,2739.1558
target 63,DSC05458,2304.405,2821.0317
target 63,DSC05459,2203.979,3108.353
target 63,DSC05460,2147.25,3151.5
target 63,DSC05461,2307.3467,3134.6182
target 63,DSC05462,2142.5166,3062.3948
target 63,DSC05463,2618.2024,2816.1143
target 63,DSC05464,2582.8501,2684.8093
target 63,DSC05465,2303.9797,2513.0764
target 63,DSC05466,2312.3765,2508.8857
target 63,DSC05469,1653.6666,2847.9099
target 63,DSC05472,1668.7649,2842.6392
target 63,DSC05473,2024.7101,2674.7764
target 63,DSC05474,2440.8535,2638.6528
target 63,DSC05475,2284.02,2867.7292
target 63,DSC05476,3841.8845,2525.9424
target 63,DSC05480,2722.5632,3112.1606
target 63,DSC05481,2303.0972,3120.636
target 63,DSC05482,2302.1099,3077.533
target 63,DSC05483,1967.948,2995.0715
target 63,DSC05484,2120.4219,2851.1328
target 63,DSC05485,2118.2249,2785.0688
target 63,DSC05486,2015.5309,2788.0979
target 63,DSC05487,1945.2241,2758.9712
target 63,DSC05516,4776.772,2918.7896
target 63,DSC05518,4772.8975,3178.4939
target 63,DSC05519,4499.938,3236.073
target 63,DSC05520,4223.7681,3192.2629
target 63,DSC05521,4071.8525,3176.2681
target 63,DSC05522,3951.6912,3228.5845
target 63,DSC05523,4157.3296,3393.8999
target 63,DSC05524,4026.0688,3432.4346
target 63,DSC05525,3661.7212,3446.4519
target 64,DSC05213,4470.8647,2140.9026
target 64,DSC05214,4464.5103,1978.1205
target 64,DSC05215,4445.2744,1980.3617
target 64,DSC05216,4450.4644,1981.4803
target 64,DSC05217,4389.1777,2288.4275
target 64,DSC05218,4376.6499,2321.9844
target 64,DSC05219,4345.0518,2392.3931
target 64,DSC05220,4339.4507,2496.6394
target 64,DSC05221,4304.9375,2407.8464
target 64,DSC05222,4283.5215,2010.5898
target 64,DSC05224,4189.0098,2254.282
target 64,DSC05241,3929.481,1757.0778
target 64,DSC05242,3490.384,1767.0836
target 64,DSC05243,3055.9585,1695.962
target 64,DSC05244,2892.6865,1707.4194
target 64,DSC05245,3340.7842,1713.4899
target 64,DSC05246,3834.2642,1670.687
target 64,DSC05286,2212.1489,1710.0604
target 64,DSC05287,2214.0469,1687.1199
target 64,DSC05288,2200.8799,1721.009
target 64,DSC05289,2198.8801,1681.9363
target 64,DSC05295,2196.4524,1402.0714
target 64,DSC05300,2173.1899,1856.7915
target 64,DSC05309,3661.3157,1712.6052
target 64,DSC05319,3544.5132,1726.875
target 64,DSC05320,3748.0923,1726.507
target 64,DSC05321,4040.551,1706.8829
target 64,DSC05322,3734.042,1729.9843
target 64,DSC05324,3891.9697,1717.4242
target 64,DSC05379,2849.3772,2216.0459
target 64,DSC05380,2854.0557,2228.8491
target 64,DSC05381,2872.3142,2152.4824
target 64,DSC05382,2889.1304,2198.251
target 64,DSC05383,2913.8213,2180.095
target 64,DSC05384,2916.917,2571.5237
target 64,DSC05385,2936.854,2465.0552
target 64,DSC05394,2992.7175,2183.4412
target 64,DSC05395,2986.3979,2119.2056
target 64,DSC05399,2985.2263,2349.3396
target 64,DSC05440,3746.3252,2128.605
target 64,DSC05441,3761.5444,2145.8445
target 64,DSC05442,3538.0854,2054.0493
target 64,DSC05443,3477.9683,2023.9137
target 64,DSC05444,3249.1924,1998.6965
target 64,DSC05445,3236.7388,1985.3785
target 64,DSC05447,3404.2087,1910.345
target 64,DSC05448,3309.8594,1852.2216
target 64,DSC05454,3230.8303,1735.0447
target 64,DSC05487,3073.4692,2098.1914
target 64,DSC05488,3023.9026,2060.3491
target 64,DSC05489,2935.7095,2064.9666
target 64,DSC05498,3357.9026,1873.0975
target 64,DSC05499,3413.5,1849.0
target 65,DSC05221,5118.5703,2166.626
target 65,DSC05222,5097.585,1865.6765
target 65,DSC05224,4921.5352,2374.0122
target 65,DSC05225,4802.8242,2615.4329
target 65,DSC05226,4693.1143,2724.1475
target 65,DSC05227,4718.9961,2388.843
target 65,DSC05228,4801.4321,2629.0034
target 65,DSC05229,4827.4434,2601.3623
target 65,DSC05230,4813.8838,2533.6035
target 65,DSC05231,4810.6743,2889.5
target 65,DSC05232,4785.9595,3124.3157
target 65,DSC05233,4755.3066,3041.9202
target 65,DSC05234,4749.5,3401.1311
target 65,DSC05235,4683.0186,3282.1243
target 65,DSC05236,4015.4551,1365.064
target 65,DSC05237,4258.7075,1300.4943
target 65,DSC05238,3863.8767,1244.1843
target 65,DSC05239,3825.5479,1160.3267
target 65,DSC05240,3627.9375,1148.1549
target 65,DSC05241,4094.8743,1084.9749
target 65,DSC05242,3472.261,1107.0869
target 65,DSC05243,2742.6289,1004.5859
target 65,DSC05284,1794.7579,2203.8157
target 65,DSC05285,1780.2626,1920.6259
target 65,DSC05286,1790.8754,1942.4736
target 65,DSC05287,1790.3157,1862.126
target 65,DSC05288,1737.2526,1793.7642
target 65,DSC05289,1731.4408,1642.85
target 65,DSC05290,1744.8662,1733.1473
target 65,DSC05291,1761.8549,1763.084
target 65,DSC05292,1759.7971,1509.222
target 65,DSC05293,1757.609,1324.139
target 65,DSC05294,1757.7891,1085.618
target 65,DSC05295,1747.528,829.1508
target 65,DSC05296,1775.9325,860.5029
target 65,DSC05297,1709.9473,801.4196
target 65,DSC05298,1715.6666,786.9432
target 65,DSC05299,1753.4124,823.6973
target 65,DSC05300,1763.5369,894.9321
target 65,DSC05301,1782.748,692.0177
target 65,DSC05302,1807.0591,745.0034
target 65,DSC05303,1836.9905,728.0568
target 65,DSC05304,1884.4772,727.1674
target 65,DSC05305,4274.3179,1449.7596
target 65,DSC05306,4345.6621,1483.2433
target 65,DSC05307,4329.8853,1485.2585
target 65,DSC05308,4329.1436,1472.8961
target 65,DSC05309,4513.4941,1452.5403
target 65,DSC05310,4460.0645,1431.9703
target 65,DSC05311,3881.7239,1434.0684
target 65,DSC05312,4224.2065,1417.8846
target 65,DSC05313,4218.8452,1401.1886
target 65,DSC05314,3995.4231,1403.6581
target 65,DSC05315,3858.5801,1404.0636
target 65,DSC05316,3475.583,1418.7104
target 65,DSC05317,3375.8665,1410.785
target 65,DSC05318,3080.6377,1428.7834
target 65,DSC05385,2940.8271,1960.5737
target 65,DSC05386,2947.4685,1846.5757
target 65,DSC05387,2961.9497,1884.09
target 65,DSC05388,2958.9624,1817.5465
target 65,DSC05389,2988.8152,1930.5945
target 65,DSC05390,2995.2219,1948.4349
target 65,DSC05391,2999.667,2171.7668
target 65,DSC05392,2998.4636,2261.4741
target 65,DSC05393,3026.1057,2590.6863
target 65,DSC05394,3006.0276,2698.7126
target 65,DSC05395,3008.5278,2734.5232
target 65,DSC05396,3006.7773,2738.9375
target 65,DSC05397,3022.4382,2907.5459
target 65,DSC05398,3025.7202,3027.4141
target 65,DSC05399,3033.7463,3238.9182
target 65,DSC05400,3050.3096,3336.9741
target 65,DSC05401,3077.491,3476.8569
target 65,DSC05402,3079.5422,3445.1929
target 65,DSC05403,3091.9556,3320.3489
target 65,DSC05404,3095.7236,3394.9124
target 65,DSC05405,5757.3955,570.7076
target 65,DSC05406,5645.894,477.4077
target 65,DSC05409,5734.5273,277.2163
target 65,DSC05410,5019.4536,226.5465
target 65,DSC05411,5163.7085,279.6943
target 65,DSC05412,4681.0889,327.3609
target 65,DSC05413,5120.5244,455.4497
target 65,DSC05448,2803.1599,2080.1733
target 65,DSC05449,2868.7214,2056.4688
target 65,DSC05450,2793.967,1902.4391
target 65,DSC05451,3217.8132,1911.8131
target 65,DSC05452,3107.6116,1921.2665
target 65,DSC05453,3598.7991,1998.9397
target 65,DSC05454,3601.2539,1912.1998
target 65,DSC05455,4116.7612,1891.7739
target 65,DSC05456,4685.9497,1975.0571
target 65,DSC05457,4528.981,1862.4637
target 65,DSC05458,4620.1216,1790.7971
target 65,DSC05459,4731.314,1862.0355
target 65,DSC05460,4581.9639,1769.7529
target 65,DSC05461,4709.6914,1679.9366
target 65,DSC05462,4846.813,1607.3392
target 65,DSC05463,5781.4185,901.7878
target 65,DSC05465,5823.3354,1058.8258
target 65,DSC05466,5887.7046,1054.5409
target 65,DSC05469,4742.3623,1368.2045
target 65,DSC05472,4760.9355,1371.6863
target 65,DSC05473,5173.4346,1447.863
target 65,DSC05474,5517.1079,1216.0789
target 65,DSC05475,5163.0273,1077.688
target 65,DSC05480,5354.9414,2453.5764
target 65,DSC05481,4753.4419,2409.6902
target 65,DSC05482,4721.0342,2603.5613
target 65,DSC05483,4115.7334,2556.7666
target 65,DSC05484,4154.8408,2521.8152
target 65,DSC05485,4005.8713,2574.6714
target 65,DSC05486,3765.2883,2662.3884
target 65,DSC05487,3549.7949,2690.5408
target 65,DSC05488,3281.5537,2667.3137
target 65,DSC05489,3067.2468,2684.3577
target 65,DSC05490,2987.0986,2654.6995
target 65,DSC05491,2759.9343,2613.8416
target 65,DSC05492,2616.8757,2559.0125
target 65,DSC05493,2580.731,2480.2131
target 66,DSC05224,4503.2344,2668.9824
target 66,DSC05225,4412.7969,2786.9902
target 66,DSC05226,4330.1968,2763.7666
target 66,DSC05227,4339.8223,2350.6833
target 66,DSC05228,4394.1509,2464.5613
target 66,DSC05237,3755.5398,1599.7301
target 66,DSC05240,3657.7126,1525.7529
target 66,DSC05241,4346.5498,1449.3438
target 66,DSC05301,1906.8966,1285.472
target 66,DSC05302,1917.8954,1387.2267
target 66,DSC05308,3789.6387,1471.1761
target 66,DSC05309,4059.5862,1453.8759
target 66,DSC05388,3227.6685,2334.8315
target 66,DSC05389,3247.8843,2330.9927
target 66,DSC05397,3275.4265,2601.8975
target 66,DSC05398,3277.4397,2659.4397
target 66,DSC05399,3279.2544,2798.0828
target 66,DSC05400,3289.5208,2835.6392
target 66,DSC05401,3299.8105,2884.1687
target 66,DSC05449,3736.3896,1630.9302
target 66,DSC05450,3469.3728,1506.3208
target 66,DSC05452,3512.2676,1516.7677
target 66,DSC05456,4335.5522,1534.6544
target 67,DSC05202,3529.6572,1738.0724
target 67,DSC05203,3553.5242,1412.4224
target 67,DSC05204,2975.2429,844.745
target 67,DSC05208,2996.5129,1767.9805
target 67,DSC05210,2980.1104,2003.4584
target 67,DSC05211,2975.3979,2028.0717
target 67,DSC05212,2981.9712,1896.8668
target 67,DSC05213,2992.4626,1743.9298
target 67,DSC05214,3000.2046,1627.0717
target 67,DSC05215,2996.7876,1672.7142
target 67,DSC05216,3002.6328,1728.9507
target 67,DSC05219,2969.7136,2321.4478
target 67,DSC05221,2955.9067,2476.988
target 67,DSC05222,2953.7373,2097.2424
target 67,DSC05224,2924.5815,2447.989
target 67,DSC05225,2904.6599,2617.7561
target 67,DSC05241,4216.6782,3075.1021
target 67,DSC05242,3639.0757,3067.4319
target 67,DSC05243,3016.6375,3032.3125
target 67,DSC05244,2734.5378,3024.52
target 67,DSC05245,3115.0759,3039.791
target 67,DSC05246,3511.5889,3047.1306
target 67,DSC05247,3405.999,3051.9167
target 67,DSC05249,3136.2307,3011.6155
target 67,DSC05266,3616.186,2867.9297
target 67,DSC05267,3734.5117,2701.8059
target 67,DSC05268,3835.0325,2194.5383
target 67,DSC05269,3684.7361,2456.8784
target 67,DSC05270,3715.0933,2185.4817
target 67,DSC05271,3782.4224,2063.7039
target 67,DSC05272,3809.0654,2146.2986
target 67,DSC05273,3828.4478,1758.3707
target 67,DSC05274,3784.417,1819.4645
target 67,DSC05275,3766.7588,2122.8918
target 67,DSC05276,3785.0,2159.8311
target 67,DSC05277,3792.0786,2115.1855
target 67,DSC05278,3808.3403,1981.6575
target 67,DSC05279,3766.4084,1976.9851
target 67,DSC05280,3761.3262,1696.2207
target 67,DSC05281,3747.1995,1964.394
target 67,DSC05282,3759.6379,2004.921
target 67,DSC05283,3742.1838,1914.9702
target 67,DSC05284,3746.4626,1728.1322
target 67,DSC05285,3745.1323,1532.2134
target 67,DSC05286,3727.7935,1630.7065
target 67,DSC05287,3725.7734,1587.9336
target 67,DSC05288,3787.554,1575.1796
target 67,DSC05289,3782.3037,1498.8105
target 67,DSC05290,3764.2327,1666.9302
target 67,DSC05291,3749.9126,1730.9126
target 67,DSC05315,3911.3914,3383.9131
target 67,DSC05316,3659.4834,3377.6375
target 67,DSC05317,3703.5378,3401.7556
target 67,DSC05318,3522.5537,3369.8655
target 67,DSC05319,3495.2671,3361.5942
target 67,DSC05320,3610.1301,3351.9866
target 67,DSC05321,3828.2209,3293.0745
target 67,DSC05322,3492.2493,3278.4534
target 67,DSC05323,3523.2317,3267.3562
target 67,DSC05324,3545.0374,3328.0103
target 67,DSC05325,3194.8147,3360.5518
target 67,DSC05326,3243.0232,3362.1318
target 67,DSC05327,3253.3735,3372.259
target 67,DSC05328,3298.1421,3339.5964
target 67,DSC05329,3488.0613,3363.0586
target 67,DSC05330,3254.447,3353.5027
target 67,DSC05331,3242.293,3287.0349
target 67,DSC05332,2813.0552,3275.4858
target 67,DSC05333,2534.5588,3308.6726
target 67,DSC05334,2777.4763,3248.7454
target 67,DSC05335,2650.9919,3238.5432
target 67,DSC05336,2880.8525,3243.8013
target 67,DSC05337,3066.3032,3231.3115
target 67,DSC05363,961.0185,1879.774
target 67,DSC05364,1632.9103,1890.4573
target 67,DSC05368,1682.0797,1701.4275
target 67,DSC05369,1689.9645,1709.8032
target 67,DSC05370,1712.9969,1628.3563
target 67,DSC05371,1731.3798,1624.8734
target 67,DSC05372,1498.4854,2121.6667
target 67,DSC05373,1206.7616,1135.0231
target 67,DSC05374,1320.36,1716.0767
target 67,DSC05375,1336.2317,1934.8514
target 67,DSC05376,1225.0764,1823.7565
target 67,DSC05377,1119.0692,1774.3231
target 67,DSC05378,1105.303,1839.8103
target 67,DSC05379,1121.1497,1887.9185
target 67,DSC05380,1111.733,1929.0898
target 67,DSC05381,1115.7303,1908.6396
target 67,DSC05382,1143.7084,2003.2006
target 67,DSC05383,1198.4441,2042.6704
target 67,DSC05384,1223.4119,2448.3967
target 67,DSC05385,1284.0778,2399.304
target 67,DSC05386,1337.3583,2201.6062
target 67,DSC05387,1384.1621,2159.5229
target 67,DSC05388,1396.3563,2023.6968
target 67,DSC05389,1464.9189,2049.8445
target 67,DSC05390,1480.6719,2019.1875
target 67,DSC05420,2509.6257,2824.9272
target 67,DSC05430,3110.5312,3529.5156
target 67,DSC05431,3177.6072,3299.9785
target 67,DSC05432,3708.9736,3397.3264
target 67,DSC05433,2754.0371,3257.5742
target 67,DSC05434,2777.2305,3296.1838
target 67,DSC05435,3006.1055,3476.7019
target 67,DSC05436,2902.9458,3496.2446
target 67,DSC05437,3106.2993,3604.2268
target 67,DSC05438,3223.8127,3831.5227
target 67,DSC05439,3319.7781,3771.5312
target 67,DSC05440,3315.2961,3670.293
target 67,DSC05441,3354.7156,3729.45
target 67,DSC05442,3210.3198,3611.9795
target 67,DSC05443,3198.9614,3575.6013
target 67,DSC05444,3041.7805,3558.0288
target 67,DSC05445,3071.0293,3532.5117
target 67,DSC05447,3217.4558,3553.9055
target 67,DSC05448,3192.3447,3503.6165
target 67,DSC05449,3176.4661,3453.9758
target 67,DSC05450,3027.2644,3233.6897
target 67,DSC05451,3267.1667,3229.9961
target 67,DSC05452,3171.1545,3199.9456
target 67,DSC05491,3029.3333,3410.7549
target 67,DSC05492,2953.7036,3370.8982
target 67,DSC05493,2988.3359,3323.373
target 67,DSC05494,2929.1599,3273.6565
target 67,DSC05495,3031.7053,3237.2549
target 67,DSC05496,3067.3508,3221.4502
target 67,DSC05497,3062.8613,3230.3796
target 67,DSC05498,3158.9382,3208.0056
target 67,DSC05499,3157.8022,3152.3076
target 67,DSC05500,3273.2869,3097.8606
target 67,DSC05501,3199.4275,3086.3994
target 67,DSC05502,3327.0435,3010.4712
target 67,DSC05503,3283.8352,2982.6118
target 67,DSC05504,3306.4939,2990.3049
target 67,DSC05505,3110.7156,3117.0508
target 67,DSC05506,3128.449,3150.9905
target 67,DSC05507,3130.2793,3173.6104
target 67,DSC05508,3172.1714,3220.7866
target 67,DSC05509,2863.3474,3256.4619
target 67,DSC05510,2923.199,3358.4126
target 68,DSC05196,3303.1082,3641.4915
target 68,DSC05198,3303.8838,3901.2803
target 68,DSC05201,3271.2625,3882.998
target 68,DSC05202,3280.5884,3589.5132
target 68,DSC05203,3281.5842,3217.7944
target 68,DSC05204,2682.4897,2628.2114
target 68,DSC05205,2661.5601,2837.395
target 68,DSC05207,2660.9434,2897.3145
target 68,DSC05248,5085.7368,3365.8782
target 68,DSC05249,5487.3604,3385.1099
target 68,DSC05250,5355.6665,3387.907
target 68,DSC05251,4718.2925,3375.5974
target 68,DSC05252,4903.8389,3402.6729
target 68,DSC05253,5164.5186,3421.04
target 68,DSC05254,4859.603,3411.4036
target 68,DSC05255,4143.3989,1052.7374
target 68,DSC05256,4229.1626,446.4701
target 68,DSC05265,3800.5452,203.5239
target 68,DSC05266,3669.075,829.8401
target 68,DSC05267,3761.7981,568.2229
target 68,DSC05269,3569.6289,981.0154
target 68,DSC05270,3584.2236,755.1633
target 68,DSC05271,3616.75,667.8942
target 68,DSC05272,3604.5471,861.3953
target 68,DSC05274,3575.0435,743.5983
target 68,DSC05275,3534.7666,1185.9266
target 68,DSC05326,4221.1685,2986.3489
target 68,DSC05328,4602.9248,3050.3127
target 68,DSC05329,4986.855,3121.1951
target 68,DSC05330,4868.5918,3132.6985
target 68,DSC05331,4946.29,3135.6602
target 68,DSC05332,4602.7568,3110.4155
target 68,DSC05333,4476.4219,3152.0974
target 68,DSC05334,4791.3789,3210.3879
target 68,DSC05335,4706.4321,3229.1736
target 68,DSC05336,5060.5,3313.2405
target 68,DSC05337,5410.9907,3412.0239
target 68,DSC05338,5448.6958,3512.2861
target 68,DSC05339,5650.4907,3655.0596
target 68,DSC05340,5573.4668,3682.4939
target 68,DSC05341,5138.2046,3706.8616
target 68,DSC05342,5748.2012,3883.418
target 68,DSC05356,113.2691,3585.1067
target 68,DSC05357,147.3998,3624.272
target 68,DSC05362,865.3256,3742.6948
target 68,DSC05363,939.3925,3911.8765
target 68,DSC05364,1616.8291,3829.4399
target 68,DSC05365,1575.2401,3875.8333
target 68,DSC05366,1538.3765,3686.6118
target 68,DSC05368,1781.0555,3482.0786
target 68,DSC05369,1847.1666,3390.6416
target 68,DSC05370,1921.8582,3218.9233
target 68,DSC05371,1945.282,3195.0166
target 68,DSC05372,1714.1937,3839.0608
target 68,DSC05373,1890.3738,2478.3081
target 68,DSC05374,1903.6152,2988.0132
target 68,DSC05376,1917.0195,2883.7905
target 68,DSC05377,1912.9226,2701.613
target 68,DSC05378,1947.4097,2572.1453
target 68,DSC05381,2019.15,2069.8999
target 68,DSC05414,4057.4185,2548.249
target 68,DSC05415,4197.6328,2557.2791
target 68,DSC05417,4217.8608,2488.0964
target 68,DSC05418,4422.1113,2529.5706
target 68,DSC05419,4527.6099,2378.9219
target 68,DSC05420,4802.314,2385.2432
target 68,DSC05428,4984.7954,3725.2458
target 68,DSC05429,4792.2866,3532.5649
target 68,DSC05430,5216.4116,3564.5806
target 68,DSC05431,5016.9829,3250.1257
target 68,DSC05432,5547.1553,3348.98
target 68,DSC05433,4317.9746,2929.3464
target 68,DSC05434,4299.0322,2921.2546
target 68,DSC05435,4518.8721,3038.0715
target 68,DSC05436,4321.9355,2976.0549
target 68,DSC05437,4486.3389,3038.9517
target 68,DSC05438,4412.5625,3048.0432
target 68,DSC05439,4172.978,2914.9534
target 68,DSC05476,4405.4629,3185.1907
target 68,DSC05477,4349.8916,2837.4536
target 68,DSC05478,4339.5508,2727.1948
target 68,DSC05498,3208.3455,2161.6545
target 68,DSC05502,4113.5386,2208.0271
target 68,DSC05503,4137.8164,2215.25
target 68,DSC05504,4238.2393,2255.5774
target 68,DSC05507,4362.5,2483.0
target 68,DSC05508,4528.6265,2585.5315
target 68,DSC05509,4271.2192,2584.7959
target 68,DSC05510,4618.8389,2907.3306
target 68,DSC05511,4915.061,3074.1042
target 68,DSC05512,5154.125,3056.7708
target 68,DSC05513,5224.0195,3155.8733
target 68,DSC05514,5042.3188,3212.6812
target 68,DSC05515,5038.9644,3349.4702
target 68,DSC05516,5231.5801,3507.4253
target 68,DSC05517,5156.9155,3587.6921
target 68,DSC05518,5236.6084,3857.699
target 68,DSC05519,4973.1851,3914.4202
target 68,DSC05520,4682.5195,3873.0222
target 68,DSC05521,4515.6895,3870.3354
target 69,DSC05216,2677.3047,2456.9041
target 69,DSC05217,2662.9402,2894.8994
target 69,DSC05218,2664.9343,2993.7263
target 69,DSC05219,2659.1279,3134.2297
target 69,DSC05220,2654.2437,3326.3782
target 69,DSC05221,2648.2117,3298.5808
target 69,DSC05222,2650.2148,2876.9919
target 69,DSC05224,2640.9397,3148.8391
target 69,DSC05225,2634.3193,3264.2412
target 69,DSC05226,2636.4099,3218.9565
target 69,DSC05227,2633.0,2778.1667
target 69,DSC05240,4169.0205,3383.5591
target 69,DSC05241,5023.5923,3410.1772
target 69,DSC05242,4431.5811,3399.4478
target 69,DSC05243,3825.657,3382.969
target 69,DSC05244,3486.5256,3373.2815
target 69,DSC05245,3797.196,3385.3975
target 69,DSC05280,4249.9561,1053.4216
target 69,DSC05281,4187.5493,1301.5
target 69,DSC05282,4177.4897,1298.462
target 69,DSC05283,4131.9575,1188.5721
target 69,DSC05284,4122.8276,978.1947
target 69,DSC05285,4101.8774,764.625
target 69,DSC05286,4041.1562,881.6008
target 69,DSC05287,4029.5391,842.4271
target 69,DSC05288,4084.9302,802.063
target 69,DSC05289,4061.5249,740.3149
target 69,DSC05290,4003.7952,951.1756
target 69,DSC05291,3972.085,1039.48
target 69,DSC05292,3946.0613,893.2679
target 69,DSC05293,3940.75,768.5151
target 69,DSC05294,3934.5854,615.2211
target 69,DSC05295,3931.5322,447.0842
target 69,DSC05296,3895.3787,528.2599
target 69,DSC05297,3935.1384,583.9214
target 69,DSC05298,3923.5842,649.9553
target 69,DSC05310,4523.5796,3230.7825
target 69,DSC05311,4084.2451,3247.3743
target 69,DSC05312,4546.876,3359.5818
target 69,DSC05313,4646.4883,3471.0417
target 69,DSC05314,4582.6704,3532.1272
target 69,DSC05315,4689.4819,3666.9626
target 69,DSC05316,4452.124,3691.4749
target 69,DSC05317,4537.3618,3796.0176
target 69,DSC05318,4327.9766,3794.6519
target 69,DSC05319,4281.8789,3820.3484
target 69,DSC05320,4357.2456,3879.0059
target 69,DSC05321,4507.5039,3862.9568
target 69,DSC05382,521.9074,2705.9692
target 69,DSC05383,650.1667,2767.5879
target 69,DSC05384,685.5031,3192.9954
target 69,DSC05385,822.3219,3139.4468
target 69,DSC05386,980.5479,2931.3274
target 69,DSC05387,1088.413,2873.3806
target 69,DSC05388,1166.0905,2721.446
target 69,DSC05389,1272.3973,2714.3013
target 69,DSC05390,1320.9407,2666.0017
target 69,DSC05391,1355.8687,2776.8755
target 69,DSC05392,1367.4667,2798.95
target 69,DSC05393,1418.6753,3042.751
target 69,DSC05394,1416.8865,3027.5542
target 69,DSC05395,1448.021,2964.6819
target 69,DSC05396,1462.634,2892.1196
target 69,DSC05397,1498.7235,2964.3105
target 69,DSC05398,1509.4773,3012.5872
target 69,DSC05448,3895.7307,3937.2078
target 69,DSC05449,3881.5408,3827.9609
target 69,DSC05450,3685.1401,3507.3618
target 69,DSC05451,3911.0173,3469.8716
target 69,DSC05452,3789.9414,3373.6335
target 69,DSC05453,4145.603,3455.729
target 69,DSC05454,3976.3862,3280.0894
target 69,DSC05455,4187.4097,3185.7446
target 69,DSC05488,3856.9097,3480.4626
target 69,DSC05489,3772.6587,3526.7805
target 69,DSC05490,3786.8625,3561.8682
target 69,DSC05491,3661.23,3553.2126
target 69,DSC05492,3584.4395,3536.0696
target 69,DSC05493,3613.3367,3552.6699
target 69,DSC05494,3541.7341,3552.1526
target 69,DSC05495,3630.04,3556.449
target 69,DSC05496,3645.4836,3592.0327
target 69,DSC05497,3618.6887,3653.8396
target 70,DSC05221,4834.0728,1935.882
target 70,DSC05222,4839.4541,1607.5458
target 70,DSC05224,4711.1035,2069.8401
target 70,DSC05225,4618.3633,2301.7253
target 70,DSC05226,4539.9453,2405.8445
target 70,DSC05227,4589.7456,2057.1675
target 70,DSC05228,4681.0781,2275.3538
target 70,DSC05229,4725.4209,2242.7412
target 70,DSC05230,4735.1279,2179.2847
target 70,DSC05231,4739.4004,2541.188
target 70,DSC05232,4734.1035,2794.2358
target 70,DSC05233,4723.4648,2730.6719
target 70,DSC05234,4725.5361,3109.8188
target 70,DSC05235,4678.4868,3024.8777
target 70,DSC05236,3753.9121,1372.5061
target 70,DSC05237,3945.678,1351.1901
target 70,DSC05238,3528.4397,1315.2716
target 70,DSC05239,3474.7654,1263.4587
target 70,DSC05240,3292.7988,1287.3402
target 70,DSC05241,3785.2839,1282.5864
target 70,DSC05242,3209.4529,1307.3163
target 70,DSC05285,1961.4227,2121.3608
target 70,DSC05286,1965.8846,2183.0576
target 70,DSC05287,1964.3759,2120.1206
target 70,DSC05288,1922.9712,2100.4097
target 70,DSC05289,1914.6235,1979.9552
target 70,DSC05290,1916.9518,2095.8555
target 70,DSC05291,1927.1135,2132.0132
target 70,DSC05292,1920.6958,1897.3099
target 70,DSC05293,1917.0128,1723.7106
target 70,DSC05294,1913.7625,1498.7109
target 70,DSC05295,1902.8296,1258.0961
target 70,DSC05296,1923.3864,1280.2545
target 70,DSC05297,1861.2,1257.6917
target 70,DSC05298,1860.6179,1243.035
target 70,DSC05299,1881.9587,1257.9293
target 70,DSC05300,1879.3512,1308.1671
target 70,DSC05301,1893.5314,1092.7466
target 70,DSC05302,1907.9271,1118.5388
target 70,DSC05303,1928.8711,1071.8989
target 70,DSC05304,1967.189,1033.4541
target 70,DSC05305,4014.9673,1535.424
target 70,DSC05306,4066.9583,1571.6544
target 70,DSC05307,4026.884,1577.514
target 70,DSC05308,3998.1638,1570.1445
target 70,DSC05309,4148.2998,1557.0431
target 70,DSC05310,4071.6252,1544.3656
target 70,DSC05311,3497.7373,1547.7922
target 70,DSC05312,3816.3713,1541.5697
target 70,DSC05313,3792.991,1533.5532
target 70,DSC05314,3587.6763,1539.4838
target 70,DSC05315,3479.9133,1550.8645
target 70,DSC05316,3152.6624,1563.4467
target 70,DSC05317,3118.2944,1557.73
target 70,DSC05318,2895.8467,1570.3636
target 70,DSC05386,2908.7217,1620.6169
target 70,DSC05387,2916.0588,1619.601
target 70,DSC05388,2903.082,1513.8588
target 70,DSC05389,2928.0129,1606.1224
target 70,DSC05390,2927.8083,1605.9271
target 70,DSC05391,2928.812,1809.2965
target 70,DSC05392,2923.5391,1882.3004
target 70,DSC05393,2954.4744,2212.8455
target 70,DSC05394,2924.3113,2294.384
target 70,DSC05395,2918.4756,2321.6382
target 70,DSC05396,2909.6287,2320.7268
target 70,DSC05397,2921.6741,2491.0371
target 70,DSC05398,2921.3501,2611.0916
target 70,DSC05399,2927.6389,2828.8525
target 70,DSC05400,2941.249,2935.3196
target 70,DSC05401,2965.7341,3104.1516
target 70,DSC05402,2959.2532,3088.4392
target 70,DSC05403,2960.9104,2987.1851
target 70,DSC05404,2960.5139,3083.3071
target 70,DSC05405,5399.3447,769.1829
target 70,DSC05406,5349.1782,668.4051
target 70,DSC05408,5518.2036,349.7994
target 70,DSC05409,5399.6992,472.1875
target 70,DSC05410,4704.0664,388.2892
target 70,DSC05411,4770.4473,434.801
target 70,DSC05412,4257.1226,492.4279
target 70,DSC05413,4577.144,609.4708
target 70,DSC05449,2619.4602,2004.7971
target 70,DSC05450,2521.3818,1883.7905
target 70,DSC05451,2887.6121,1897.3047
target 70,DSC05452,2777.5081,1932.7196
target 70,DSC05453,3229.7363,2008.6835
target 70,DSC05454,3207.0522,1942.1571
target 70,DSC05455,3693.6738,1945.5398
target 70,DSC05456,4228.9336,2035.7057
target 70,DSC05457,4111.8213,1948.0193
target 70,DSC05458,4245.9863,1894.8647
target 70,DSC05459,4368.4443,1993.8358
target 70,DSC05460,4269.2334,1909.6895
target 70,DSC05461,4425.9697,1823.9431
target 70,DSC05462,4494.7349,1801.3868
target 70,DSC05463,5363.7441,1135.3434
target 70,DSC05464,5762.5142,1283.7896
target 70,DSC05465,5231.2607,1253.2609
target 70,DSC05466,5284.5986,1251.0535
target 70,DSC05469,4235.1338,1564.7554
target 70,DSC05472,4252.7676,1566.943
target 70,DSC05473,4612.8984,1613.3719
target 70,DSC05474,5069.7095,1390.5255
target 70,DSC05475,4820.7695,1280.7573
target 70,DSC05480,4890.3364,2560.5774
target 70,DSC05481,4307.9526,2525.2207
target 70,DSC05482,4232.3511,2682.197
target 70,DSC05483,3646.4648,2625.6169
target 70,DSC05484,3690.3174,2563.8689
target 70,DSC05485,3544.2957,2590.2034
target 70,DSC05486,3308.5542,2660.2676
target 70,DSC05487,3106.582,2673.4727
target 70,DSC05488,2880.802,2614.4556
target 70,DSC05489,2694.2527,2614.6555
target 70,DSC05490,2649.6138,2564.1677
target 70,DSC05491,2455.554,2518.6116
target 70,DSC05492,2342.0459,2460.9624
target 70,DSC05493,2354.8657,2367.5913
target 71,DSC05255,4183.0352,722.3983
target 71,DSC05267,3721.2065,437.8152
target 71,DSC05329,5022.2417,3063.8259
target 71,DSC05330,4917.0435,3075.1738
target 71,DSC05331,5009.6685,3081.0579
target 71,DSC05332,4677.875,3055.0312
target 71,DSC05333,4568.5,3094.0889
target 71,DSC05334,4902.7632,3157.7104
target 71,DSC05335,4829.9287,3178.4749
target 71,DSC05336,5205.585,3264.1738
target 71,DSC05337,5589.8428,3368.3933
target 71,DSC05338,5662.75,3474.4536
target 71,DSC05339,5914.3345,3629.2627
target 71,DSC05340,5861.7666,3666.448
target 71,DSC05341,5434.7188,3692.2812
target 71,DSC05362,934.8958,3891.052
target 71,DSC05366,1583.1335,3862.7856
target 71,DSC05368,1842.5084,3591.7522
target 71,DSC05369,1909.0377,3485.5942
target 71,DSC05370,1983.5842,3302.1948
target 71,DSC05371,2006.3022,3278.5659
target 71,DSC05372,1785.7015,3924.0193
target 71,DSC05373,1971.424,2508.2717
target 71,DSC05374,1981.5989,3015.1704
target 71,DSC05376,1996.3651,2889.8484
target 71,DSC05377,1994.131,2694.3691
target 71,DSC05378,2026.5814,2550.5232
target 71,DSC05383,2115.8381,1774.5564
target 71,DSC05406,1503.625,3176.2322
target 71,DSC05408,2254.2412,3058.3992
target 71,DSC05409,1721.6465,2880.3635
target 71,DSC05414,4257.7954,2453.8433
target 71,DSC05415,4371.0308,2447.6018
target 71,DSC05417,4373.4844,2375.8892
target 71,DSC05418,4570.2969,2414.0112
target 71,DSC05419,4652.8779,2267.7815
target 71,DSC05420,4917.4585,2274.0042
target 71,DSC05427,5275.6025,3924.0361
target 71,DSC05428,5174.2705,3662.3638
target 71,DSC05429,4948.4219,3458.2649
target 71,DSC05430,5360.8989,3487.1772
target 71,DSC05431,5133.2188,3179.4438
target 71,DSC05432,5653.5054,3274.4514
target 71,DSC05433,4393.7847,2851.5776
target 71,DSC05434,4367.0269,2841.3215
target 71,DSC05435,4578.2065,2950.8333
target 71,DSC05436,4370.7656,2888.3496
target 71,DSC05437,4527.4668,2947.3501
target 71,DSC05438,4427.8936,2947.7542
target 71,DSC05439,4163.7178,2820.8367
target 71,DSC05442,3388.2,2605.675
target 71,DSC05443,3248.5,2579.0
target 71,DSC05462,1374.0978,3417.6982
target 71,DSC05465,1586.4265,2776.9153
target 71,DSC05466,1590.1156,2769.1843
target 71,DSC05469,960.4714,3146.3337
target 71,DSC05472,976.2943,3138.3772
target 71,DSC05473,1389.5848,2894.0371
target 71,DSC05476,4640.2515,3109.0295
target 71,DSC05477,4514.02,2732.728
target 71,DSC05478,4456.5088,2604.8142
target 71,DSC05480,2155.3198,3215.0024
target 71,DSC05481,1774.4816,3237.666
target 71,DSC05482,1835.78,3135.6699
target 71,DSC05488,1825.8834,2599.6729
target 71,DSC05489,1837.4041,2554.3159
target 71,DSC05490,1986.3152,2466.8193
target 71,DSC05502,4115.272,2115.1956
target 71,DSC05503,4146.3066,2123.0269
target 71,DSC05504,4254.1001,2162.5737
target 71,DSC05507,4405.3984,2382.0168
target 71,DSC05508,4584.3594,2482.4851
target 71,DSC05509,4331.3882,2479.3582
target 71,DSC05510,4717.3345,2803.7722
target 71,DSC05511,5035.1309,2975.9102
target 71,DSC05512,5299.6768,2981.9443
target 71,DSC05513,5383.0845,3085.5823
target 71,DSC05514,5208.7827,3143.4373
target 71,DSC05515,5224.4634,3287.2368
target 71,DSC05516,5440.9751,3460.5745
target 71,DSC05517,5379.9712,3550.3237
target 71,DSC05518,5483.9946,3831.6667
target 71,DSC05519,5220.1523,3880.7717
target 71,DSC05520,4932.8696,3846.8557
target 71,DSC05521,4771.7896,3853.9495
target 71,DSC05522,4649.7227,3945.6248
target 72,DSC05224,5610.2007,2630.3323
target 72,DSC05225,5460.1689,2799.4019
target 72,DSC05241,4280.9805,458.4539
target 72,DSC05242,3769.5806,475.2742
target 72,DSC05285,618.4301,1421.1154
target 72,DSC05286,671.4194,1498.2936
target 72,DSC05287,680.1332,1437.6442
target 72,DSC05288,581.3231,1386.256
target 72,DSC05289,589.5153,1280.1036
target 72,DSC05290,642.8183,1440.1711
target 72,DSC05291,684.7922,1504.4196
target 72,DSC05292,696.8271,1302.13
target 72,DSC05293,696.8422,1146.1711
target 72,DSC05294,700.6618,946.5583
target 72,DSC05295,687.3734,726.1925
target 72,DSC05296,748.2639,790.4583
target 72,DSC05311,3872.696,449.1078
target 72,DSC05312,4285.7197,368.6538
target 72,DSC05313,4343.1846,284.2494
target 72,DSC05314,4202.791,260.4507
target 72,DSC05315,4175.0698,196.0153
target 72,DSC05316,3869.4929,214.0249
target 72,DSC05317,3870.1328,161.6042
target 72,DSC05318,3613.2659,199.1139
target 72,DSC05319,3544.053,210.7992
target 72,DSC05382,4357.8643,1972.3969
target 72,DSC05383,4349.4585,2062.0417
target 72,DSC05384,4331.0601,2583.8894
target 72,DSC05385,4308.1089,2560.0813
target 72,DSC05386,4297.3726,2375.2322
target 72,DSC05387,4287.3608,2357.2029
target 72,DSC05388,4275.9243,2227.1445
target 72,DSC05389,4257.5562,2283.3813
target 72,DSC05390,4253.458,2255.6116
target 72,DSC05391,4243.3042,2434.6663
target 72,DSC05392,4249.668,2491.8735
target 72,DSC05393,4234.1421,2805.6157
target 72,DSC05394,4235.0464,2844.6677
target 72,DSC05395,4232.1675,2822.0618
target 72,DSC05396,4232.8716,2780.5518
target 72,DSC05397,4233.5825,2906.9448
target 72,DSC05398,4235.0249,2995.5071
target 72,DSC05399,4225.8784,3171.4097
target 72,DSC05400,4228.5396,3236.0386
target 72,DSC05401,4208.8057,3322.3103
target 72,DSC05442,3261.7664,758.9517
target 72,DSC05443,3265.0859,751.3854
target 72,DSC05444,3110.0339,738.2136
target 72,DSC05445,3182.8184,746.3585
target 72,DSC05447,3554.5481,560.6822
target 72,DSC05448,3544.9316,492.6613
target 72,DSC05449,3576.6362,456.101
target 72,DSC05450,3354.7593,449.044
target 72,DSC05451,3762.6396,456.2671
target 72,DSC05452,3520.3892,544.5145
target 72,DSC05453,4010.6575,603.5525
target 72,DSC05454,3916.6606,552.1646
target 72,DSC05455,4308.7188,562.7847
target 72,DSC05456,4835.9722,599.3964
target 72,DSC05457,4562.604,570.3898
target 72,DSC05458,4557.5757,572.6094
target 72,DSC05459,4586.0918,579.4351
target 72,DSC05460,4385.8638,561.6683
target 72,DSC05480,5433.3628,951.962
target 72,DSC05481,4781.4009,929.2371
target 72,DSC05482,4846.9946,1030.5909
target 72,DSC05483,4232.0269,1004.4187
target 72,DSC05484,4337.7598,987.9706
target 72,DSC05485,4249.8535,1022.4003
target 72,DSC05486,4039.1006,1074.0083
target 72,DSC05487,3844.4517,1094.9131
target 72,DSC05488,3649.0134,1096.037
target 72,DSC05489,3460.229,1116.3958
target 72,DSC05490,3431.647,1114.6304
target 72,DSC05491,3200.3438,1099.3706
target 72,DSC05492,3057.9731,1077.3701
target 72,DSC05493,3066.7888,1050.8342
target 72,DSC05494,2932.5725,1021.27
target 72,DSC05495,3062.6328,996.9589
target 72,DSC05496,3078.6301,991.6389
target 72,DSC05497,3024.2351,996.9741
target 72,DSC05498,3110.8586,976.2585
target 72,DSC05499,3048.1047,936.1323
target 73,DSC05196,4443.6343,1641.3992
target 73,DSC05197,4452.4482,2091.6152
target 73,DSC05198,4456.5161,2006.4492
target 73,DSC05199,4461.2339,2217.582
target 73,DSC05200,4445.0811,2303.5452
target 73,DSC05201,4470.0171,2324.3633
target 73,DSC05202,4507.417,2180.061
target 73,DSC05250,3206.5151,1897.1476
target 73,DSC05251,2389.052,1912.8464
target 73,DSC05252,2390.9619,1936.583
target 73,DSC05253,2537.4021,1935.5624
target 73,DSC05254,2465.5273,1993.286
target 73,DSC05255,2726.3892,2915.699
target 73,DSC05256,2719.1128,2429.7795
target 73,DSC05257,2724.3645,2268.0779
target 73,DSC05258,2720.0698,2271.7817
target 73,DSC05260,2720.0913,2071.9543
target 73,DSC05261,2724.0554,2382.3833
target 73,DSC05262,2719.1597,2141.2898
target 73,DSC05263,2718.4954,1769.0959
target 73,DSC05264,2727.5574,1571.7153
target 73,DSC05265,2710.2292,2027.5654
target 73,DSC05266,2679.563,2473.3643
target 73,DSC05267,2714.854,2232.8733
target 73,DSC05268,2538.041,1479.9679
target 73,DSC05332,3405.5071,2280.0181
target 73,DSC05333,3095.9009,2298.9055
target 73,DSC05334,3305.3838,2295.5706
target 73,DSC05335,3139.303,2304.002
target 73,DSC05337,3499.8411,2317.2168
target 73,DSC05338,3353.405,2325.208
target 73,DSC05339,3342.179,2330.6897
target 73,DSC05340,3223.1594,2319.4678
target 73,DSC05341,2780.3992,2330.79
target 73,DSC05342,3218.4614,2317.2834
target 73,DSC05343,3269.6104,2319.4036
target 73,DSC05344,3063.6343,2305.825
target 73,DSC05345,2961.0374,2299.7827
target 73,DSC05346,2946.2112,2296.6594
target 73,DSC05348,2723.53,2257.0671
target 73,DSC05349,2556.0151,2238.7488
target 73,DSC05350,2349.0266,2226.668
target 73,DSC05351,2667.6433,2260.4893
target 73,DSC05352,1599.4521,1700.5638
target 73,DSC05353,1859.9277,1698.5917
target 73,DSC05354,1842.2169,1450.3148
target 73,DSC05355,1870.8253,1600.7933
target 73,DSC05356,1813.0356,1453.6376
target 73,DSC05357,1743.936,1413.0411
target 73,DSC05358,1688.9811,1853.9587
target 73,DSC05359,1645.7112,1737.1135
target 73,DSC05360,1634.214,1823.5946
target 73,DSC05361,1556.804,1954.3922
target 73,DSC05362,1665.1,2063.0725
target 73,DSC05363,1715.4602,2337.3328
target 73,DSC05364,2338.6853,2333.2629
target 73,DSC05365,2360.6062,2303.811
target 73,DSC05366,2403.7095,1979.6149
target 73,DSC05367,2388.0645,2096.7913
target 73,DSC05368,2402.199,2160.6785
target 73,DSC05369,2421.1604,2186.563
target 73,DSC05370,2450.6287,2105.9785
target 73,DSC05371,2459.1396,2078.1692
target 73,DSC05372,2273.3218,2685.345
target 73,DSC05414,1605.9896,1866.4316
target 73,DSC05415,1884.0378,2048.0591
target 73,DSC05417,2058.9207,2046.0182
target 73,DSC05418,2368.5349,2113.8489
target 73,DSC05419,2779.1228,1983.7061
target 73,DSC05420,3239.5715,1991.6161
target 73,DSC05421,1740.8906,2438.75
target 73,DSC05422,2207.7776,2573.6965
target 73,DSC05423,2423.1797,2581.4119
target 73,DSC05424,2551.594,2689.7776
target 73,DSC05425,2699.8455,2740.0728
target 73,DSC05426,3006.8438,2890.1943
target 73,DSC05427,2991.0972,2920.7986
target 73,DSC05428,3152.4546,2917.4519
target 73,DSC05429,3141.9919,2892.3079
target 73,DSC05430,3681.3896,2942.1772
target 73,DSC05431,3735.0747,2698.9194
target 73,DSC05476,2033.4359,2435.6345
target 73,DSC05477,2374.407,2494.3347
target 73,DSC05478,2704.4529,2669.7583
target 73,DSC05511,3613.553,2958.9966
target 73,DSC05512,3772.5867,2695.8643
target 73,DSC05513,3759.2026,2731.1821
target 73,DSC05514,3490.3545,2764.75
target 73,DSC05515,3370.8765,2812.3589
target 73,DSC05516,3483.7083,2822.1282
target 73,DSC05517,3344.4553,2819.3694
target 73,DSC05518,3301.8945,2966.8914
target 73,DSC05519,2965.8181,3061.5767
target 73,DSC05520,2658.4436,2972.0085
target 73,DSC05521,2486.0234,2902.0923
target 73,DSC05522,2329.0286,2896.9282
target 73,DSC05523,2516.1611,2837.9153
target 73,DSC05524,2373.1704,2837.583
target 73,DSC05525,1991.5,2841.5
target 74,DSC05197,4718.978,1900.9214
target 74,DSC05198,4733.3726,1741.3511
target 74,DSC05199,4750.6748,1839.8492
target 74,DSC05200,4746.8638,1857.2363
target 74,DSC05250,2710.469,1587.1899
target 74,DSC05265,2122.25,2571.6279
target 74,DSC05346,3053.5557,1649.6444
target 74,DSC05356,2597.0234,1535.1367
target 74,DSC05357,2565.0654,1414.9
target 74,DSC05358,2546.8716,1746.6073
target 74,DSC05369,3133.49,1441.7323
target 74,DSC05370,3134.9805,1339.448
target 74,DSC05371,3118.4092,1327.1493
target 74,DSC05424,2503.1079,1723.7126
target 74,DSC05425,2566.334,1755.5447
target 74,DSC05431,2988.4509,1807.8286
target 74,DSC05476,1474.6558,1138.4327
target 74,DSC05477,1433.5408,1245.2883
target 74,DSC05512,3111.5051,1738.2604
target 74,DSC05519,2621.9509,1898.2833
target 74,DSC05520,2382.1755,1843.0781
target 74,DSC05521,2271.2063,1794.2032
target 74,DSC05522,2176.1309,1787.6774
target 76,DSC05196,3546.9033,1792.6936
target 76,DSC05197,3551.96,2200.1265
target 76,DSC05198,3554.0298,2092.7539
target 76,DSC05199,3545.9937,2265.6719
target 76,DSC05200,3536.8916,2325.0598
target 76,DSC05201,3545.583,2309.7559
target 76,DSC05202,3563.5034,2134.8389
target 76,DSC05203,3583.0952,1837.7408
target 76,DSC05204,2996.3831,1297.5098
target 76,DSC05205,3005.2227,1588.829
target 76,DSC05207,3021.6418,1790.9945
target 76,DSC05208,3012.2278,2242.0847
target 76,DSC05248,3652.6824,2991.7905
target 76,DSC05249,3647.6755,2984.3977
target 76,DSC05250,3212.7231,2988.3418
target 76,DSC05251,2451.1321,2972.7419
target 76,DSC05252,2521.9255,2989.2808
target 76,DSC05253,2699.5437,2994.0459
target 76,DSC05257,3626.9556,2038.1046
target 76,DSC05258,3641.5183,2058.4236
target 76,DSC05260,3686.2219,1889.8264
target 76,DSC05261,3692.3689,2204.6538
target 76,DSC05262,3672.3047,1995.4518
target 76,DSC05263,3678.0774,1683.0658
target 76,DSC05264,3699.4402,1508.5322
target 76,DSC05265,3631.4973,1991.6045
target 76,DSC05266,3596.5491,2453.1611
target 76,DSC05267,3710.7256,2242.8235
target 76,DSC05268,3799.5947,1598.2871
target 76,DSC05269,3618.2068,2032.4353
target 76,DSC05270,3644.916,1754.5442
target 76,DSC05271,3702.4163,1617.7605
target 76,DSC05272,3715.1667,1707.8228
target 76,DSC05273,3732.9744,1323.38
target 76,DSC05274,3686.0503,1416.252
target 76,DSC05327,3672.1111,3259.6357
target 76,DSC05328,3733.98,3245.615
target 76,DSC05329,3953.2449,3288.2126
target 76,DSC05330,3726.9587,3285.3997
target 76,DSC05331,3709.4524,3237.2178
target 76,DSC05332,3283.8611,3223.6636
target 76,DSC05333,3016.0962,3262.115
target 76,DSC05334,3238.3765,3229.2688
target 76,DSC05335,3100.0869,3225.1831
target 76,DSC05336,3325.1633,3246.6733
target 76,DSC05337,3503.0559,3254.4187
target 76,DSC05338,3397.0342,3269.0894
target 76,DSC05339,3423.0664,3284.7441
target 76,DSC05340,3334.7896,3251.2061
target 76,DSC05341,2935.2017,3257.0569
target 76,DSC05342,3380.5181,3239.9324
target 76,DSC05343,3445.3918,3247.3987
target 76,DSC05344,3255.3455,3208.5073
target 76,DSC05345,3163.7615,3191.2842
target 76,DSC05359,827.8902,1865.6799
target 76,DSC05360,814.2103,1907.2701
target 76,DSC05361,713.3414,1994.3612
target 76,DSC05362,859.0714,2043.5156
target 76,DSC05363,931.8217,2297.0972
target 76,DSC05364,1608.0847,2289.6162
target 76,DSC05365,1637.6661,2279.6465
target 76,DSC05366,1693.0876,2016.1948
target 76,DSC05367,1672.2201,2171.2454
target 76,DSC05368,1685.5,2098.7014
target 76,DSC05369,1709.4919,2105.5684
target 76,DSC05370,1747.912,2018.5687
target 76,DSC05371,1768.9381,2006.2212
target 76,DSC05372,1521.9136,2550.4211
target 76,DSC05373,1374.4862,1576.2477
target 76,DSC05374,1455.5815,2133.7283
target 76,DSC05375,1470.5714,2341.5059
target 76,DSC05376,1400.6086,2220.3696
target 76,DSC05414,1901.8921,2678.3799
target 76,DSC05415,2092.3513,2860.095
target 76,DSC05417,2204.5781,2862.1189
target 76,DSC05426,3099.0042,3563.6267
target 76,DSC05427,3052.8103,3587.6108
target 76,DSC05428,3145.7012,3576.6235
target 76,DSC05429,3094.6921,3548.009
target 76,DSC05430,3553.6465,3598.6682
target 76,DSC05431,3589.4458,3333.845
target 76,DSC05432,4146.4248,3438.3538
target 76,DSC05433,3160.6494,3221.3552
target 76,DSC05434,3189.2893,3249.1912
target 77,DSC05222,4068.2551,1248.0183
target 77,DSC05224,4015.4963,1597.2332
target 77,DSC05225,3968.8086,1791.7102
target 77,DSC05226,3942.1499,1857.58
target 77,DSC05227,4008.6416,1452.8392
target 77,DSC05228,4090.8784,1606.9757
target 77,DSC05229,4151.4883,1536.2996
target 77,DSC05230,4192.8896,1446.5682
target 77,DSC05231,4204.376,1803.7639
target 77,DSC05232,4231.626,2059.5518
target 77,DSC05233,4255.6519,2005.4108
target 77,DSC05234,4274.0859,2409.0742
target 77,DSC05235,4277.7314,2371.6182
target 77,DSC05236,3096.4895,1746.2632
target 77,DSC05237,3251.5176,1808.866
target 77,DSC05238,2823.2239,1810.8584
target 77,DSC05239,2787.2981,1814.8391
target 77,DSC05240,2688.7522,1880.2623
target 77,DSC05241,3296.1116,1942.0
target 77,DSC05242,2806.7246,1962.1041
target 77,DSC05288,2572.9873,2502.9241
target 77,DSC05289,2569.2578,2443.179
target 77,DSC05290,2570.1221,2625.5515
target 77,DSC05291,2573.4702,2685.9553
target 77,DSC05292,2564.8118,2501.5186
target 77,DSC05293,2562.9436,2357.2085
target 77,DSC05294,2561.082,2171.7112
target 77,DSC05295,2553.3259,1972.4037
target 77,DSC05296,2559.5967,1995.751
target 77,DSC05297,2545.9395,2064.0076
target 77,DSC05298,2546.9258,2075.5261
target 77,DSC05299,2549.1401,2100.3088
target 77,DSC05300,2533.323,2151.2576
target 77,DSC05301,2538.2888,1936.1498
target 77,DSC05302,2534.5427,1937.9641
target 77,DSC05303,2535.0127,1858.7772
target 77,DSC05304,2529.5149,1753.7399
target 77,DSC05305,3388.1638,2054.1919
target 77,DSC05306,3414.5811,2092.9282
target 77,DSC05307,3344.5149,2105.9778
target 77,DSC05308,3288.6807,2105.6667
target 77,DSC05309,3417.676,2096.22
target 77,DSC05310,3336.8081,2095.9165
target 77,DSC05311,2793.1963,2103.9836
target 77,DSC05312,3116.4539,2107.0854
target 77,DSC05313,3093.7185,2119.3635
target 77,DSC05314,2952.8401,2122.6082
target 77,DSC05315,2940.2078,2140.7493
target 77,DSC05316,2722.6111,2135.644
target 77,DSC05387,2542.7744,1298.8412
target 77,DSC05388,2509.0552,1118.8812
target 77,DSC05389,2526.7798,1154.5944
target 77,DSC05390,2512.219,1111.1598
target 77,DSC05391,2504.6206,1258.9
target 77,DSC05392,2486.0876,1290.3453
target 77,DSC05393,2531.7361,1610.6034
target 77,DSC05394,2470.1704,1618.2281
target 77,DSC05395,2440.3313,1602.2756
target 77,DSC05396,2408.9817,1567.1992
target 77,DSC05397,2411.2405,1715.3572
target 77,DSC05398,2399.9753,1815.891
target 77,DSC05399,2401.7224,2022.1024
target 77,DSC05400,2404.7209,2123.0286
target 77,DSC05401,2420.1331,2306.2903
target 77,DSC05402,2379.1206,2286.9062
target 77,DSC05403,2336.5667,2198.8992
target 77,DSC05404,2316.8462,2313.9294
target 77,DSC05405,4336.9585,1639.7563
target 77,DSC05406,4413.8486,1518.8135
target 77,DSC05409,4431.8325,1322.1631
target 77,DSC05410,3869.0852,1117.7557
target 77,DSC05411,3815.687,1140.2296
target 77,DSC05412,3275.9131,1235.0693
target 77,DSC05413,3444.4619,1311.9823
target 77,DSC05450,2196.74,2138.104
target 77,DSC05451,2441.6531,2158.7212
target 77,DSC05452,2319.1646,2224.3557
target 77,DSC05453,2697.3401,2298.9832
target 77,DSC05454,2592.4204,2267.1868
target 77,DSC05455,2956.2361,2315.27
target 77,DSC05456,3380.9536,2426.2798
target 77,DSC05457,3277.5249,2390.165
target 77,DSC05458,3433.9023,2380.3215
target 77,DSC05459,3518.637,2562.7292
target 77,DSC05460,3492.5959,2504.29
target 77,DSC05461,3684.8572,2432.7544
target 77,DSC05462,3602.5552,2466.4395
target 77,DSC05463,4304.5547,1992.3314
target 77,DSC05464,4403.9312,2092.7126
target 77,DSC05465,3920.2031,1997.9558
target 77,DSC05466,3948.6042,1999.7927
target 77,DSC05469,3115.7622,2297.614
target 77,DSC05472,3131.0935,2296.7258
target 77,DSC05473,3429.73,2260.8916
target 77,DSC05474,3993.3936,2071.0107
target 77,DSC05475,3896.0847,2057.9702
target 77,DSC05480,3919.9204,2959.0535
target 77,DSC05481,3403.8193,2939.9512
target 77,DSC05482,3305.48,3015.939
target 77,DSC05483,2812.5669,2941.1863
target 77,DSC05484,2887.146,2832.3027
target 77,DSC05485,2783.4944,2810.9985
target 77,DSC05486,2590.8748,2848.8833
target 77,DSC05487,2439.0793,2838.2913
target 77,DSC05488,2326.5618,2726.6443
target 77,DSC05489,2207.6506,2701.8162
target 77,DSC05490,2232.6226,2624.2266
target 77,DSC05491,2102.835,2573.3145
target 77,DSC05492,2041.8,2513.2151
target 78,DSC05208,2608.9729,1714.7083
target 78,DSC05210,2597.2375,2025.375
target 78,DSC05211,2587.8767,2116.8232
target 78,DSC05212,2589.0198,2047.4495
target 78,DSC05213,2595.0339,1938.5619
target 78,DSC05214,2600.5505,1883.3265
target 78,DSC05215,2598.5259,1971.6149
target 78,DSC05216,2600.4814,2080.927
target 78,DSC05217,2586.7986,2513.8213
target 78,DSC05218,2590.5796,2612.0408
target 78,DSC05219,2587.6643,2757.2207
target 78,DSC05220,2584.0776,2949.5569
target 78,DSC05221,2581.8413,2948.3088
target 78,DSC05222,2586.5042,2553.9363
target 78,DSC05224,2583.0557,2878.3254
target 78,DSC05242,4113.4663,3458.8179
target 78,DSC05243,3465.5334,3444.282
target 78,DSC05244,3126.4033,3431.9106
target 78,DSC05245,3446.0789,3445.6453
target 78,DSC05246,3714.4875,3452.769
target 78,DSC05247,3446.0522,3449.7368
target 78,DSC05272,4352.9126,2149.1138
target 78,DSC05273,4387.0259,1728.822
target 78,DSC05274,4314.2871,1758.3876
target 78,DSC05275,4280.7319,2025.0393
target 78,DSC05276,4305.3843,2020.4983
target 78,DSC05277,4309.6094,1926.4739
target 78,DSC05278,4333.5796,1745.3344
target 78,DSC05279,4250.2637,1699.0449
target 78,DSC05280,4241.0864,1383.6588
target 78,DSC05281,4198.5889,1629.0505
target 78,DSC05282,4202.4087,1635.946
target 78,DSC05283,4167.5991,1525.572
target 78,DSC05284,4164.8662,1318.5295
target 78,DSC05285,4152.29,1103.5249
target 78,DSC05286,4105.958,1199.9155
target 78,DSC05287,4097.5591,1155.3572
target 78,DSC05288,4165.8296,1117.9373
target 78,DSC05289,4148.5894,1043.0106
target 78,DSC05315,4385.6841,3765.2783
target 78,DSC05316,4129.4146,3775.1611
target 78,DSC05317,4177.647,3851.5195
target 78,DSC05318,3967.0437,3831.345
target 78,DSC05319,3918.5725,3839.7561
target 78,DSC05320,3992.8447,3863.9094
target 78,DSC05321,4158.3511,3817.6572
target 78,DSC05322,3768.3447,3790.2749
target 78,DSC05323,3747.1399,3792.4565
target 78,DSC05324,3744.105,3890.9436
target 78,DSC05328,3290.2947,3920.011
target 78,DSC05333,2318.1685,3875.7
target 78,DSC05369,1220.0737,1527.6394
target 78,DSC05370,1243.8154,1470.0654
target 78,DSC05371,1274.0,1472.5
target 78,DSC05372,973.8746,1956.8988
target 78,DSC05373,558.854,1110.7902
target 78,DSC05374,709.7525,1697.5441
target 78,DSC05375,730.181,1937.2397
target 78,DSC05376,586.973,1880.8037
target 78,DSC05377,450.8412,1885.4734
target 78,DSC05378,440.857,2010.7875
target 78,DSC05379,490.1233,2133.5417
target 78,DSC05380,488.3885,2203.1074
target 78,DSC05381,520.3951,2230.0935
target 78,DSC05382,579.6548,2356.6165
target 78,DSC05383,676.4559,2419.5632
target 78,DSC05384,710.4302,2837.6951
target 78,DSC05385,817.0637,2798.0259
target 78,DSC05386,932.3395,2611.947
target 78,DSC05387,1018.5604,2571.2383
target 78,DSC05388,1071.8359,2437.666
target 78,DSC05389,1169.4486,2450.4111
target 78,DSC05390,1206.976,2415.7246
target 78,DSC05419,1910.2128,3496.5745
target 78,DSC05420,2267.9612,3504.2378
target 78,DSC05431,2959.0886,3766.6089
target 78,DSC05432,3503.5745,3886.2605
target 78,DSC05433,2611.7932,3759.6206
target 78,DSC05434,2648.2681,3815.2524
target 78,DSC05448,3567.209,3932.2485
target 78,DSC05449,3561.176,3847.8774
target 78,DSC05450,3399.8196,3560.0532
target 78,DSC05451,3635.1047,3536.3904
target 78,DSC05452,3537.824,3462.6675
target 78,DSC05491,3402.7671,3634.4895
target 78,DSC05492,3324.0605,3607.5605
target 78,DSC05493,3346.2454,3596.5833
target 78,DSC05494,3273.8306,3573.6587
target 78,DSC05495,3361.3982,3559.2161
target 78,DSC05496,3378.2207,3570.6619
target 78,DSC05497,3354.019,3607.2727
target 78,DSC05498,3413.7717,3620.0688
target 78,DSC05499,3371.1597,3585.8972
target 78,DSC05500,3431.7847,3552.9653
target 78,DSC05501,3337.5564,3546.1021
target 78,DSC05502,3399.2004,3476.0669
target 78,DSC05503,3338.1978,3446.0298
target 78,DSC05504,3339.5415,3456.1641
target 78,DSC05505,3127.064,3600.5676
target 78,DSC05506,3119.7341,3639.5149
target 78,DSC05507,3096.7175,3664.5764
target 78,DSC05508,3106.2922,3715.677
target 78,DSC05509,2796.3794,3758.5195
target 78,DSC05510,2772.2957,3850.761
target 78,DSC05511,2894.229,3812.8271
target 78,DSC05512,3072.5842,3460.3796
target 78,DSC05513,3064.3774,3467.7969
target 79,DSC05234,5460.2222,2656.4507
target 79,DSC05235,5438.5625,2565.7083
target 79,DSC05236,3356.8601,705.26
target 79,DSC05254,2952.3999,928.8714
target 79,DSC05256,1341.2949,2043.6111
target 79,DSC05302,896.5057,1559.8372
target 79,DSC05303,930.1977,1529.6023
target 79,DSC05304,1022.0294,1477.4955
target 79,DSC05305,3597.7673,659.3663
target 79,DSC05306,3657.3484,692.6616
target 79,DSC05307,3629.4885,686.7717
target 79,DSC05308,3623.427,666.3978
target 79,DSC05354,3365.8926,1846.7444
target 79,DSC05401,4069.7712,2730.5552
target 79,DSC05402,4080.3135,2678.8889
target 79,DSC05403,4095.4509,2538.8005
target 79,DSC05421,2107.4341,767.5558
target 79,DSC05458,3941.5115,731.3199
target 79,DSC05459,4001.9055,757.6285
target 79,DSC05460,3888.1123,737.4078
target 79,DSC05461,4050.696,669.2974
target 79,DSC05462,4138.272,418.4562
target 79,DSC05480,4627.9478,1216.2511
target 79,DSC05481,3992.2046,1200.3579
target 79,DSC05482,3957.9746,1276.5869
target 79,DSC05522,2416.6528,947.379
target 79,DSC05523,2759.2178,925.4554
target 79,DSC05524,2623.5173,931.0757
target 79,DSC05525,2208.5498,938.9199
target 80,DSC05217,5041.8662,1696.0598
target 80,DSC05218,5040.4824,1850.0104
target 80,DSC05219,5004.2104,2074.6965
target 80,DSC05220,5013.8022,2345.4814
target 80,DSC05221,4966.0303,2507.6033
target 80,DSC05222,4912.1909,2217.3152
target 80,DSC05224,4710.6279,2747.2383
target 80,DSC05225,4582.5732,2981.6877
target 80,DSC05226,4461.2808,3074.6301
target 80,DSC05227,4458.4883,2732.8953
target 80,DSC05228,4514.4634,2979.1804
target 80,DSC05229,4520.5508,2941.1479
target 80,DSC05230,4491.1216,2853.4126
target 80,DSC05231,4484.416,3197.7095
target 80,DSC05232,4448.4399,3400.0381
target 80,DSC05233,4410.665,3290.4194
target 80,DSC05234,4396.7529,3622.0435
target 80,DSC05235,4328.5796,3461.0081
target 80,DSC05236,4216.9438,1683.9745
target 80,DSC05237,4540.1816,1600.5525
target 80,DSC05238,4180.0889,1534.5177
target 80,DSC05239,4180.5513,1436.011
target 80,DSC05240,3996.6458,1390.7627
target 80,DSC05241,4494.6455,1273.6063
target 80,DSC05242,3817.0378,1284.4436
target 80,DSC05243,3010.6113,1153.8823
target 80,DSC05244,2580.8181,1183.4435
target 80,DSC05281,2115.1719,2459.542
target 80,DSC05282,2097.2559,2415.6523
target 80,DSC05283,2092.0754,2219.2891
target 80,DSC05284,2087.7549,1925.7767
target 80,DSC05285,2078.5203,1594.0692
target 80,DSC05286,2090.9375,1585.1857
target 80,DSC05287,2092.46,1491.9885
target 80,DSC05288,2063.6235,1375.328
target 80,DSC05289,2062.6887,1206.712
target 80,DSC05290,2079.0122,1291.976
target 80,DSC05291,2093.4214,1326.3879
target 80,DSC05292,2092.0103,1070.3336
target 80,DSC05293,2091.061,882.6522
target 80,DSC05294,2092.7419,643.0186
target 80,DSC05295,2087.2322,384.1129
target 80,DSC05296,2107.3076,433.3538
target 80,DSC05297,2071.2156,360.4431
target 80,DSC05298,2079.6538,360.8524
target 80,DSC05299,2109.1621,441.5699
target 80,DSC05300,2113.9536,549.1911
target 80,DSC05301,2130.2959,370.481
target 80,DSC05302,2145.3762,457.6114
target 80,DSC05303,2165.3047,476.4734
target 80,DSC05304,2189.0295,510.1778
target 80,DSC05305,4452.3911,1701.3601
target 80,DSC05306,4545.8901,1739.535
target 80,DSC05307,4559.2764,1748.7651
target 80,DSC05308,4594.7397,1745.7212
target 80,DSC05309,4827.0737,1738.0807
target 80,DSC05310,4815.2573,1730.1799
target 80,DSC05311,4249.3687,1735.8346
target 80,DSC05312,4638.543,1739.9546
target 80,DSC05313,4668.7085,1747.2354
target 80,DSC05314,4453.6753,1755.9784
target 80,DSC05315,4328.981,1768.5304
target 80,DSC05316,3907.7041,1778.7227
target 80,DSC05317,3764.3826,1774.9386
target 80,DSC05318,3399.354,1779.0323
target 80,DSC05319,3258.5735,1782.2356
target 80,DSC05320,3229.2256,1782.4692
target 80,DSC05321,3337.4409,1764.1591
target 80,DSC05382,2411.5796,1475.2186
target 80,DSC05383,2435.7856,1639.7168
target 80,DSC05384,2455.0601,2202.3984
target 80,DSC05385,2485.2703,2260.0703
target 80,DSC05386,2514.2852,2196.9099
target 80,DSC05387,2548.2336,2260.4397
target 80,DSC05388,2563.0989,2219.8713
target 80,DSC05389,2616.4211,2332.4829
target 80,DSC05390,2635.5649,2356.8401
target 80,DSC05391,2649.3066,2581.3147
target 80,DSC05392,2651.6506,2675.2798
target 80,DSC05393,2688.626,2988.0647
target 80,DSC05394,2674.8928,3099.4834
target 80,DSC05395,2689.2173,3125.0979
target 80,DSC05396,2695.5283,3119.7739
target 80,DSC05397,2719.9895,3271.5361
target 80,DSC05398,2727.6921,3379.6108
target 80,DSC05399,2743.3928,3570.5149
target 80,DSC05400,2767.9749,3648.8096
target 80,DSC05401,2813.061,3746.1125
target 80,DSC05402,2822.8652,3686.1748
target 80,DSC05403,2845.6631,3531.3333
target 80,DSC05404,2855.5789,3577.5955
target 80,DSC05410,5102.2061,504.6029
target 80,DSC05411,5301.3374,585.8006
target 80,DSC05412,4872.4111,644.8168
target 80,DSC05413,5388.4702,830.5929
target 80,DSC05444,2625.2893,2599.9785
target 80,DSC05445,2748.4329,2591.7134
target 80,DSC05447,3057.9788,2659.3438
target 80,DSC05448,3134.3403,2631.3701
target 80,DSC05449,3236.3818,2592.1262
target 80,DSC05450,3162.884,2354.7566
target 80,DSC05451,3608.0879,2354.9456
target 80,DSC05452,3500.3569,2309.6182
target 80,DSC05453,4000.4546,2392.6016
target 80,DSC05454,3992.8523,2268.2412
target 80,DSC05455,4479.7993,2209.02
target 80,DSC05456,5030.0786,2290.106
target 80,DSC05457,4818.292,2132.5686
target 80,DSC05458,4849.667,2027.1372
target 80,DSC05459,4920.2017,2084.5359
target 80,DSC05460,4728.6641,1971.3607
target 80,DSC05461,4821.0713,1873.6925
target 80,DSC05462,4956.041,1756.4749
target 80,DSC05469,4979.8179,1624.4928
target 80,DSC05472,4998.0034,1628.6301
target 80,DSC05473,5435.9429,1735.8612
target 80,DSC05474,5656.8789,1466.2582
target 80,DSC05480,5596.0483,2632.5093
target 80,DSC05481,5021.6396,2579.8757
target 80,DSC05482,5042.2944,2807.3516
target 80,DSC05483,4477.4575,2769.0798
target 80,DSC05484,4526.3506,2761.7449
target 80,DSC05485,4400.2803,2842.1431
target 80,DSC05486,4186.6479,2949.0173
target 80,DSC05487,3985.2856,2992.6885
target 80,DSC05488,3720.9412,3012.033
target 80,DSC05489,3508.7864,3050.1074
target 80,DSC05490,3413.9514,3049.5254
target 80,DSC05491,3177.1636,3016.053
target 80,DSC05492,3019.448,2967.7649
target 80,DSC05493,2945.1475,2913.8936
target 81,DSC05201,3343.8333,1769.3851
target 81,DSC05202,3361.6267,1610.6187
target 81,DSC05203,3376.8477,1312.4492
target 81,DSC05204,2787.5505,751.4816
target 81,DSC05249,2996.0017,3243.8936
target 81,DSC05264,3986.2307,2164.4016
target 81,DSC05265,3942.0359,2605.4712
target 81,DSC05266,3942.373,3051.9551
target 81,DSC05267,4103.8789,2873.1353
target 81,DSC05268,4361.6533,2318.969
target 81,DSC05332,2790.4111,3702.542
target 81,DSC05333,2457.6858,3749.7192
target 81,DSC05334,2667.0046,3656.0837
target 81,DSC05335,2511.6533,3634.8311
target 81,DSC05336,2716.2168,3631.4956
target 81,DSC05337,2866.5154,3608.3992
target 81,DSC05338,2734.1211,3595.575
target 81,DSC05339,2743.5066,3575.5803
target 81,DSC05340,2672.0322,3513.4609
target 81,DSC05341,2279.7861,3510.2908
target 81,DSC05342,2742.5715,3446.2041
target 81,DSC05343,2813.7925,3434.6543
target 81,DSC05352,751.0569,1476.057
target 81,DSC05353,1044.0,1484.5
target 81,DSC05354,999.2657,1200.7678
target 81,DSC05355,1025.0625,1317.9917
target 81,DSC05356,915.6367,1116.0647
target 81,DSC05357,791.2309,1021.2003
target 81,DSC05358,699.1583,1391.8138
target 81,DSC05359,580.9561,1216.139
target 81,DSC05360,502.1338,1243.0587
target 81,DSC05361,328.2436,1312.3291
target 81,DSC05362,431.4572,1430.215
target 81,DSC05363,521.4818,1725.8134
target 81,DSC05364,1241.2625,1748.5969
target 81,DSC05365,1304.5946,1727.7587
target 81,DSC05366,1403.7926,1453.6157
target 81,DSC05367,1439.1611,1599.3323
target 81,DSC05368,1291.6353,1598.9291
target 81,DSC05369,1301.9346,1639.5
target 81,DSC05370,1330.7153,1583.4807
target 81,DSC05371,1360.5039,1581.4336
target 81,DSC05372,1058.856,2085.3848
target 81,DSC05414,1146.4512,3165.1868
target 81,DSC05415,1320.8417,3443.0801
target 81,DSC05417,1454.2953,3480.5659
target 81,DSC05418,1686.0334,3567.98
target 81,DSC05419,2042.1,3440.5132
target 81,DSC05420,2413.8833,3448.5859
target 81,DSC05421,1562.91,3156.1399
target 81,DSC05422,1959.5454,3304.9773
target 81,DSC05423,2119.6604,3320.6055
target 81,DSC05424,2171.1489,3471.1184
target 81,DSC05425,2264.2822,3547.7251
target 81,DSC05426,2459.4436,3750.5125
target 81,DSC05427,2405.3474,3836.6887
target 81,DSC05428,2512.0969,3901.1567
target 81,DSC05429,2484.3342,3933.4277
target 81,DSC05431,3074.28,3718.3997
target 81,DSC05432,3638.4958,3841.7532
target 81,DSC05433,2734.8394,3687.8574
target 81,DSC05476,1603.9432,3386.1814
target 81,DSC05477,1806.4658,3605.7939
target 81,DSC05478,2055.6514,3926.4136
target 81,DSC05509,2912.582,3701.2163
target 81,DSC05510,2883.5564,3819.4097
target 81,DSC05511,3000.4946,3795.363
target 81,DSC05512,3166.0652,3448.0598
target 81,DSC05513,3153.4634,3460.0339
target 81,DSC05514,2924.6492,3483.072
target 81,DSC05515,2826.0173,3499.7388
target 81,DSC05516,2932.1226,3467.5833
target 81,DSC05517,2829.6633,3443.302
target 81,DSC05518,2792.2358,3555.3538
target 81,DSC05519,2507.4182,3650.9038
target 81,DSC05520,2277.8108,3555.7573
target 81,DSC05521,2157.3643,3472.897
target 81,DSC05522,2047.1021,3449.5249
target 81,DSC05523,2258.2529,3335.4045
target 81,DSC05524,2154.7441,3325.6162
target 81,DSC05525,1852.7805,3326.1401
target 82,DSC05227,3435.262,1527.1235
target 82,DSC05228,3481.6641,1676.0503
target 82,DSC05229,3519.4009,1596.4307
target 82,DSC05230,3543.7966,1494.3645
target 82,DSC05231,3548.2915,1843.6897
target 82,DSC05232,3563.4287,2082.0037
target 82,DSC05233,3577.241,2013.9292
target 82,DSC05234,3585.4922,2403.6953
target 82,DSC05235,3589.7444,2345.7302
target 82,DSC05236,3065.9021,2397.4768
target 82,DSC05237,3268.4595,2438.981
target 82,DSC05238,2849.2458,2433.0764
target 82,DSC05239,2833.3357,2433.2747
target 82,DSC05240,2751.7874,2471.0691
target 82,DSC05290,3188.7422,2482.8608
target 82,DSC05291,3190.3396,2545.2593
target 82,DSC05292,3183.3616,2369.7817
target 82,DSC05293,3183.5889,2231.2429
target 82,DSC05294,3184.4548,2054.7913
target 82,DSC05295,3182.8835,1865.354
target 82,DSC05296,3180.3853,1892.9724
target 82,DSC05297,3218.9675,1962.3026
target 82,DSC05298,3230.1362,1980.3495
target 82,DSC05299,3232.0662,2020.8267
target 82,DSC05300,3219.3977,2084.9021
target 82,DSC05301,3223.4651,1887.5037
target 82,DSC05302,3214.1826,1902.8079
target 82,DSC05303,3207.0732,1841.0939
target 82,DSC05304,3162.7932,1750.714
target 82,DSC05305,3378.0256,2613.0137
target 82,DSC05306,3413.4375,2652.7842
target 82,DSC05307,3357.636,2670.7908
target 82,DSC05308,3319.116,2674.1682
target 82,DSC05309,3464.8567,2664.6116
target 82,DSC05310,3404.0034,2672.2007
target 82,DSC05311,2880.5508,2684.4102
target 82,DSC05312,3213.6304,2696.031
target 82,DSC05313,3201.3882,2730.217
target 82,DSC05314,3072.1487,2731.0947
target 82,DSC05315,3076.1177,2753.0493
target 82,DSC05389,2001.9918,1302.575
target 82,DSC05390,1987.0092,1259.3597
target 82,DSC05391,1979.7194,1396.1354
target 82,DSC05392,1956.0367,1424.3038
target 82,DSC05393,2014.9164,1724.7379
target 82,DSC05394,1939.9539,1727.2693
target 82,DSC05395,1904.6357,1705.4286
target 82,DSC05396,1866.4462,1665.6906
target 82,DSC05397,1869.4377,1799.4467
target 82,DSC05398,1855.2227,1889.6594
target 82,DSC05399,1859.2709,2078.5881
target 82,DSC05400,1862.6608,2166.8459
target 82,DSC05401,1885.5094,2324.2827
target 82,DSC05402,1832.9576,2290.429
target 82,DSC05403,1777.9661,2191.0837
target 82,DSC05404,1753.5282,2287.2341
target 82,DSC05410,3749.6738,1685.6965
target 82,DSC05411,3720.4294,1715.9866
target 82,DSC05412,3244.8313,1826.7792
target 82,DSC05413,3430.0251,1918.7751
target 82,DSC05444,2579.8628,2782.4412
target 82,DSC05452,2464.376,2697.3833
target 82,DSC05453,2819.9558,2776.3164
target 82,DSC05454,2705.7664,2739.033
target 82,DSC05455,3032.0452,2782.0396
target 82,DSC05456,3414.5205,2900.8118
target 82,DSC05457,3295.5078,2855.0566
target 82,DSC05458,3417.9875,2837.3831
target 82,DSC05459,3471.8916,3035.7793
target 82,DSC05460,3429.5029,2971.3467
target 82,DSC05461,3594.5356,2898.0923
target 82,DSC05462,3504.1667,2847.4902
target 82,DSC05463,4166.165,2522.925
target 82,DSC05464,4224.436,2623.8586
target 82,DSC05465,3830.8157,2533.4834
target 82,DSC05466,3853.0686,2536.7522
target 82,DSC05469,3120.3879,2788.7888
target 82,DSC05472,3134.0078,2788.0295
target 82,DSC05473,3416.2148,2755.7051
target 82,DSC05474,3878.8025,2559.3452
target 82,DSC05475,3760.0933,2547.4609
target 82,DSC05480,3880.5916,3290.8872
target 82,DSC05481,3417.6519,3271.1748
target 82,DSC05482,3347.948,3349.8352
target 82,DSC05483,2912.0251,3277.408
target 82,DSC05484,2987.2439,3175.5771
target 82,DSC05485,2901.8879,3159.2698
target 82,DSC05486,2735.8621,3199.6956
target 82,DSC05487,2602.9204,3191.8975
target 82,DSC05488,2506.218,3090.3462
target 83,DSC05203,5603.1909,1124.6003
target 83,DSC05204,5007.5771,673.9268
target 83,DSC05205,5268.5332,1045.3611
target 83,DSC05207,5450.0928,1375.2588
target 83,DSC05208,5401.9551,1949.4952
target 83,DSC05211,5327.5259,2440.4771
target 83,DSC05212,5324.9443,2425.8909
target 83,DSC05213,5318.7153,2356.5054
target 83,DSC05214,5272.2847,2334.9878
target 83,DSC05215,5213.5352,2437.5566
target 83,DSC05216,5181.9126,2560.7893
target 83,DSC05217,5067.186,2958.6489
target 83,DSC05245,3849.1243,1179.5847
target 83,DSC05246,4014.0879,1041.652
target 83,DSC05248,3091.1069,857.7786
target 83,DSC05249,2881.1868,887.1594
target 83,DSC05265,1909.9166,2975.3154
target 83,DSC05266,1853.7996,3437.3826
target 83,DSC05267,1794.0505,3258.5684
target 83,DSC05268,1224.1536,2757.0122
target 83,DSC05269,1864.4637,2531.6875
target 83,DSC05270,1821.3109,2179.0674
target 83,DSC05271,1761.2981,1974.8574
target 83,DSC05272,1743.1334,1974.0293
target 83,DSC05273,1711.3666,1479.0214
target 83,DSC05274,1759.0157,1491.5707
target 83,DSC05275,1787.5311,1749.5393
target 83,DSC05276,1775.9902,1701.1829
target 83,DSC05277,1777.5284,1562.6405
target 83,DSC05278,1755.068,1325.9116
target 83,DSC05279,1825.9449,1269.4222
target 83,DSC05280,1823.8639,913.6714
target 83,DSC05281,1867.4617,1185.4115
target 83,DSC05282,1873.0574,1183.5338
target 83,DSC05283,1887.1461,1074.8785
target 83,DSC05284,1895.3663,857.2723
target 83,DSC05285,1903.027,638.9527
target 83,DSC05318,4450.7344,1496.0503
target 83,DSC05319,4409.1118,1493.7277
target 83,DSC05320,4510.7432,1490.3958
target 83,DSC05321,4674.0312,1469.1587
target 83,DSC05322,4197.3052,1496.6284
target 83,DSC05323,4152.1816,1485.8508
target 83,DSC05324,4150.1353,1467.6631
target 83,DSC05325,3690.5315,1477.7458
target 83,DSC05326,3629.5947,1476.6953
target 83,DSC05327,3545.2908,1475.3258
target 83,DSC05328,3502.0278,1462.7697
target 83,DSC05329,3607.2095,1448.1113
target 83,DSC05330,3255.6953,1452.1755
target 83,DSC05331,3168.8389,1450.0963
target 83,DSC05332,2605.3154,1431.8315
target 83,DSC05333,2175.7271,1435.3683
target 83,DSC05334,2399.3818,1464.235
target 83,DSC05335,2209.8535,1490.6973
target 83,DSC05336,2393.6768,1509.8794
target 83,DSC05337,2520.8398,1505.9556
target 83,DSC05361,2314.3879,930.8836
target 83,DSC05362,2348.3096,1131.8556
target 83,DSC05363,2370.6035,1473.478
target 83,DSC05364,2978.9285,1470.3602
target 83,DSC05365,3008.8333,1437.9286
target 83,DSC05366,3051.5168,1097.1854
target 83,DSC05368,3006.405,1352.1992
target 83,DSC05369,3004.8989,1431.9364
target 83,DSC05370,3011.2573,1393.1707
target 83,DSC05371,2998.9858,1370.0964
target 83,DSC05372,2882.6997,1941.829
target 83,DSC05373,2720.6191,1144.8672
target 83,DSC05374,2785.0239,1837.1345
target 83,DSC05375,2797.02,2141.6147
target 83,DSC05376,2739.7275,2140.0029
target 83,DSC05377,2695.9419,2212.147
target 83,DSC05378,2716.7986,2435.5674
target 83,DSC05379,2757.0876,2635.4226
target 83,DSC05380,2767.5916,2729.5659
target 83,DSC05381,2805.4478,2789.5427
target 83,DSC05382,2843.7019,2940.8999
target 83,DSC05383,2892.9275,2994.4402
target 83,DSC05384,2900.3997,3471.967
target 83,DSC05385,2944.9377,3390.3047
target 83,DSC05386,3002.4802,3134.6238
target 83,DSC05418,237.2617,1287.7539
target 83,DSC05419,997.4301,1189.172
target 83,DSC05420,1674.0349,1193.9603
target 83,DSC05427,1920.9677,2160.2314
target 83,DSC05428,2092.5483,2223.9834
target 83,DSC05429,2104.5403,2254.8665
target 83,DSC05430,2721.3354,2309.9863
target 83,DSC05431,2941.7251,2130.6135
target 83,DSC05432,3700.4089,2219.7532
target 83,DSC05433,2617.7251,2115.0364
target 83,DSC05434,2714.8889,2146.1506
target 83,DSC05435,3061.4622,2314.4836
target 83,DSC05436,2983.9304,2331.2239
target 83,DSC05437,3285.6179,2432.8884
target 83,DSC05438,3644.6409,2639.4507
target 83,DSC05439,4006.4705,2560.4929
target 83,DSC05440,4115.3721,2419.4136
target 83,DSC05441,4254.6519,2448.8943
target 83,DSC05442,4113.4771,2305.9646
target 83,DSC05443,4118.313,2247.1436
target 83,DSC05444,3968.5413,2186.1873
target 83,DSC05445,4013.2637,2143.9653
target 83,DSC05447,4372.3198,2122.6924
target 83,DSC05448,4338.6777,2021.5745
target 83,DSC05449,4312.689,1942.9778
target 83,DSC05450,4003.9277,1751.0433
target 83,DSC05477,729.9168,1942.6462
target 83,DSC05478,1130.8175,2316.5237
target 83,DSC05491,3897.5229,2110.1628
target 83,DSC05492,3799.1257,2098.3621
target 83,DSC05493,3847.9275,2118.7744
target 83,DSC05494,3761.7014,2124.0017
target 83,DSC05495,3881.4905,2131.6101
target 83,DSC05496,3910.2913,2170.6292
target 83,DSC05497,3883.1313,2232.9146
target 83,DSC05498,3957.1003,2287.7725
target 83,DSC05499,3867.9578,2290.196
target 83,DSC05500,3901.6833,2299.5276
target 83,DSC05501,3752.7834,2305.5186
target 83,DSC05502,3773.9343,2271.6694
target 83,DSC05503,3668.7388,2248.8054
target 83,DSC05504,3648.6011,2268.7493
target 83,DSC05505,3343.3015,2428.3213
target 83,DSC05506,3307.2769,2481.1411
target 83,DSC05507,3245.1802,2518.6846
target 83,DSC05508,3218.5522,2588.0457
target 83,DSC05509,2760.7893,2642.064
target 83,DSC05510,2618.084,2756.7544
target 83,DSC05511,2723.25,2710.3643
target 83,DSC05512,2930.9492,2310.6401
target 83,DSC05513,2886.5776,2314.0193
target 83,DSC05514,2562.4392,2335.0261
target 83,DSC05515,2398.6279,2341.0083
target 83,DSC05516,2520.1704,2288.3813
target 83,DSC05517,2371.1887,2254.7217
target 83,DSC05518,2288.5989,2351.3801
target 84,DSC05196,3160.4802,1115.7351
target 84,DSC05197,3163.9741,1529.6611
target 84,DSC05198,3166.4739,1430.2151
target 84,DSC05199,3153.5886,1622.7909
target 84,DSC05200,3147.2983,1713.7699
target 84,DSC05201,3149.5083,1735.9972
target 84,DSC05202,3158.6003,1601.8641
target 84,DSC05203,3159.3909,1324.5397
target 84,DSC05204,2552.8347,768.8672
target 84,DSC05205,2515.895,1135.0699
target 84,DSC05207,2506.0325,1454.5023
target 84,DSC05208,2501.8628,2043.2622
target 84,DSC05248,3201.176,3549.5
target 84,DSC05249,2991.2808,3539.3281
target 84,DSC05250,2386.2766,3502.3228
target 84,DSC05251,1519.8735,3452.4575
target 84,DSC05252,1628.3949,3460.1052
target 84,DSC05253,1833.649,3466.8325
target 84,DSC05254,1842.579,3449.0237
target 84,DSC05263,4231.4185,2431.1448
target 84,DSC05264,4277.2534,2244.6594
target 84,DSC05265,4228.9634,2659.822
target 84,DSC05266,4236.4766,3082.0166
target 84,DSC05267,4435.9316,2889.6533
target 84,DSC05338,2664.3259,3925.1504
target 84,DSC05366,1119.4767,1395.5801
target 85,DSC05204,2547.8979,417.1602
target 85,DSC05205,2511.5393,647.6274
target 85,DSC05207,2501.281,842.8196
target 85,DSC05208,2493.7366,1373.1171
target 85,DSC05210,2481.365,1659.8894
target 85,DSC05211,2469.7971,1724.6287
target 85,DSC05212,2467.2759,1633.4023
target 85,DSC05213,2470.9167,1511.9631
target 85,DSC05214,2474.5603,1452.0521
target 85,DSC05215,2473.0317,1548.0791
target 85,DSC05216,2473.7974,1667.9801
target 85,DSC05217,2464.7253,2135.2197
target 85,DSC05218,2469.7292,2253.7854
target 85,DSC05219,2468.7739,2429.6675
target 85,DSC05220,2464.6555,2653.512
target 85,DSC05221,2465.8352,2711.9353
target 85,DSC05222,2474.4512,2348.6951
target 85,DSC05224,2479.7966,2761.5688
target 85,DSC05242,3943.6301,3581.7642
target 85,DSC05243,3185.1877,3568.6211
target 85,DSC05244,2792.1399,3550.1631
target 85,DSC05245,3066.9697,3558.7471
target 85,DSC05246,3316.1797,3560.1873
target 85,DSC05247,3088.9358,3549.5132
target 85,DSC05248,2698.4624,3516.9922
target 85,DSC05269,4177.9697,2791.7378
target 85,DSC05270,4230.3594,2518.8298
target 85,DSC05271,4338.1289,2403.2229
target 85,DSC05272,4392.0977,2471.8196
target 85,DSC05273,4422.481,2073.2795
target 85,DSC05274,4362.9663,2100.9924
target 85,DSC05275,4350.6992,2372.4963
target 85,DSC05276,4389.6011,2383.6987
target 85,DSC05277,4409.7349,2299.2041
target 85,DSC05278,4446.6548,2129.24
target 85,DSC05279,4377.7217,2061.5195
target 85,DSC05280,4373.6484,1741.3278
target 85,DSC05281,4348.4751,1965.7903
target 85,DSC05282,4369.0,1959.424
target 85,DSC05283,4341.292,1826.1801
target 85,DSC05284,4345.3467,1599.1448
target 85,DSC05285,4340.7524,1354.6473
target 85,DSC05286,4300.2446,1412.3966
target 85,DSC05321,3799.5559,3940.6792
target 85,DSC05322,3414.2019,3901.7227
target 85,DSC05323,3389.1555,3877.6274
target 85,DSC05324,3371.1655,3963.1619
target 85,DSC05328,2972.8496,3921.3689
target 85,DSC05329,3132.9277,3934.0293
target 85,DSC05330,2883.8655,3912.0063
target 86,DSC05255,2829.1621,1770.7297
target 86,DSC05303,2931.0181,2316.2979
target 86,DSC05304,2902.7524,2165.7717
target 86,DSC05305,3039.928,2414.8909
target 86,DSC05306,3047.7166,2448.9241
target 86,DSC05307,2954.7803,2459.9724
target 86,DSC05308,2878.9031,2453.8567
target 86,DSC05348,3987.7695,2345.239
target 86,DSC05349,3822.248,2336.2629
target 86,DSC05350,3616.467,2330.6382
target 86,DSC05351,2514.0986,3549.7312
target 86,DSC05352,1564.4755,2920.3589
target 86,DSC05353,1826.1129,2902.6807
target 86,DSC05354,1859.6307,2612.8616
target 86,DSC05355,1891.5957,2728.387
target 86,DSC05400,2040.8077,1660.4823
target 86,DSC05401,2042.9192,1857.4781
target 86,DSC05402,1967.5922,1837.2031
target 86,DSC05403,1879.9335,1756.9149
target 86,DSC05404,1838.8141,1888.1743
target 86,DSC05405,3832.9399,2275.4678
target 86,DSC05406,3981.3364,2143.3455
target 86,DSC05408,4564.2524,1751.965
target 86,DSC05409,3986.7268,1917.8082
target 86,DSC05410,3467.5188,1622.8184
target 86,DSC05411,3342.8833,1616.9325
target 86,DSC05412,2778.3411,1738.6434
target 86,DSC05413,2875.6003,1766.7256
target 86,DSC05421,2931.2622,2335.4929
target 86,DSC05422,3395.9675,2434.6943
target 86,DSC05423,3556.5168,2426.021
target 86,DSC05456,2919.5286,2696.0144
target 86,DSC05457,2822.5259,2701.9871
target 86,DSC05458,2995.9221,2728.1882
target 86,DSC05459,3067.0024,2981.949
target 86,DSC05460,3084.073,2947.5566
target 86,DSC05461,3304.7173,2888.25
target 86,DSC05462,3165.7339,2962.0215
target 86,DSC05463,3813.5967,2588.134
target 86,DSC05464,3774.0896,2656.3748
target 86,DSC05465,3296.3596,2511.5774
target 86,DSC05466,3315.3474,2516.4019
target 86,DSC05469,2553.8284,2822.9197
target 86,DSC05472,2568.2803,2819.783
target 86,DSC05473,2843.3171,2721.7744
target 86,DSC05474,3468.0286,2558.5771
target 86,DSC05475,3453.686,2623.491
target 86,DSC05480,3435.9973,3281.2681
target 86,DSC05481,2942.6687,3272.5522
target 86,DSC05482,2830.2568,3302.0798
target 86,DSC05483,2369.8271,3211.0391
target 86,DSC05484,2457.7319,3067.2292
target 86,DSC05485,2369.6489,3016.2446
target 86,DSC05520,3569.6274,2395.4412
target 86,DSC05521,3454.4568,2369.25
target 86,DSC05522,3365.1492,2392.6792
target 86,DSC05523,3654.4443,2457.7285
target 86,DSC05524,3552.3604,2477.9128
target 86,DSC05525,3225.51,2486.8633
target 87,DSC05304,3494.9546,2830.7273
target 87,DSC05305,2446.4829,2974.3889
target 87,DSC05306,2450.2234,2990.4175
target 87,DSC05307,2354.3118,2986.2175
target 87,DSC05348,4499.5576,2870.4424
target 87,DSC05349,4300.2705,2859.4553
target 87,DSC05350,4054.8032,2854.3669
target 87,DSC05352,973.1267,3400.583
target 87,DSC05353,1259.293,3365.106
target 87,DSC05354,1340.0,3069.5
target 87,DSC05355,1380.3767,3190.6165
target 87,DSC05356,1410.0128,3014.03
target 87,DSC05357,1408.2291,2946.0312
target 87,DSC05399,1624.7554,985.9681
target 87,DSC05400,1598.0266,1066.4763
target 87,DSC05401,1567.1666,1239.2207
target 87,DSC05402,1433.6107,1180.2301
target 87,DSC05403,1265.4564,1066.2795
target 87,DSC05404,1179.09,1185.8948
target 87,DSC05405,2959.4314,3071.0029
target 87,DSC05406,3177.0454,2957.8298
target 87,DSC05408,3955.1399,2569.7275
target 87,DSC05409,3210.5583,2680.0291
target 87,DSC05410,2800.4243,2280.687
target 87,DSC05411,2640.4131,2204.9067
target 87,DSC05412,2072.2507,2348.7854
target 87,DSC05413,2169.4661,2269.5442
target 87,DSC05421,3347.3916,2814.0415
target 87,DSC05422,3844.7468,2933.1296
target 87,DSC05423,4006.894,2912.7263
target 87,DSC05424,4075.4829,2917.6965
target 87,DSC05456,2401.6628,2976.1592
target 87,DSC05457,2264.4111,3043.4612
target 87,DSC05458,2402.5083,3131.7856
target 87,DSC05459,2404.7615,3480.8342
target 87,DSC05460,2436.6948,3504.5505
target 87,DSC05461,2667.4915,3475.0259
target 87,DSC05462,2493.7546,3518.481
target 87,DSC05463,3044.0088,3275.9036
target 87,DSC05464,2894.9756,3235.3984
target 87,DSC05465,2486.7014,3026.5308
target 87,DSC05466,2495.8391,3030.3123
target 87,DSC05469,1812.4839,3370.8547
target 87,DSC05472,1826.3644,3364.7268
target 87,DSC05473,2114.0532,3174.6135
target 87,DSC05474,2714.7688,3090.3025
target 87,DSC05475,2727.0786,3301.6448
target 87,DSC05480,2822.8567,3569.2993
target 87,DSC05481,2369.051,3575.1394
target 87,DSC05482,2282.8655,3535.9885
target 87,DSC05483,1886.6476,3432.6809
target 87,DSC05484,2005.6023,3255.1875
target 87,DSC05485,1956.4739,3172.0557
target 87,DSC05486,1814.1288,3172.5605
target 87,DSC05487,1714.75,3133.1667
target 87,DSC05517,4443.064,2582.2563
target 87,DSC05518,4523.8208,2743.9622
target 87,DSC05519,4263.5342,2792.0642
target 87,DSC05520,4032.686,2756.655
target 87,DSC05521,3917.5796,2741.3115
target 87,DSC05522,3832.5801,2782.3999
target 87,DSC05523,4110.0083,2915.1272
target 87,DSC05524,4008.418,2947.5205
target 87,DSC05525,3685.1226,2959.415
target 88,DSC05196,4675.7568,1217.0575
target 88,DSC05197,4704.3169,1496.9084
target 88,DSC05198,4736.7876,1324.9688
target 88,DSC05205,4828.9097,330.9462
target 88,DSC05207,5008.8716,482.8276
target 88,DSC05208,4977.5288,984.6711
target 88,DSC05210,4966.978,1255.9956
target 88,DSC05211,5032.1919,1315.5667
target 88,DSC05212,5130.8081,1232.5582
target 88,DSC05213,5215.918,1125.8993
target 88,DSC05246,2980.9941,1175.0919
target 88,DSC05247,2764.3408,1281.7734
target 88,DSC05248,2450.2583,1287.489
target 88,DSC05251,1794.8179,1625.7848
target 88,DSC05253,2313.4221,1746.7467
target 88,DSC05260,2143.0369,2638.7473
target 88,DSC05265,2110.0391,3074.4578
target 88,DSC05269,2052.095,3274.147
target 88,DSC05270,2021.4064,3010.2996
target 88,DSC05271,1978.3372,2922.8411
target 88,DSC05272,1952.9719,3017.925
target 88,DSC05273,1932.3158,2601.156
target 88,DSC05274,1951.2179,2610.6721
target 88,DSC05275,1946.9675,2893.2778
target 88,DSC05276,1918.5974,2907.1208
target 88,DSC05277,1900.1981,2807.4631
target 88,DSC05278,1862.0167,2614.1606
target 88,DSC05279,1893.9873,2474.0891
target 88,DSC05280,1882.363,2094.8105
target 88,DSC05321,3503.9646,1552.2122
target 88,DSC05322,3042.0168,1589.9082
target 88,DSC05323,2983.5869,1585.9281
target 88,DSC05324,2926.8945,1578.348
target 88,DSC05325,2484.3093,1593.2944
target 88,DSC05326,2477.7112,1599.1036
target 88,DSC05327,2453.2429,1597.7764
target 88,DSC05328,2490.7588,1584.712
target 88,DSC05329,2653.2695,1579.7723
target 88,DSC05330,2400.0056,1583.5153
target 88,DSC05331,2422.5649,1572.6339
target 88,DSC05332,1954.1512,1558.4398
target 88,DSC05333,1638.6766,1566.8896
target 88,DSC05334,1971.0297,1582.5913
target 88,DSC05335,1864.1359,1604.9951
target 88,DSC05336,2121.9734,1623.4309
target 88,DSC05337,2341.4258,1617.1714
target 88,DSC05338,2295.7297,1619.9286
target 88,DSC05352,2396.0276,1649.1813
target 88,DSC05353,2640.4885,1643.9368
target 88,DSC05361,2462.4351,903.4783
target 88,DSC05362,2477.4109,910.3875
target 88,DSC05363,2488.4272,1189.1947
target 88,DSC05364,3086.9065,1184.2445
target 88,DSC05365,3114.3096,1227.8958
target 88,DSC05366,3149.0244,1044.2168
target 88,DSC05368,3102.165,972.4241
target 88,DSC05369,3089.3477,976.5698
target 88,DSC05370,3085.1528,886.9067
target 88,DSC05371,3064.7458,884.8486
target 88,DSC05372,2992.979,1350.8069
target 88,DSC05373,2757.0337,102.5725
target 88,DSC05374,2837.6978,836.4384
target 88,DSC05375,2847.3113,1105.9271
target 88,DSC05376,2758.8909,968.7977
target 88,DSC05377,2681.8682,909.375
target 88,DSC05378,2666.0623,1054.4614
target 88,DSC05379,2647.8999,1245.9608
target 88,DSC05380,2632.7256,1338.5686
target 88,DSC05381,2627.7329,1436.2213
target 88,DSC05382,2640.5327,1671.5623
target 88,DSC05419,510.8617,785.0745
target 88,DSC05420,996.1414,784.2427
target 88,DSC05421,1567.9073,1533.1074
target 88,DSC05428,2016.2418,1902.1315
target 88,DSC05429,1885.9504,1925.6838
target 88,DSC05430,2355.377,1962.5352
target 88,DSC05431,2486.636,1862.5363
target 88,DSC05432,3073.4648,1912.3103
target 88,DSC05433,1968.767,1885.5836
target 88,DSC05434,1988.8835,1906.8376
target 88,DSC05435,2216.8521,2037.0183
target 88,DSC05436,2083.2065,2089.9019
target 88,DSC05437,2301.6309,2181.447
target 88,DSC05438,2393.5781,2404.5183
target 88,DSC05439,2648.7551,2422.7334
target 88,DSC05440,2789.4468,2415.9907
target 88,DSC05441,2890.0046,2489.8228
target 88,DSC05442,2832.1223,2419.5955
target 88,DSC05443,2889.189,2405.0737
target 88,DSC05444,2809.761,2409.8728
target 88,DSC05477,623.5273,1382.7699
target 88,DSC05478,590.1154,1683.6859
target 88,DSC05496,2949.9419,2596.0627
target 88,DSC05497,2841.0051,2599.9502
target 88,DSC05498,2840.4739,2548.6763
target 88,DSC05499,2727.7891,2446.3364
target 88,DSC05500,2765.8813,2326.8716
target 88,DSC05501,2631.9175,2295.8237
target 88,DSC05502,2724.7529,2139.1423
target 88,DSC05503,2655.187,2093.0789
target 88,DSC05504,2661.3582,2076.6643
target 88,DSC05505,2361.74,2193.8096
target 88,DSC05506,2358.2688,2197.0203
target 88,DSC05507,2338.5193,2189.1943
target 88,DSC05508,2362.7769,2193.0781
target 88,DSC05509,1946.1753,2242.2864
target 88,DSC05510,2016.2924,2222.1084
target 88,DSC05511,2240.8555,2142.5664
target 88,DSC05512,2600.8716,1827.5024
target 88,DSC05513,2616.8132,1821.2944
target 88,DSC05514,2372.1821,1836.7898
target 88,DSC05515,2304.0852,1830.3883
target 88,DSC05516,2495.0056,1784.7039
target 88,DSC05517,2422.4612,1762.2994
target 88,DSC05518,2418.6982,1824.8423
target 88,DSC05525,1646.0537,1660.4323
target 89,DSC05262,3622.1709,985.2678
target 89,DSC05263,3602.8088,646.6617
target 89,DSC05264,3608.3491,456.1638
target 89,DSC05265,3502.1206,1046.6743
target 89,DSC05266,3428.446,1556.8892
target 89,DSC05269,3396.3669,1376.0419
target 89,DSC05270,3410.4075,1117.6586
target 89,DSC05271,3445.4839,995.9615
target 89,DSC05272,3443.0864,1137.994
target 89,DSC05273,3456.5908,783.0637
target 89,DSC05274,3417.4382,942.0761
target 89,DSC05275,3386.9136,1339.6182
target 89,DSC05276,3385.24,1450.5852
target 89,DSC05277,3378.1262,1510.1495
target 89,DSC05295,3395.8857,2070.9016
target 89,DSC05296,3396.2107,2133.9546
target 89,DSC05297,3445.4763,2296.3818
target 89,DSC05311,2542.0557,2825.8162
target 89,DSC05312,2964.0234,2819.3359
target 89,DSC05313,3023.1243,2843.2986
target 89,DSC05325,3880.2529,2863.3259
target 89,DSC05326,4058.0229,2892.084
target 89,DSC05327,4186.9272,2929.792
target 89,DSC05328,4315.5312,2934.6399
target 89,DSC05329,4624.1885,2987.1511
target 89,DSC05330,4449.0967,2992.8936
target 89,DSC05331,4471.9487,2977.1765
target 89,DSC05339,4512.1826,3233.4622
target 89,DSC05340,4394.2461,3225.8572
target 89,DSC05341,3954.7815,3240.6409
target 89,DSC05342,4411.8726,3286.6372
target 89,DSC05343,4472.9844,3324.3801
target 89,DSC05344,4209.5,3289.7041
target 89,DSC05356,828.5203,2445.554
target 89,DSC05357,782.5964,2468.561
target 89,DSC05358,712.5682,2966.9355
target 89,DSC05359,766.2957,2857.6326
target 89,DSC05360,836.171,2916.6792
target 89,DSC05361,807.838,3028.8687
target 89,DSC05362,1036.2516,2976.4194
target 89,DSC05365,1761.3,3149.592
target 89,DSC05366,1770.1746,2887.6226
target 89,DSC05367,1671.2037,3066.4307
target 89,DSC05373,1843.5177,2170.5674
target 89,DSC05374,1877.4528,2702.6055
target 89,DSC05375,1889.6898,2878.4233
target 89,DSC05376,1870.7179,2690.4678
target 89,DSC05377,1849.4386,2564.698
target 89,DSC05393,2080.7732,1643.8478
target 89,DSC05394,2013.5952,1550.0774
target 89,DSC05395,1974.8457,1449.3148
target 89,DSC05396,1933.8148,1345.0988
target 89,DSC05397,1927.7581,1411.0096
target 89,DSC05403,1717.9774,1353.4819
target 89,DSC05404,1666.598,1380.5686
target 89,DSC05412,2359.7048,1851.8779
target 89,DSC05414,3077.9177,2465.0752
target 89,DSC05415,3296.272,2552.0093
target 89,DSC05420,4160.4111,2423.6292
target 89,DSC05421,2657.5642,3364.4907
target 89,DSC05422,3193.281,3542.5842
target 89,DSC05423,3420.8115,3529.2788
target 89,DSC05424,3611.1614,3589.7231
target 89,DSC05425,3773.4963,3601.78
target 89,DSC05426,4106.645,3712.4204
target 89,DSC05427,4068.1804,3648.0923
target 89,DSC05428,4139.3232,3527.0415
target 89,DSC05429,4048.5144,3414.3357
target 89,DSC05432,4996.8984,3263.9209
target 89,DSC05433,3873.5115,2931.2
target 89,DSC05434,3886.5774,2937.3008
target 89,DSC05435,4135.5586,3076.1365
target 89,DSC05436,3976.4199,3033.061
target 89,DSC05437,4169.1807,3109.0208
target 89,DSC05438,4196.1831,3172.2007
target 89,DSC05439,4076.6116,3044.6016
target 89,DSC05454,2639.3977,2560.9885
target 89,DSC05458,2760.386,2741.386
target 89,DSC05459,2660.866,2952.7358
target 89,DSC05460,2557.0098,2959.3137
target 89,DSC05461,2667.9885,2923.0342
target 89,DSC05463,3042.1328,2504.2278
target 89,DSC05464,3104.5708,2416.3435
target 89,DSC05465,2876.3845,2304.303
target 89,DSC05466,2889.1316,2298.1077
target 89,DSC05469,2253.0303,2588.5
target 89,DSC05472,2267.4385,2585.7324
target 89,DSC05473,2616.8333,2491.0615
target 89,DSC05474,2912.9546,2418.5649
target 89,DSC05475,2677.6677,2547.2971
target 89,DSC05476,3383.9827,3019.8665
target 89,DSC05477,3537.9458,2854.2312
target 89,DSC05485,2652.6624,2753.6675
target 89,DSC05496,3000.2476,2358.3232
target 89,DSC05502,3988.1389,2376.9861
target 89,DSC05503,3984.0562,2377.0374
target 89,DSC05504,4055.2556,2412.5623
target 89,DSC05505,3927.5295,2524.3518
target 89,DSC05506,4004.1653,2588.6089
target 89,DSC05507,4062.3274,2645.4216
target 89,DSC05508,4179.6411,2740.3696
target 89,DSC05509,3891.3613,2751.5256
target 89,DSC05510,4106.0195,3026.3743
target 89,DSC05514,4322.8711,3128.2517
target 89,DSC05515,4263.4805,3223.0522
target 89,DSC05516,4402.1465,3308.8755
target 89,DSC05517,4294.1333,3347.947
target 89,DSC05518,4308.0317,3556.0662
target 89,DSC05519,4026.0217,3632.353
target 89,DSC05520,3731.1406,3567.2942
target 89,DSC05521,3559.1287,3529.4963
target 89,DSC05522,3411.5332,3564.5959
target 89,DSC05523,3546.7075,3653.7151
target 89,DSC05524,3401.8542,3677.7952
target 89,DSC05525,3032.0288,3687.4556
target 90,DSC05196,3527.1777,2645.6445
target 90,DSC05197,3525.3821,3124.377
target 90,DSC05198,3519.1736,3022.051
target 90,DSC05199,3500.947,3216.4058
target 90,DSC05251,3569.4277,3062.9949
target 90,DSC05252,3537.8401,3056.3806
target 90,DSC05253,3674.7866,3051.3516
target 90,DSC05254,3456.7524,3049.4761
target 90,DSC05255,3769.5552,2045.7789
target 90,DSC05256,3805.0896,1524.4727
target 90,DSC05257,3901.2954,1197.8859
target 90,DSC05258,3889.593,1122.9399
target 90,DSC05260,3915.0618,817.3799
target 90,DSC05261,3874.002,1130.2312
target 90,DSC05262,3838.0024,911.372
target 90,DSC05341,4031.0579,3467.9421
target 90,DSC05342,4484.9399,3526.3489
target 90,DSC05343,4542.7285,3572.0728
target 90,DSC05344,4268.7451,3530.6086
target 90,DSC05345,4129.3481,3518.2356
target 90,DSC05346,4067.5688,3571.2361
target 90,DSC05348,3702.5588,3542.6414
target 90,DSC05349,3436.7317,3497.0149
target 90,DSC05350,3114.9104,3460.0417
target 90,DSC05351,1372.8132,3090.4248
target 90,DSC05352,186.2179,2582.4146
target 90,DSC05353,516.7654,2560.2749
target 90,DSC05354,565.4667,2368.4053
target 90,DSC05355,613.3202,2543.47
target 90,DSC05356,590.0945,2480.9329
target 90,DSC05357,541.8823,2514.866
target 90,DSC05358,462.9297,3027.0547
target 90,DSC05359,530.366,2927.5669
target 90,DSC05367,1484.2192,3128.1052
target 90,DSC05421,2675.5825,3564.2168
target 90,DSC05422,3215.606,3753.5955
target 90,DSC05423,3446.1431,3738.5706
target 90,DSC05424,3647.8953,3800.4675
target 90,DSC05425,3815.9702,3810.9487
target 90,DSC05521,3603.2966,3699.0847
target 90,DSC05522,3453.8474,3736.6206
target 90,DSC05523,3574.4939,3835.3779
target 90,DSC05524,3428.5718,3861.1353
target 90,DSC05525,3061.1399,3871.2849
target 91,DSC05305,1393.8986,3641.4287
target 91,DSC05306,1414.0044,3606.1008
target 91,DSC05349,5316.54,3507.5845
target 91,DSC05350,5014.8145,3517.5493
target 91,DSC05356,895.8538,3876.0103
target 91,DSC05400,1176.8372,125.7558
target 91,DSC05401,1081.6014,249.5968
target 91,DSC05402,836.4567,93.44
target 91,DSC05408,3064.238,3746.4155
target 91,DSC05409,2039.1281,3670.7207
target 91,DSC05410,1768.4312,3095.7048
target 91,DSC05411,1583.1792,2863.4092
target 91,DSC05412,971.1318,3034.9282
target 91,DSC05413,1135.7235,2741.7197
target 91,DSC05421,4095.5723,3311.4778
target 91,DSC05422,4650.1304,3452.4402
target 91,DSC05423,4804.4688,3409.0688
target 91,DSC05424,4859.9014,3352.5681
target 91,DSC05425,4914.0278,3306.574
target 91,DSC05457,1427.863,3341.9268
target 91,DSC05458,1493.928,3543.7402
target 91,DSC05464,1663.817,3897.731
target 91,DSC05465,1336.7084,3574.3354
target 91,DSC05466,1336.8965,3575.9814
target 91,DSC05474,1611.0974,3709.894
target 91,DSC05476,4266.6611,2347.3162
target 91,DSC05480,1950.2628,3870.135
target 91,DSC05481,1518.5623,3900.5349
target 91,DSC05516,5096.7085,2744.8333
target 91,DSC05517,5077.6704,2810.4431
target 91,DSC05518,5203.6182,3010.6636
target 91,DSC05519,4958.0889,3046.6694
target 91,DSC05520,4737.2578,3026.0908
target 91,DSC05521,4632.707,3033.1428
target 91,DSC05522,4566.3623,3103.425
target 91,DSC05523,4882.1123,3356.4031
target 91,DSC05524,4787.334,3410.5095
target 91,DSC05525,4465.2808,3427.1711
target 92,DSC05207,2566.4053,1264.0645
target 92,DSC05208,2560.3274,1903.4471
target 92,DSC05210,2547.9951,2293.0212
target 92,DSC05211,2538.3777,2455.8
target 92,DSC05212,2539.72,2446.8401
target 92,DSC05213,2545.6538,2375.1155
target 92,DSC05214,2552.7778,2359.8484
target 92,DSC05215,2550.8708,2469.6021
target 92,DSC05216,2553.1758,2603.7913
target 92,DSC05217,2544.7236,3037.9771
target 92,DSC05218,2549.3645,3133.2673
target 92,DSC05219,2547.4631,3266.9744
target 92,DSC05220,2544.4397,3453.6045
target 92,DSC05221,2544.8137,3409.054
target 92,DSC05222,2552.0798,2974.293
target 92,DSC05242,4531.1045,3503.1899
target 92,DSC05243,3944.918,3496.6055
target 92,DSC05244,3611.8613,3488.9561
target 92,DSC05245,3937.2241,3509.8994
target 92,DSC05246,4142.0581,3524.5347
target 92,DSC05247,3720.1895,3521.6597
target 92,DSC05266,4255.2456,3335.8469
target 92,DSC05267,4467.1982,3160.9656
target 92,DSC05268,4914.4263,2607.636
target 92,DSC05269,4360.668,2479.0989
target 92,DSC05270,4427.5981,2139.4119
target 92,DSC05271,4560.5518,1944.673
target 92,DSC05272,4603.1084,1939.2153
target 92,DSC05273,4649.897,1472.1178
target 92,DSC05274,4547.1172,1481.0709
target 92,DSC05275,4486.0322,1721.6742
target 92,DSC05276,4502.9106,1675.8766
target 92,DSC05277,4491.5825,1539.6423
target 92,DSC05278,4508.6372,1315.4835
target 92,DSC05279,4384.8975,1261.5139
target 92,DSC05280,4367.9683,924.1693
target 92,DSC05281,4292.6523,1178.1545
target 92,DSC05282,4276.6304,1176.9033
target 92,DSC05283,4224.8218,1072.1533
target 92,DSC05284,4213.1675,864.926
target 92,DSC05285,4188.0098,657.4136
target 92,DSC05286,4118.9009,785.0863
target 92,DSC05287,4105.228,749.4478
target 92,DSC05288,4159.6646,712.1612
target 92,DSC05289,4133.1641,657.6589
target 92,DSC05290,4068.2144,880.0357
target 92,DSC05291,4033.9434,973.1887
target 92,DSC05316,4543.063,3762.459
target 92,DSC05317,4646.4761,3880.6411
target 92,DSC05318,4445.3599,3885.7185
target 92,DSC05319,4405.0801,3918.3896
target 92,DSC05338,2400.6792,3922.709
target 92,DSC05359,273.7353,838.2706
target 92,DSC05360,143.0105,874.9473
target 92,DSC05363,106.4427,1473.5774
target 92,DSC05364,881.9453,1518.8212
target 92,DSC05365,970.8776,1479.9232
target 92,DSC05366,1106.3483,1175.4607
target 92,DSC05367,1179.7537,1299.0725
target 92,DSC05368,923.4725,1405.1873
target 92,DSC05369,930.1131,1476.3754
target 92,DSC05370,960.1136,1445.9059
target 92,DSC05371,1001.4861,1447.7858
target 92,DSC05372,629.5729,1946.5071
target 92,DSC05373,169.5271,1276.4757
target 92,DSC05374,337.5096,1869.3165
target 92,DSC05375,363.4019,2134.2322
target 92,DSC05376,216.2865,2141.0786
target 92,DSC05378,98.9731,2388.4475
target 92,DSC05379,214.0598,2562.4885
target 92,DSC05380,232.8967,2650.2219
target 92,DSC05381,315.9784,2698.7209
target 92,DSC05382,416.3047,2832.0696
target 92,DSC05383,558.3967,2887.5032
target 92,DSC05384,593.1667,3310.3577
target 92,DSC05385,743.4265,3247.6199
target 92,DSC05386,919.5482,3027.1892
target 92,DSC05387,1036.3164,2960.3137
target 92,DSC05414,775.6833,3652.6223
target 92,DSC05424,1833.0204,3674.4431
target 92,DSC05425,1924.0167,3773.6208
target 92,DSC05476,1252.0159,3770.3025
target 92,DSC05495,3714.7031,3591.5862
target 92,DSC05496,3732.8462,3635.7417
target 92,DSC05497,3708.8892,3706.3242
target 92,DSC05498,3759.4812,3768.4487
target 92,DSC05499,3694.3533,3772.0894
target 92,DSC05500,3720.843,3784.3418
target 92,DSC05501,3609.5,3789.0
target 92,DSC05502,3618.533,3752.1138
target 92,DSC05503,3539.0244,3725.7795
target 92,DSC05504,3522.1475,3746.5056
target 92,DSC05505,3292.7488,3916.0105
target 92,DSC05512,2969.3066,3774.2336
target 92,DSC05513,2940.5378,3776.4358
target 92,DSC05514,2699.6284,3796.1421
target 92,DSC05515,2580.917,3799.8604
target 92,DSC05516,2670.3157,3741.8904
target 92,DSC05517,2558.1094,3702.3418
target 92,DSC05518,2501.322,3806.4224
target 92,DSC05519,2209.969,3916.239
target 92,DSC05520,1981.0879,3804.7964
target 92,DSC05521,1860.9114,3705.0256
target 92,DSC05522,1747.8271,3667.5925
target 92,DSC05523,1957.625,3501.9485
target 92,DSC05524,1855.297,3484.1843
target 92,DSC05525,1555.5579,3482.2439
target 93,DSC05199,3680.1316,3072.2104
target 93,DSC05203,3675.7307,2495.3845
target 93,DSC05204,3076.2988,1941.4207
target 93,DSC05205,3081.8838,2184.0117
target 93,DSC05207,3092.9407,2305.9824
target 93,DSC05208,3085.6121,2664.8276
target 93,DSC05248,4284.9595,2887.6943
target 93,DSC05249,4459.1689,2866.113
target 93,DSC05251,3468.4978,2827.9263
target 93,DSC05254,3554.491,2799.135
target 93,DSC05255,3469.2478,1948.1464
target 93,DSC05256,3493.8193,1433.2783
target 93,DSC05257,3556.0142,1150.0206
target 93,DSC05258,3543.249,1124.3447
target 93,DSC05260,3557.6377,885.4575
target 93,DSC05261,3531.1338,1218.9714
target 93,DSC05262,3506.4028,1024.7802
target 93,DSC05263,3491.3362,729.8077
target 93,DSC05268,3394.8921,719.4661
target 93,DSC05269,3333.4319,1548.5
target 93,DSC05270,3346.5413,1301.9463
target 93,DSC05271,3379.2231,1194.4108
target 93,DSC05328,4108.293,2856.4885
target 93,DSC05329,4407.4736,2896.5789
target 93,DSC05330,4242.5142,2900.5496
target 93,DSC05331,4275.1943,2881.3152
target 93,DSC05332,3900.7151,2862.2312
target 93,DSC05334,3969.0425,2906.5042
target 93,DSC05335,3857.6133,2915.334
target 93,DSC05339,4413.5537,3084.6396
target 93,DSC05340,4323.1768,3079.0808
target 93,DSC05341,3917.3562,3094.1599
target 93,DSC05342,4390.9595,3133.5769
target 93,DSC05343,4469.4414,3167.5
target 93,DSC05344,4231.2173,3140.1057
target 93,DSC05345,4114.0381,3132.5557
target 93,DSC05346,4101.8799,3174.1003
target 93,DSC05348,3806.3008,3154.9429
target 93,DSC05349,3572.4673,3124.0991
target 93,DSC05350,3287.1667,3100.6287
target 93,DSC05351,1733.9246,3250.7561
target 93,DSC05352,633.8164,2703.145
target 93,DSC05353,936.1253,2680.822
target 93,DSC05354,983.3777,2456.9429
target 93,DSC05355,1025.8953,2612.0571
target 93,DSC05356,1013.3682,2508.9883
target 93,DSC05357,977.1133,2504.8176
target 93,DSC05358,918.091,2967.8003
target 93,DSC05359,966.9796,2821.5051
target 93,DSC05360,1028.4327,2843.7241
target 93,DSC05361,1000.5994,2921.0789
target 93,DSC05366,1911.8027,2805.9302
target 93,DSC05367,1825.7902,3011.353
target 93,DSC05368,2009.5056,2759.7585
target 93,DSC05369,2047.1879,2717.4746
target 93,DSC05370,2094.656,2587.9963
target 93,DSC05371,2111.1809,2566.5425
target 93,DSC05372,1908.7548,3157.9585
target 93,DSC05414,2968.009,2250.1511
target 93,DSC05418,3442.8975,2350.6499
target 93,DSC05419,3640.7266,2223.0508
target 93,DSC05420,3959.0354,2228.9912
target 93,DSC05421,2762.3889,3186.9167
target 93,DSC05422,3279.8469,3346.7749
target 93,DSC05423,3487.8708,3332.655
target 93,DSC05424,3642.0073,3381.8086
target 93,DSC05425,3779.4287,3390.8293
target 93,DSC05426,4069.8972,3487.4363
target 93,DSC05427,4003.2756,3429.9551
target 93,DSC05430,4367.04,3264.9741
target 93,DSC05431,4284.6133,3006.5535
target 93,DSC05432,4829.3105,3097.8137
target 93,DSC05433,3721.343,2808.2935
target 93,DSC05434,3727.7817,2815.1365
target 93,DSC05435,3961.7737,2946.7632
target 93,DSC05476,3320.3391,2779.9922
target 93,DSC05478,3504.6558,2668.5991
target 93,DSC05510,3958.7202,2868.0688
target 93,DSC05511,4191.3359,2961.7812
target 93,DSC05512,4400.0337,2835.7905
target 93,DSC05513,4434.8789,2897.0217
target 93,DSC05517,4245.6416,3136.0566
target 93,DSC05518,4272.7671,3326.0679
target 93,DSC05519,3995.6602,3395.3616
target 93,DSC05520,3719.5935,3336.9766
target 93,DSC05521,3564.0044,3303.4785
target 93,DSC05522,3433.4358,3337.6367
target 93,DSC05523,3605.1106,3426.7788
target 93,DSC05524,3472.8926,3451.752
target 93,DSC05525,3117.636,3461.272
target 94,DSC05439,3212.2947,743.8355
target 94,DSC05440,3176.4746,765.2342
target 94,DSC05441,3224.1079,763.1212
target 94,DSC05494,2577.2783,946.7427
target 94,DSC05495,2724.9485,914.2613
target 94,DSC05496,2767.9846,898.2654
target 94,DSC05497,2742.3674,892.4835
target 94,DSC05498,2871.863,858.6446
target 94,DSC05499,2863.73,815.0516
target 94,DSC05500,3029.2429,767.3729
target 94,DSC05501,2923.7205,759.1722
target 94,DSC05502,3133.0635,698.5387
target 94,DSC05503,3079.4719,680.9706
target 94,DSC05504,3117.4946,682.8123
target 94,DSC05505,2830.8582,755.5433
target 94,DSC05506,2864.1201,767.1064
target 94,DSC05507,2874.1414,770.431
target 94,DSC05508,2943.4163,781.1499
target 95,DSC05221,4098.7188,1864.2188
target 95,DSC05222,4107.9229,1521.8206
target 95,DSC05224,4023.3735,1984.8022
target 95,DSC05225,3960.3958,2220.0625
target 95,DSC05226,3911.5,2325.4375
target 95,DSC05227,3950.7256,1964.8235
target 95,DSC05228,4016.3389,2182.7686
target 95,DSC05229,4053.238,2148.127
target 95,DSC05230,4065.189,2084.4802
target 95,DSC05231,4068.25,2457.0
target 95,DSC05232,4067.688,2720.52
target 95,DSC05233,4063.9492,2660.6272
target 95,DSC05234,4064.9827,3054.5305
target 95,DSC05235,4037.2573,2976.3069
target 95,DSC05236,3697.8455,1970.4639
target 95,DSC05237,3886.3044,1965.6261
target 95,DSC05238,3439.0649,1939.9269
target 95,DSC05241,3717.1799,1941.66
target 95,DSC05242,3120.2986,1956.7402
target 95,DSC05285,2722.926,2164.7778
target 95,DSC05286,2726.9722,2233.6389
target 95,DSC05287,2727.0759,2175.9114
target 95,DSC05288,2739.4119,2167.4902
target 95,DSC05304,2686.8462,1113.1196
target 95,DSC05317,3058.4102,2355.8462
target 95,DSC05386,2188.1113,1577.2991
target 95,DSC05387,2195.6177,1567.4117
target 95,DSC05388,2172.0574,1457.5057
target 95,DSC05390,2206.6699,1536.1456
target 95,DSC05391,2208.509,1726.6364
target 95,DSC05392,2193.6316,1792.9298
target 95,DSC05393,2248.8071,2111.4385
target 95,DSC05404,2215.9392,2967.9043
target 95,DSC05405,5001.2393,1721.1196
target 95,DSC05406,4988.8442,1576.2889
target 95,DSC05449,2558.5222,2703.7178
target 95,DSC05450,2464.3333,2552.8245
target 95,DSC05451,2784.9507,2571.8396
target 95,DSC05452,2701.3855,2589.988
target 95,DSC05453,3121.6948,2673.4211
target 95,DSC05454,3086.3713,2607.3999
target 95,DSC05457,3922.8975,2622.5386
target 95,DSC05480,4611.8315,3151.3564
target 95,DSC05481,4092.3674,3115.2041
target 95,DSC05483,3491.5601,3205.6599
target 95,DSC05484,3532.3469,3133.551
target 95,DSC05485,3400.6382,3153.2979
target 95,DSC05486,3190.9348,3221.8262
target 95,DSC05487,3013.2117,3231.2117
target 95,DSC05488,2819.2163,3159.0271
target 95,DSC05489,2658.125,3153.875
target 95,DSC05491,2455.0728,3044.8818
target 95,DSC05492,2356.9602,2982.3865
target 96,DSC05215,4696.4019,1013.6844
target 96,DSC05216,4755.6079,1067.6993
target 96,DSC05217,4690.9722,1482.3584
target 96,DSC05218,4700.4868,1577.746
target 96,DSC05219,4685.0869,1736.2065
target 96,DSC05220,4705.1704,1931.7191
target 96,DSC05221,4704.1841,2002.6764
target 96,DSC05222,4702.2837,1683.4454
target 96,DSC05224,4570.7148,2172.5615
target 96,DSC05225,4477.4717,2412.9277
target 96,DSC05226,4396.5464,2523.0244
target 96,DSC05227,4434.4976,2178.8962
target 96,DSC05228,4514.8643,2410.5183
target 96,DSC05229,4549.9004,2382.2588
target 96,DSC05230,4551.0684,2319.5403
target 96,DSC05231,4551.9746,2684.5188
target 96,DSC05232,4538.5034,2934.5928
target 96,DSC05233,4522.125,2865.6892
target 96,DSC05234,4521.8447,3243.2275
target 96,DSC05235,4471.3662,3145.0117
target 96,DSC05236,3874.1128,1560.6559
target 96,DSC05237,4084.8142,1525.6357
target 96,DSC05238,3664.6228,1483.9286
target 96,DSC05239,3611.1365,1424.9561
target 96,DSC05240,3413.427,1435.121
target 96,DSC05241,3899.8687,1413.6907
target 96,DSC05242,3292.2178,1434.8876
target 96,DSC05243,2590.2637,1355.4926
target 96,DSC05244,2278.4026,1404.3805
target 96,DSC05245,2579.6736,1504.5913
target 96,DSC05279,2208.2058,2662.0784
target 96,DSC05280,2197.241,2364.9822
target 96,DSC05281,2202.8694,2627.0186
target 96,DSC05282,2186.7556,2661.4807
target 96,DSC05283,2178.4875,2537.0322
target 96,DSC05284,2173.0601,2312.4978
target 96,DSC05285,2162.5078,2062.2993
target 96,DSC05286,2167.1765,2107.1655
target 96,DSC05287,2166.2627,2037.5107
target 96,DSC05288,2138.9363,1999.897
target 96,DSC05289,2132.2769,1867.0507
target 96,DSC05290,2136.176,1969.8636
target 96,DSC05291,2144.6255,2001.7538
target 96,DSC05292,2138.2192,1758.5258
target 96,DSC05293,2135.1077,1579.953
target 96,DSC05294,2133.9954,1349.6349
target 96,DSC05295,2124.9177,1102.8861
target 96,DSC05296,2140.7622,1125.9094
target 96,DSC05297,2097.2954,1086.9386
target 96,DSC05298,2098.917,1069.9261
target 96,DSC05299,2116.9893,1088.4874
target 96,DSC05300,2112.7834,1143.575
target 96,DSC05301,2125.0986,931.7153
target 96,DSC05302,2134.9707,965.4814
target 96,DSC05303,2150.6157,928.4775
target 96,DSC05304,2174.2166,904.4797
target 96,DSC05305,4125.9971,1716.4193
target 96,DSC05306,4184.4736,1754.9369
target 96,DSC05307,4152.4746,1765.3042
target 96,DSC05308,4132.1963,1762.889
target 96,DSC05309,4291.3257,1755.7479
target 96,DSC05310,4220.6484,1749.9854
target 96,DSC05311,3644.4199,1755.7004
target 96,DSC05312,3965.8811,1759.3247
target 96,DSC05313,3944.6533,1764.1826
target 96,DSC05314,3729.5581,1772.1074
target 96,DSC05315,3608.0176,1788.825
target 96,DSC05316,3258.0713,1796.4303
target 96,DSC05317,3196.1394,1790.2705
target 96,DSC05318,2947.8923,1793.3232
target 96,DSC05319,2885.4468,1795.1934
target 96,DSC05320,2974.8884,1791.9667
target 96,DSC05321,3193.0657,1771.9701
target 96,DSC05322,2846.9326,1800.809
target 96,DSC05382,2617.7542,1274.5363
target 96,DSC05383,2627.2388,1352.0533
target 96,DSC05384,2639.5974,1841.1075
target 96,DSC05385,2650.3376,1836.6808
target 96,DSC05386,2650.0061,1689.5406
target 96,DSC05387,2661.5483,1704.1119
target 96,DSC05388,2650.1775,1616.2388
target 96,DSC05389,2684.377,1716.8027
target 96,DSC05390,2687.0803,1725.7135
target 96,DSC05391,2691.4141,1935.787
target 96,DSC05392,2685.0828,2015.3105
target 96,DSC05393,2722.9128,2341.8313
target 96,DSC05394,2689.4829,2435.8301
target 96,DSC05395,2686.1919,2469.1707
target 96,DSC05396,2678.176,2472.4558
target 96,DSC05397,2693.9243,2642.5605
target 96,DSC05398,2695.0217,2762.6602
target 96,DSC05399,2705.782,2976.5759
target 96,DSC05400,2722.6155,3080.7993
target 96,DSC05401,2757.4431,3240.5474
target 96,DSC05402,2752.511,3220.978
target 96,DSC05403,2757.8232,3114.7883
target 96,DSC05412,4377.4087,749.1385
target 96,DSC05413,4713.6089,902.698
target 96,DSC05442,2580.9385,2303.9561
target 96,DSC05443,2574.053,2302.5095
target 96,DSC05444,2408.3091,2325.3015
target 96,DSC05445,2468.2915,2330.3376
target 96,DSC05447,2657.5488,2334.0256
target 96,DSC05448,2652.2161,2322.2925
target 96,DSC05449,2686.5039,2305.8115
target 96,DSC05450,2604.8105,2154.7712
target 96,DSC05451,2981.6814,2168.311
target 96,DSC05452,2885.3042,2183.198
target 96,DSC05453,3343.0393,2263.2686
target 96,DSC05454,3331.2913,2185.7209
target 96,DSC05455,3825.4512,2177.1941
target 96,DSC05456,4361.0728,2272.2898
target 96,DSC05457,4238.4336,2163.4365
target 96,DSC05458,4360.5317,2092.1614
target 96,DSC05459,4478.4019,2191.9331
target 96,DSC05469,4377.9468,1809.9337
target 96,DSC05473,4752.6836,1875.7966
target 96,DSC05481,4435.6626,2707.1316
target 96,DSC05482,4370.6274,2883.3689
target 96,DSC05483,3799.0918,2828.6265
target 96,DSC05484,3836.5662,2775.3108
target 96,DSC05485,3691.0684,2812.3801
target 96,DSC05486,3460.6082,2891.0811
target 96,DSC05487,3259.3494,2909.594
target 96,DSC05488,3023.532,2861.4226
target 96,DSC05489,2832.4238,2867.0869
target 96,DSC05490,2774.3911,2822.3184
target 96,DSC05491,2575.1372,2776.373
target 96,DSC05492,2454.5183,2716.9619
target 96,DSC05493,2447.3848,2625.2017
target 96,DSC05494,2336.4263,2538.062
target 96,DSC05495,2446.9187,2469.4675
target 96,DSC05496,2465.5381,2414.5095
target 96,DSC05497,2430.1741,2385.1299
target 96,DSC05498,2527.8777,2303.0408
target 97,DSC05220,5158.6309,1856.4829
target 97,DSC05221,5169.749,1875.7659
target 97,DSC05222,5182.9492,1539.7397
target 97,DSC05224,5050.3408,1969.6528
target 97,DSC05225,4951.2231,2189.5347
target 97,DSC05226,4870.3877,2285.0515
target 97,DSC05227,4938.686,1932.8295
target 97,DSC05228,5050.5493,2134.4792
target 97,DSC05229,5109.9868,2095.9458
target 97,DSC05230,5132.0811,2030.1396
target 97,DSC05231,5140.5796,2384.9241
target 97,DSC05232,5144.8184,2636.3586
target 97,DSC05233,5141.6118,2577.7004
target 97,DSC05234,5150.209,2955.7244
target 97,DSC05235,5107.0771,2885.314
target 97,DSC05236,3619.8176,995.4307
target 97,DSC05237,3792.2571,991.5966
target 97,DSC05238,3386.3088,963.9776
target 97,DSC05239,3336.2717,919.5
target 97,DSC05240,3175.8333,962.283
target 97,DSC05241,3670.5632,973.8018
target 97,DSC05242,3134.6003,1007.3734
target 97,DSC05243,2534.8462,937.782
target 97,DSC05284,1540.4742,2393.3298
target 97,DSC05285,1520.4509,2180.4548
target 97,DSC05286,1523.8669,2260.6592
target 97,DSC05287,1520.7783,2204.5366
target 97,DSC05288,1448.4041,2203.4521
target 97,DSC05289,1435.2032,2095.7302
target 97,DSC05290,1434.0242,2227.3511
target 97,DSC05291,1447.0067,2269.2024
target 97,DSC05292,1440.4224,2042.9946
target 97,DSC05293,1435.1116,1874.653
target 97,DSC05294,1429.3906,1655.9395
target 97,DSC05295,1412.6378,1420.4744
target 97,DSC05296,1442.9023,1443.495
target 97,DSC05297,1338.9062,1439.7539
target 97,DSC05298,1332.6854,1429.1676
target 97,DSC05299,1360.7213,1443.2657
target 97,DSC05300,1360.4672,1490.9009
target 97,DSC05301,1377.7037,1271.2454
target 97,DSC05302,1401.5907,1290.4456
target 97,DSC05303,1433.5956,1234.4854
target 97,DSC05304,1505.1514,1180.9166
target 97,DSC05305,3886.7412,1127.5204
target 97,DSC05306,3932.4597,1160.063
target 97,DSC05307,3884.4092,1158.0135
target 97,DSC05308,3847.959,1141.9169
target 97,DSC05309,3992.0811,1119.3179
target 97,DSC05310,3910.1736,1094.4471
target 97,DSC05311,3337.9934,1093.6385
target 97,DSC05312,3657.7317,1071.6569
target 97,DSC05313,3634.738,1039.5066
target 97,DSC05314,3441.4143,1044.7277
target 97,DSC05315,3348.5337,1049.3236
target 97,DSC05316,3046.0696,1073.3406
target 97,DSC05317,3041.4004,1072.2625
target 97,DSC05318,2844.7869,1104.3976
target 97,DSC05319,2817.1292,1121.0393
target 97,DSC05384,3426.3743,1786.03
target 97,DSC05385,3425.5806,1748.0084
target 97,DSC05386,3425.8706,1547.9218
target 97,DSC05387,3429.6331,1529.4264
target 97,DSC05388,3420.1218,1402.4551
target 97,DSC05389,3431.0034,1486.696
target 97,DSC05390,3429.5503,1475.2443
target 97,DSC05391,3427.2798,1673.3051
target 97,DSC05392,3427.0027,1739.1146
target 97,DSC05393,3440.8047,2078.2932
target 97,DSC05394,3423.7634,2145.5845
target 97,DSC05395,3419.5417,2165.1667
target 97,DSC05396,3414.7009,2158.1807
target 97,DSC05397,3423.2886,2329.3943
target 97,DSC05398,3424.03,2449.6018
target 97,DSC05399,3424.0356,2672.031
target 97,DSC05400,3432.9458,2781.7383
target 97,DSC05401,3439.9167,2960.156
target 97,DSC05402,3438.0161,2947.3254
target 97,DSC05403,3441.7161,2848.4661
target 97,DSC05404,3439.2649,2952.8228
target 97,DSC05447,2601.3955,1460.7175
target 97,DSC05448,2549.4775,1431.7971
target 97,DSC05449,2549.7888,1410.1404
target 97,DSC05450,2431.3884,1338.4111
target 97,DSC05451,2795.3521,1347.392
target 97,DSC05452,2658.8818,1416.4191
target 97,DSC05453,3118.0459,1486.1692
target 97,DSC05454,3082.9546,1428.8688
target 97,DSC05455,3567.0828,1443.8456
target 97,DSC05456,4114.5894,1518.5553
target 97,DSC05457,3997.5125,1459.8862
target 97,DSC05458,4144.7065,1433.541
target 97,DSC05459,4274.9717,1513.2152
target 97,DSC05460,4186.1831,1455.2853
target 97,DSC05461,4361.3081,1378.1735
target 97,DSC05462,4456.8569,1334.0266
target 97,DSC05463,5338.144,495.6223
target 97,DSC05464,5814.0083,538.0028
target 97,DSC05465,5203.5757,512.0524
target 97,DSC05466,5265.522,497.7417
target 97,DSC05469,4111.8364,917.9836
target 97,DSC05472,4131.3906,919.5589
target 97,DSC05473,4513.0425,947.5732
target 97,DSC05474,5043.3765,793.6982
target 97,DSC05475,4800.1313,719.2437
target 97,DSC05480,4817.7534,2110.2527
target 97,DSC05481,4195.3638,2081.9211
target 97,DSC05482,4107.3223,2211.4124
target 97,DSC05483,3483.2734,2156.575
target 97,DSC05484,3536.4807,2089.5798
target 97,DSC05485,3386.1199,2104.5596
target 97,DSC05486,3135.9563,2163.3188
target 97,DSC05487,2926.0962,2171.5784
target 97,DSC05488,2708.1448,2106.4016
target 97,DSC05489,2520.4624,2102.2539
target 97,DSC05490,2491.127,2049.9944
target 97,DSC05491,2297.1917,2007.8135
target 97,DSC05492,2188.8982,1955.3643
target 97,DSC05493,2226.6667,1866.39
target 97,DSC05494,2148.0234,1787.5701
target 97,DSC05495,2292.5676,1725.8541
target 98,DSC05231,3248.2817,199.6727
target 98,DSC05232,3288.7583,372.5074
target 98,DSC05233,3332.4248,240.6355
target 98,DSC05234,3356.3088,645.4918
target 98,DSC05235,3410.3721,601.3447
target 98,DSC05236,1281.1387,2564.1248
target 98,DSC05237,1616.3396,2683.9702
target 98,DSC05291,3391.8523,3565.3865
target 98,DSC05292,3395.8303,3467.3928
target 98,DSC05293,3400.8782,3371.3655
target 98,DSC05294,3408.5298,3252.5522
target 98,DSC05295,3411.1755,3120.8708
target 98,DSC05296,3422.8167,3173.8416
target 98,DSC05297,3502.7512,3418.6836
target 98,DSC05298,3540.0818,3514.7073
target 98,DSC05299,3591.6455,3656.3608
target 98,DSC05300,3626.6221,3803.6455
target 98,DSC05301,3647.4199,3629.1558
target 98,DSC05302,3677.1162,3670.9565
target 98,DSC05303,3704.2524,3606.7812
target 98,DSC05304,3649.967,3397.4553
target 98,DSC05305,1919.8752,3132.9502
target 98,DSC05306,1938.1167,3131.2246
target 98,DSC05307,1859.0752,3110.0562
target 98,DSC05308,1825.2874,3058.9448
target 98,DSC05309,2030.8091,2965.9827
target 98,DSC05310,2015.9385,2928.4138
target 98,DSC05311,1524.7996,2936.6938
target 98,DSC05312,1955.615,2875.0173
target 98,DSC05313,1981.9785,2872.3345
target 98,DSC05314,1966.9882,2841.7913
target 98,DSC05315,2130.5859,2823.3386
target 98,DSC05388,2078.6494,505.8678
target 98,DSC05389,2068.8113,449.3113
target 98,DSC05390,2020.6968,328.8524
target 98,DSC05391,1990.038,387.4448
target 98,DSC05392,1944.6118,347.1832
target 98,DSC05393,2009.2628,655.8141
target 98,DSC05394,1881.845,521.98
target 98,DSC05395,1788.7958,400.1083
target 98,DSC05396,1696.1512,271.6815
target 98,DSC05397,1662.3392,357.3457
target 98,DSC05398,1617.0104,403.9012
target 98,DSC05399,1592.8927,569.0678
target 98,DSC05400,1554.0968,626.3613
target 98,DSC05401,1498.8289,764.5884
target 98,DSC05402,1330.8901,653.9924
target 98,DSC05403,1106.928,479.6208
target 98,DSC05404,986.7905,571.2756
target 98,DSC05405,2223.676,3339.8154
target 98,DSC05406,2480.9519,3267.3855
target 98,DSC05408,3407.0479,2928.2869
target 98,DSC05409,2552.4695,2940.197
target 98,DSC05410,2226.5574,2491.6028
target 98,DSC05411,2074.7087,2346.022
target 98,DSC05412,1489.6951,2493.6233
target 98,DSC05413,1645.5039,2321.5671
target 98,DSC05450,1710.0946,2368.2297
target 98,DSC05451,1800.3101,2403.52
target 98,DSC05452,1635.7778,2528.6482
target 98,DSC05453,1920.584,2599.8276
target 98,DSC05454,1666.4363,2639.5637
target 98,DSC05455,1808.6428,2784.1636
target 98,DSC05456,2055.668,2935.0486
target 98,DSC05457,1865.0201,3041.9272
target 98,DSC05458,1951.9072,3176.085
target 98,DSC05459,1875.3361,3577.8618
target 98,DSC05460,1889.7026,3657.5115
target 98,DSC05461,2117.511,3658.2268
target 98,DSC05462,1929.9065,3695.0061
target 98,DSC05463,2408.2295,3485.7437
target 98,DSC05464,2234.7112,3338.6021
target 98,DSC05465,1882.8477,3088.0388
target 98,DSC05466,1887.1147,3089.2083
target 98,DSC05469,1210.2776,3474.2847
target 98,DSC05472,1225.4153,3465.8416
target 98,DSC05473,1564.2422,3207.728
target 98,DSC05474,2129.4302,3196.2783
target 98,DSC05475,2105.3823,3535.1133
target 98,DSC05480,2376.303,3554.7627
target 98,DSC05481,1935.7732,3571.9509
target 98,DSC05482,1885.3981,3483.0325
target 98,DSC05483,1526.9669,3375.3643
target 98,DSC05484,1679.8986,3179.345
target 98,DSC05485,1665.542,3076.7312
target 98,DSC05486,1548.8894,3063.8274
target 98,DSC05487,1473.1128,3016.5146
target 98,DSC05488,1525.7166,2825.7102
target 98,DSC05489,1499.3776,2765.1055
target 98,DSC05490,1621.9227,2647.0527
target 98,DSC05491,1571.1909,2587.4819
target 98,DSC05492,1575.234,2521.7554
target 98,DSC05493,1773.4333,2385.4734
target 98,DSC05494,1865.25,2283.25
target 99,DSC05214,5206.0898,2182.5
target 99,DSC05215,5161.8906,2249.8406
target 99,DSC05219,4941.9717,2881.9307
target 99,DSC05226,4368.7632,2935.0466
target 99,DSC05227,4367.1177,2521.5
target 99,DSC05228,4415.2476,2638.4417
target 99,DSC05229,4431.4414,2523.334
target 99,DSC05230,4424.9736,2364.4106
target 99,DSC05239,3802.5305,1514.5135
target 99,DSC05240,3835.8279,1493.1913
target 99,DSC05243,3573.3818,1257.0814
target 99,DSC05244,3331.5671,1240.9888
target 99,DSC05245,3650.908,1180.7063
target 99,DSC05278,1643.5233,1476.9884
target 99,DSC05279,1713.817,1459.8928
target 99,DSC05280,1711.6372,1141.5974
target 99,DSC05281,1752.3707,1427.3231
target 99,DSC05282,1753.7819,1454.0394
target 99,DSC05283,1766.1854,1364.0225
target 99,DSC05284,1772.5737,1167.7264
target 99,DSC05285,1777.6874,970.3618
target 99,DSC05286,1810.9423,1107.6995
target 99,DSC05287,1818.2388,1072.2863
target 99,DSC05288,1793.4323,1053.5974
target 99,DSC05289,1800.3931,996.9822
target 99,DSC05303,1917.6141,1267.5865
target 99,DSC05304,1946.6326,1282.1426
target 99,DSC05307,3864.9404,1458.0815
target 99,DSC05308,3941.2888,1447.1255
target 99,DSC05316,4187.6968,1363.7196
target 99,DSC05317,4294.8271,1338.2914
target 99,DSC05318,4108.6787,1341.0151
target 99,DSC05319,4084.7009,1339.0402
target 99,DSC05320,4216.4341,1333.4943
target 99,DSC05321,4422.7563,1313.5597
target 99,DSC05322,4005.2292,1345.6302
target 99,DSC05381,3097.3025,2536.5767
target 99,DSC05382,3120.5164,2655.8848
target 99,DSC05383,3151.1863,2689.2307
target 99,DSC05384,3153.0476,3142.4973
target 99,DSC05385,3177.3687,3058.0361
target 99,DSC05386,3211.6602,2801.5708
target 99,DSC05387,3235.2822,2722.6182
target 99,DSC05388,3246.373,2538.1736
target 99,DSC05389,3267.9102,2532.6904
target 99,DSC05390,3278.1658,2469.5706
target 99,DSC05391,3281.3174,2590.1868
target 99,DSC05392,3285.6296,2611.5703
target 99,DSC05399,3311.7808,2984.1973
target 99,DSC05400,3323.147,3016.1799
target 99,DSC05401,3334.7363,3051.3545
target 99,DSC05402,3335.7654,2931.1191
target 99,DSC05442,3903.4946,1967.6748
target 99,DSC05443,3885.6826,1926.2489
target 99,DSC05444,3708.0859,1884.5781
target 99,DSC05445,3736.6328,1859.2412
target 99,DSC05447,4043.3611,1802.1254
target 99,DSC05448,3992.3384,1719.7402
target 99,DSC05449,3959.6431,1658.9493
target 99,DSC05450,3677.677,1518.3667
target 99,DSC05451,3953.9734,1511.5145
target 99,DSC05452,3721.7603,1513.4214
target 99,DSC05453,4125.4673,1576.8884
target 99,DSC05457,4243.1187,1433.5834
target 99,DSC05462,4036.5811,1009.0856
target 99,DSC05491,3553.4419,1893.0194
target 99,DSC05492,3462.1528,1875.0121
target 99,DSC05493,3524.2964,1872.1327
target 99,DSC05494,3455.7119,1861.064
target 99,DSC05495,3588.4529,1855.1367
target 99,DSC05496,3636.4951,1875.2778
target 99,DSC05497,3630.366,1915.0488
target 100,DSC05305,1175.7521,3469.2725
target 100,DSC05306,1259.4808,3433.8972
target 100,DSC05307,1255.4379,3383.0425
target 100,DSC05308,1318.4286,3298.1643
target 100,DSC05398,1566.4467,109.3733
target 100,DSC05399,1534.863,224.7739
target 100,DSC05400,1485.8722,233.3778
target 100,DSC05401,1403.7264,276.9057
target 100,DSC05402,1204.9803,67.1953
target 100,DSC05405,1127.5765,3526.2666
target 100,DSC05406,1325.4961,3543.9795
target 100,DSC05408,2255.3831,3390.1191
target 100,DSC05409,1539.2433,3183.0251
target 100,DSC05410,1383.8888,2735.7004
target 100,DSC05411,1361.22,2492.3247
target 100,DSC05412,829.3761,2625.8835
target 100,DSC05413,1167.4139,2348.5779
target 100,DSC05421,4182.5151,3828.4924
target 100,DSC05424,5164.1338,3884.2144
target 100,DSC05425,5262.3853,3814.9426
target 100,DSC05426,5508.6309,3809.3333
target 100,DSC05455,1645.9227,2748.2527
target 100,DSC05456,1804.4697,2885.9092
target 100,DSC05457,1511.2239,3020.9294
target 100,DSC05458,1466.3009,3197.6421
target 100,DSC05459,1241.9335,3622.4753
target 100,DSC05460,1152.5442,3777.8247
target 100,DSC05461,1309.5164,3821.781
target 100,DSC05462,1160.4669,3731.9185
target 100,DSC05463,1566.0215,3578.1895
target 100,DSC05464,1476.3535,3273.0903
target 100,DSC05465,1274.3583,3009.7354
target 100,DSC05466,1275.7552,3003.7632
target 100,DSC05469,612.9572,3422.9426
target 100,DSC05472,629.9472,3412.564
target 100,DSC05473,1060.7158,3107.0906
target 100,DSC05474,1427.7213,3191.0093
target 100,DSC05475,1215.2644,3673.0305
target 100,DSC05476,4691.0322,2781.9231
target 100,DSC05477,4469.9507,2441.1924
target 100,DSC05480,1915.5085,3396.032
target 100,DSC05481,1517.3799,3425.4829
target 100,DSC05482,1560.3835,3292.7717
target 100,DSC05483,1282.2487,3192.4573
target 100,DSC05484,1482.1898,2999.7026
target 100,DSC05485,1524.6086,2892.3479
target 100,DSC05486,1455.7197,2870.553
target 100,DSC05487,1418.2968,2823.3455
target 100,DSC05488,1542.6021,2644.5918
target 100,DSC05489,1555.8077,2587.467
target 100,DSC05510,4630.603,2564.2207
target 100,DSC05511,4968.2979,2717.6072
target 100,DSC05512,5270.1123,2728.9375
target 100,DSC05513,5367.2954,2823.75
target 100,DSC05514,5206.8369,2877.542
target 100,DSC05515,5244.5781,3009.2305
target 100,DSC05516,5487.1519,3172.9963
target 100,DSC05517,5449.6431,3260.7144
target 100,DSC05518,5582.7554,3522.6755
target 100,DSC05519,5323.0176,3562.4297
target 100,DSC05520,5058.3374,3537.6921
target 100,DSC05521,4919.687,3551.5188
target 100,DSC05522,4823.0771,3643.8127
target 101,DSC05234,5308.3208,2499.6045
target 101,DSC05235,5301.9819,2383.8293
target 101,DSC05236,3211.5366,811.9954
target 101,DSC05257,1107.4104,2029.0
target 101,DSC05303,1019.1322,1675.5344
target 101,DSC05304,1096.6428,1634.8792
target 101,DSC05306,3508.6594,727.4264
target 101,DSC05307,3502.1028,724.5213
target 101,DSC05308,3524.2454,708.3396
target 101,DSC05346,3183.3967,635.7143
target 101,DSC05349,2854.3955,664.1915
target 101,DSC05350,2656.9353,693.787
target 101,DSC05351,4180.3696,2588.5833
target 101,DSC05401,4089.198,2619.4397
target 101,DSC05402,4100.6582,2536.2551
target 101,DSC05403,4115.9819,2363.5688
target 101,DSC05423,2652.5852,781.3068
target 101,DSC05458,3811.3108,662.0582
target 101,DSC05459,3808.4875,680.5282
target 101,DSC05461,3804.1089,597.2409
target 101,DSC05462,3842.2148,260.3541
target 101,DSC05480,4460.5781,1020.2905
target 101,DSC05481,3863.7847,1005.7064
target 101,DSC05482,3881.1191,1064.9905
target 101,DSC05522,2329.5295,1033.3276
target 101,DSC05523,2635.6174,1006.4838
target 101,DSC05524,2477.6931,1011.2593
target 102,DSC05198,5556.9189,1497.7953
target 102,DSC05199,5608.126,1695.2626
target 102,DSC05200,5608.8823,1784.7421
target 102,DSC05201,5701.6436,1804.4834
target 102,DSC05202,5824.6367,1661.3049
target 102,DSC05204,5350.5425,937.1179
target 102,DSC05205,5614.0645,1279.6376
target 102,DSC05247,3711.0088,721.4561
target 102,DSC05249,3155.6951,538.4329
target 102,DSC05250,2676.7124,703.0221
target 102,DSC05260,1405.8916,2663.5698
target 102,DSC05261,1382.0907,3011.3303
target 102,DSC05262,1389.1128,2770.6765
target 102,DSC05263,1355.542,2417.0535
target 102,DSC05264,1341.4824,2237.3345
target 102,DSC05265,1352.9207,2670.0891
target 102,DSC05266,1290.8872,3133.7842
target 102,DSC05267,1180.8934,2933.959
target 102,DSC05268,354.75,2355.6477
target 102,DSC05269,1321.4482,2366.4373
target 102,DSC05270,1258.9659,2034.5629
target 102,DSC05271,1167.3125,1848.8365
target 102,DSC05272,1143.8976,1882.2781
target 102,DSC05273,1098.1584,1417.6188
target 102,DSC05274,1175.3527,1462.5425
target 102,DSC05275,1222.0581,1754.371
target 102,DSC05276,1206.4674,1742.9166
target 102,DSC05277,1209.955,1650.1866
target 102,DSC05278,1178.3705,1457.8575
target 102,DSC05322,4026.1973,933.8169
target 102,DSC05323,4027.7378,914.1553
target 102,DSC05324,4048.9402,863.4382
target 102,DSC05325,3633.1753,864.1752
target 102,DSC05326,3626.7424,853.8444
target 102,DSC05327,3595.894,840.354
target 102,DSC05328,3595.334,828.3046
target 102,DSC05329,3742.967,791.3745
target 102,DSC05330,3429.8899,796.9849
target 102,DSC05331,3370.9773,816.7562
target 102,DSC05332,2841.0,792.0
target 102,DSC05333,2453.8562,777.6968
target 102,DSC05334,2684.5154,841.9167
target 102,DSC05335,2504.8838,881.7791
target 102,DSC05336,2695.7068,903.3175
target 102,DSC05337,2834.2849,900.0233
target 102,DSC05338,2677.5225,910.1113
target 102,DSC05339,2669.1174,919.5064
target 102,DSC05340,2578.1882,962.5532
target 102,DSC05341,2147.4734,989.0797
target 102,DSC05342,2627.8723,1014.5319
target 102,DSC05343,2697.5303,1022.0031
target 102,DSC05344,2529.303,1053.6136
target 102,DSC05356,3022.186,999.4504
target 102,DSC05357,3000.6707,903.6353
target 102,DSC05358,2993.5361,1304.4099
target 102,DSC05359,2974.8311,1130.2817
target 102,DSC05360,2982.2114,1183.0
target 102,DSC05361,2959.801,1280.3552
target 102,DSC05362,2979.8215,1443.8392
target 102,DSC05363,2977.8035,1758.2271
target 102,DSC05364,3593.8677,1748.8151
target 102,DSC05365,3601.1567,1722.3358
target 102,DSC05366,3612.0132,1382.615
target 102,DSC05367,3602.0408,1511.3197
target 102,DSC05368,3617.5684,1606.4385
target 102,DSC05369,3610.876,1664.449
target 102,DSC05370,3609.9709,1605.0221
target 102,DSC05371,3582.2654,1570.8827
target 102,DSC05372,3557.23,2174.96
target 102,DSC05373,3511.5125,1262.7886
target 102,DSC05374,3535.1331,1946.3589
target 102,DSC05375,3541.312,2232.1418
target 102,DSC05376,3517.6733,2179.4336
target 102,DSC05377,3509.9963,2200.6506
target 102,DSC05378,3532.05,2365.4326
target 102,DSC05379,3543.0142,2493.2571
target 102,DSC05380,3550.8015,2559.5381
target 102,DSC05381,3570.6328,2576.9482
target 102,DSC05422,1659.4799,1268.5269
target 102,DSC05423,1871.788,1273.4268
target 102,DSC05424,1935.8574,1339.6444
target 102,DSC05425,2060.949,1375.5062
target 102,DSC05426,2328.0715,1456.3594
target 102,DSC05427,2276.2742,1489.7482
target 102,DSC05428,2452.0994,1514.3439
target 102,DSC05429,2456.2634,1512.8248
target 102,DSC05430,3082.1069,1548.2533
target 102,DSC05431,3244.1633,1446.8511
target 102,DSC05432,4024.4421,1500.3799
target 102,DSC05433,2850.4397,1401.6616
target 102,DSC05434,2944.2402,1407.976
target 102,DSC05435,3297.8572,1516.7611
target 102,DSC05436,3181.5544,1532.2141
target 102,DSC05437,3473.0637,1604.0258
target 102,DSC05438,3765.5793,1710.693
target 102,DSC05439,4036.1667,1671.3794
target 102,DSC05440,4051.3738,1606.0206
target 102,DSC05441,4154.1665,1619.5526
target 102,DSC05442,3976.4033,1529.9767
target 102,DSC05443,3955.8096,1497.3285
target 102,DSC05476,678.2768,744.0576
target 102,DSC05477,1042.7822,848.5342
target 102,DSC05478,1448.4935,1051.8624
target 102,DSC05498,3805.1965,1581.8966
target 102,DSC05499,3757.8711,1575.1431
target 102,DSC05500,3853.1689,1574.7931
target 102,DSC05501,3721.4912,1579.0394
target 102,DSC05502,3816.2678,1553.1488
target 102,DSC05503,3726.2966,1537.0135
target 102,DSC05504,3728.8025,1555.3182
target 102,DSC05505,3434.4126,1682.2877
target 102,DSC05506,3426.0527,1726.4387
target 102,DSC05507,3389.7468,1758.6796
target 102,DSC05508,3400.0203,1817.1128
target 102,DSC05509,2925.7224,1856.4143
target 102,DSC05510,2865.2175,1982.9338
target 102,DSC05511,3009.884,1967.2181
target 102,DSC05512,3232.7485,1664.7484
target 102,DSC05513,3196.5139,1676.6918
target 102,DSC05514,2859.3828,1701.912
target 102,DSC05515,2696.7639,1718.1987
target 102,DSC05516,2832.4456,1689.9592
target 102,DSC05517,2671.9121,1673.0546
target 102,DSC05518,2597.6477,1769.0892
target 102,DSC05519,2169.0247,1858.4082
target 102,DSC05520,1837.903,1780.9797
target 102,DSC05521,1667.4559,1712.9449
target 102,DSC05522,1505.2014,1696.478
target 102,DSC05523,1807.007,1592.3322
target 102,DSC05524,1659.1061,1586.197
target 102,DSC05525,1234.4667,1591.6857
target 103,DSC05225,3371.1509,1958.3306
target 103,DSC05226,3352.0332,2046.4968
target 103,DSC05227,3385.1797,1655.5421
target 103,DSC05228,3428.2483,1844.2386
target 103,DSC05229,3461.0894,1791.8014
target 103,DSC05230,3478.9905,1716.5734
target 103,DSC05231,3481.5757,2091.1606
target 103,DSC05232,3490.8093,2361.5576
target 103,DSC05233,3497.3203,2308.3511
target 103,DSC05234,3500.1191,2720.5356
target 103,DSC05235,3494.5168,2667.3896
target 103,DSC05236,3371.7676,2499.6602
target 103,DSC05237,3540.2715,2521.0269
target 103,DSC05238,3072.7588,2507.5042
target 103,DSC05239,3014.9509,2499.0791
target 103,DSC05240,2863.4341,2527.835
target 103,DSC05241,3460.9744,2560.0166
target 103,DSC05292,3333.0371,2278.8723
target 103,DSC05293,3333.3276,2125.3525
target 103,DSC05294,3334.8457,1928.4805
target 103,DSC05295,3334.9585,1717.995
target 103,DSC05296,3328.0298,1734.9763
target 103,DSC05297,3379.6238,1765.6288
target 103,DSC05298,3391.0227,1762.724
target 103,DSC05299,3386.4272,1773.1155
target 103,DSC05300,3367.9775,1815.3013
target 103,DSC05301,3370.0486,1600.3641
target 103,DSC05302,3353.8572,1604.3479
target 103,DSC05303,3339.7378,1532.8848
target 103,DSC05304,3283.2668,1452.9243
target 103,DSC05305,3654.1738,2724.0481
target 103,DSC05306,3686.5806,2770.3438
target 103,DSC05307,3625.0376,2795.9365
target 103,DSC05308,3574.2683,2808.0569
target 103,DSC05309,3698.4097,2809.9172
target 103,DSC05310,3615.0168,2826.6003
target 103,DSC05311,3064.803,2841.7771
target 103,DSC05312,3370.353,2865.6016
target 103,DSC05313,3337.0806,2912.9565
target 103,DSC05314,3169.2722,2916.2517
target 103,DSC05392,1733.4694,1513.5863
target 103,DSC05393,1801.8419,1821.3917
target 103,DSC05394,1721.4254,1859.5398
target 103,DSC05395,1688.319,1865.094
target 103,DSC05396,1651.1472,1847.4026
target 103,DSC05397,1659.1702,1999.7389
target 103,DSC05398,1646.8552,2104.8018
target 103,DSC05399,1655.9678,2308.7473
target 103,DSC05400,1665.3186,2410.7949
target 103,DSC05401,1704.0386,2586.2983
target 103,DSC05402,1658.7004,2573.4282
target 103,DSC05403,1617.411,2494.4192
target 103,DSC05404,1602.3538,2600.3882
target 103,DSC05405,4449.52,2419.8608
target 103,DSC05406,4492.248,2264.1079
target 103,DSC05408,4850.624,1848.1157
target 103,DSC05409,4560.3096,2075.6663
target 103,DSC05410,4056.0039,1814.6094
target 103,DSC05411,4026.8484,1877.3688
target 103,DSC05412,3562.1418,1996.3411
target 103,DSC05413,3729.312,2140.4568
target 103,DSC05454,2795.3867,2971.72
target 103,DSC05455,3180.5615,3006.5139
target 103,DSC05456,3602.4192,3134.7131
target 103,DSC05457,3514.1174,3062.4199
target 103,DSC05458,3663.2834,3018.8101
target 103,DSC05459,3755.3125,3211.4375
target 103,DSC05460,3715.2012,3118.6621
target 103,DSC05461,3880.8667,3031.4666
target 103,DSC05462,3805.2336,2988.9075
target 103,DSC05463,4528.2632,2679.1108
target 103,DSC05464,4595.1738,2847.3845
target 103,DSC05465,4178.0659,2772.3083
target 103,DSC05466,4202.8638,2779.0862
target 103,DSC05469,3456.7402,2999.0488
target 103,DSC05472,3469.7637,2999.3555
target 103,DSC05473,3732.4885,2998.6765
target 103,DSC05474,4199.8154,2750.9685
target 103,DSC05475,4089.3713,2684.5081
target 103,DSC05480,4136.4683,3513.6936
target 103,DSC05481,3666.2366,3485.6438
target 103,DSC05482,3576.5088,3597.1001
target 103,DSC05483,3117.0247,3524.0369
target 103,DSC05484,3168.5,3428.7134
target 103,DSC05485,3058.8511,3423.5034
target 103,DSC05486,2875.4365,3474.4084
target 103,DSC05487,2725.353,3471.261
target 104,DSC05281,3902.6155,2638.1826
target 104,DSC05282,3940.5,2732.25
target 104,DSC05283,3942.4407,2671.856
target 104,DSC05284,3960.7615,2515.4153
target 104,DSC05285,3978.8972,2348.4788
target 104,DSC05286,3994.9861,2449.9097
target 104,DSC05287,4002.0234,2409.3389
target 104,DSC05288,4103.0186,2442.2646
target 104,DSC05289,4117.3911,2361.6189
target 104,DSC05290,4137.5425,2506.0378
target 104,DSC05291,4135.9102,2549.6133
target 104,DSC05292,4130.6719,2347.8892
target 104,DSC05293,4134.7734,2194.6301
target 104,DSC05294,4141.1538,1998.0367
target 104,DSC05295,4148.543,1789.7061
target 104,DSC05296,4130.4956,1799.9324
target 104,DSC05297,4250.7998,1827.9586
target 104,DSC05298,4274.5967,1819.1566
target 104,DSC05299,4265.8179,1815.4636
target 104,DSC05300,4245.3555,1845.8651
target 104,DSC05301,4244.4668,1626.9783
target 104,DSC05302,4215.9712,1619.5204
target 104,DSC05303,4186.2769,1538.0935
target 104,DSC05304,4075.042,1451.5673
target 104,DSC05305,3666.5442,3444.062
target 104,DSC05306,3691.4314,3498.2854
target 104,DSC05307,3621.2053,3535.0601
target 104,DSC05308,3558.8157,3555.9878
target 104,DSC05309,3665.6155,3561.783
target 104,DSC05310,3571.6111,3590.3506
target 104,DSC05311,3018.9539,3611.2385
target 104,DSC05312,3306.5439,3645.0056
target 104,DSC05313,3260.5879,3719.9358
target 104,DSC05314,3087.2263,3717.3667
target 104,DSC05315,3037.9539,3744.8901
target 104,DSC05316,2782.3281,3695.5742
target 104,DSC05317,2820.7576,3647.2205
target 104,DSC05318,2686.4167,3571.9531
target 104,DSC05319,2692.9717,3529.1648
target 104,DSC05320,2868.4424,3458.6218
target 104,DSC05321,3164.5161,3352.4678
target 104,DSC05322,2910.7673,3332.6206
target 104,DSC05323,3011.1943,3294.3982
target 104,DSC05324,3060.8218,3331.613
target 104,DSC05325,2774.2104,3356.1755
target 104,DSC05352,826.3421,2479.252
target 104,DSC05353,1116.9333,2463.425
target 104,DSC05377,1306.5378,1407.6082
target 104,DSC05378,1269.88,1383.355
target 104,DSC05379,1231.3767,1324.9932
target 104,DSC05380,1202.6484,1326.4738
target 104,DSC05381,1156.9794,1234.6901
target 104,DSC05382,1141.1145,1278.7972
target 104,DSC05383,1144.0736,1284.5465
target 104,DSC05384,1167.3784,1667.3588
target 104,DSC05385,1173.0317,1607.2817
target 104,DSC05386,1133.5,1392.5
target 104,DSC05387,1124.6884,1350.9674
target 104,DSC05388,1063.881,1213.6462
target 104,DSC05389,1102.2084,1266.2396
target 104,DSC05390,1079.5427,1248.829
target 104,DSC05391,1070.5787,1406.7557
target 104,DSC05392,1033.5221,1453.3297
target 104,DSC05393,1123.4865,1751.517
target 104,DSC05394,1014.3108,1793.9054
target 104,DSC05395,966.6093,1805.6036
target 104,DSC05396,914.5081,1793.2366
target 104,DSC05397,921.876,1946.364
target 104,DSC05398,903.7164,2051.8298
target 104,DSC05399,915.5826,2254.8813
target 104,DSC05400,924.6614,2359.3835
target 104,DSC05401,973.5328,2540.3142
target 104,DSC05402,910.4586,2535.8342
target 104,DSC05403,852.7087,2473.5559
target 104,DSC05404,833.1043,2583.8621
target 104,DSC05405,4284.0029,3162.3416
target 104,DSC05406,4337.522,2986.9478
target 104,DSC05409,4427.4297,2798.8403
target 104,DSC05410,3978.7656,2486.6375
target 104,DSC05411,3926.7217,2562.4214
target 104,DSC05412,3498.6057,2700.7988
target 104,DSC05413,3619.5161,2860.7949
target 104,DSC05421,2509.4187,2951.321
target 104,DSC05438,2963.4548,3499.8718
target 104,DSC05439,2929.0583,3483.9924
target 104,DSC05440,2823.1226,3462.5408
target 104,DSC05441,2805.5095,3532.4431
target 104,DSC05442,2621.2427,3478.4321
target 104,DSC05443,2579.4482,3479.8943
target 104,DSC05444,2378.3965,3521.8198
target 104,DSC05445,2381.7356,3535.9844
target 104,DSC05447,2447.9768,3559.7329
target 104,DSC05448,2395.5366,3572.4866
target 104,DSC05449,2364.1287,3578.7214
target 104,DSC05450,2258.2263,3437.5474
target 104,DSC05451,2491.9648,3471.926
target 104,DSC05452,2437.8882,3506.6904
target 104,DSC05453,2792.5144,3597.0107
target 104,DSC05454,2723.1804,3561.658
target 104,DSC05455,3099.5132,3607.5264
target 104,DSC05456,3495.6296,3754.7422
target 104,DSC05457,3427.3611,3680.21
target 104,DSC05458,3585.9751,3633.0718
target 104,DSC05459,3682.2622,3860.6421
target 104,DSC05460,3658.2083,3754.4829
target 104,DSC05461,3821.0659,3659.0359
target 104,DSC05462,3719.7761,3534.8259
target 104,DSC05463,4427.2764,3362.261
target 104,DSC05464,4409.189,3533.3054
target 104,DSC05465,4028.2585,3453.9641
target 104,DSC05466,4046.314,3461.4983
target 104,DSC05469,3392.3604,3654.7903
target 104,DSC05472,3403.1738,3655.1165
target 104,DSC05473,3626.3174,3651.0679
target 104,DSC05474,4068.8376,3390.3896
target 104,DSC05475,3997.0081,3321.7244
target 104,DSC05484,3117.9988,3916.6953
target 104,DSC05485,3010.7795,3906.5269
target 104,DSC05488,2566.4192,3837.9653
target 104,DSC05489,2448.1726,3815.116
target 104,DSC05490,2441.9683,3734.4272
target 104,DSC05491,2317.0247,3677.6616
target 104,DSC05492,2249.6345,3609.262
target 104,DSC05493,2296.5,3486.5879
target 104,DSC05494,2259.4673,3380.5571
target 104,DSC05495,2376.2358,3299.9373
target 104,DSC05496,2435.2881,3230.5322
target 104,DSC05497,2457.7837,3186.8782
target 104,DSC05498,2599.3438,3095.0051
target 104,DSC05499,2660.6533,2991.5796
target 104,DSC05500,2849.4006,2886.3323
target 104,DSC05501,2811.1904,2861.8999
target 104,DSC05505,2906.1711,2815.8425
target 104,DSC05506,2958.6284,2832.6216
target 105,DSC05280,3966.9656,1426.4923
target 105,DSC05281,3936.3323,1694.9452
target 105,DSC05282,3941.5,1729.6294
target 105,DSC05283,3915.2949,1642.4456
target 105,DSC05284,3915.2576,1457.2836
target 105,DSC05285,3907.0439,1268.1938
target 105,DSC05286,3876.7043,1380.2213
target 105,DSC05292,3854.6882,1370.8665
target 105,DSC05293,3851.95,1242.53
target 105,DSC05294,3849.969,1082.3337
target 105,DSC05295,3849.0012,909.0523
target 105,DSC05296,3822.897,969.2048
target 105,DSC05297,3875.7834,1021.6312
target 105,DSC05298,3874.5891,1068.6198
target 105,DSC05311,3703.5571,3213.6326
target 105,DSC05312,4112.4604,3292.8464
target 105,DSC05313,4170.4229,3382.1038
target 105,DSC05314,4080.0991,3420.5139
target 105,DSC05315,4139.3403,3511.9211
target 105,DSC05316,3906.7666,3514.7812
target 105,DSC05317,3977.8711,3563.0669
target 105,DSC05318,3803.186,3541.0168
target 105,DSC05319,3778.8157,3543.4966
target 105,DSC05320,3894.25,3556.8948
target 105,DSC05321,4102.7803,3514.7866
target 105,DSC05382,941.3415,2286.4146
target 105,DSC05383,1018.9904,2322.8364
target 105,DSC05384,1045.9286,2722.957
target 105,DSC05385,1129.5802,2664.4426
target 105,DSC05386,1215.6697,2453.4963
target 105,DSC05387,1281.1189,2398.1924
target 105,DSC05388,1313.4899,2249.7129
target 105,DSC05389,1391.5608,2257.875
target 105,DSC05390,1416.6448,2216.7356
target 105,DSC05391,1436.1534,2336.3779
target 105,DSC05392,1434.0114,2362.9692
target 105,DSC05393,1489.7203,2618.4934
target 105,DSC05394,1459.6315,2614.4712
target 105,DSC05395,1467.2874,2569.0842
target 105,DSC05396,1463.6443,2510.1538
target 105,DSC05397,1488.9673,2600.6111
target 105,DSC05398,1491.4509,2661.1602
target 105,DSC05399,1510.8422,2798.1843
target 105,DSC05444,3289.75,3727.803
target 105,DSC05445,3317.5317,3686.6328
target 105,DSC05447,3472.0305,3701.3215
target 105,DSC05448,3444.8157,3627.4556
target 105,DSC05449,3421.8054,3558.8933
target 105,DSC05450,3249.782,3314.7732
target 105,DSC05451,3471.4316,3299.8413
target 105,DSC05452,3363.9133,3252.6487
target 105,DSC05453,3711.5579,3332.7781
target 105,DSC05454,3568.6411,3206.4216
target 105,DSC05455,3814.3125,3157.5
target 105,DSC05456,4137.6099,3242.3718
target 105,DSC05485,3729.9761,3331.3943
target 105,DSC05486,3613.9976,3400.4573
target 105,DSC05487,3511.3428,3423.9666
target 105,DSC05488,3437.0225,3421.6045
target 105,DSC05489,3346.9502,3445.7878
target 105,DSC05490,3360.3242,3445.489
target 105,DSC05491,3238.613,3423.2083
target 105,DSC05492,3167.9451,3392.2683
target 105,DSC05493,3209.0601,3367.3132
target 105,DSC05494,3154.6135,3335.7878
target 105,DSC05495,3255.748,3314.6919
target 105,DSC05496,3291.5,3318.0
target 105,DSC05497,3287.5439,3345.6978
target 106,DSC05208,3595.0295,1957.9916
target 106,DSC05210,3571.488,2115.7129
target 106,DSC05211,3569.5229,2073.916
target 106,DSC05212,3582.4707,1880.4927
target 106,DSC05213,3600.7126,1682.5248
target 106,DSC05214,3616.9331,1496.4347
target 106,DSC05215,3616.9216,1488.5731
target 106,DSC05216,3634.7173,1476.5931
target 106,DSC05217,3598.0281,1803.6573
target 106,DSC05245,2883.03,2429.2871
target 106,DSC05246,3431.355,2452.0686
target 106,DSC05247,3493.2393,2463.406
target 106,DSC05268,2874.1223,1742.6685
target 106,DSC05269,2984.0273,2238.1077
target 106,DSC05270,2989.0393,1991.9528
target 106,DSC05271,3010.8652,1892.5477
target 106,DSC05272,3019.9783,2014.6863
target 106,DSC05273,3022.9282,1657.6583
target 106,DSC05274,3010.0046,1757.7997
target 106,DSC05275,3005.335,2104.4937
target 106,DSC05276,3010.4666,2185.509
target 106,DSC05277,3013.4734,2197.7566
target 106,DSC05278,3014.0334,2117.8994
target 106,DSC05279,3009.509,2175.7854
target 106,DSC05280,3004.634,1940.939
target 106,DSC05281,3009.2209,2250.6755
target 106,DSC05282,3015.7729,2344.1042
target 106,DSC05283,3009.5291,2294.8904
target 106,DSC05315,3304.3967,2613.6667
target 106,DSC05318,3061.9612,2567.509
target 106,DSC05319,3079.3308,2556.5933
target 106,DSC05320,3271.1943,2538.7715
target 106,DSC05321,3567.1646,2494.1406
target 106,DSC05322,3293.6187,2500.2659
target 106,DSC05323,3392.0015,2487.3289
target 106,DSC05324,3451.4653,2510.7717
target 106,DSC05325,3153.7012,2531.1091
target 106,DSC05326,3268.3262,2532.1028
target 106,DSC05327,3341.7297,2537.7471
target 106,DSC05328,3435.8628,2517.8933
target 106,DSC05329,3675.7336,2528.1155
target 106,DSC05330,3484.7202,2525.1448
target 106,DSC05331,3508.5659,2493.1909
target 106,DSC05332,3115.011,2477.2861
target 106,DSC05333,2884.4587,2495.0994
target 106,DSC05334,3151.3433,2484.0212
target 106,DSC05338,3460.647,2512.0386
target 106,DSC05361,1569.2407,2079.5793
target 106,DSC05366,2374.6938,2089.1201
target 106,DSC05369,2385.8816,2020.5627
target 106,DSC05370,2406.8237,1910.5289
target 106,DSC05371,2411.6072,1896.4949
target 106,DSC05372,2258.948,2425.1216
target 106,DSC05373,2117.8621,1283.5306
target 106,DSC05374,2184.5332,1858.8765
target 106,DSC05377,2067.5999,1780.4708
target 106,DSC05378,2064.2056,1778.7423
target 106,DSC05379,2066.4014,1732.4624
target 106,DSC05381,2053.5464,1649.4375
target 106,DSC05390,2129.2451,1469.9353
target 106,DSC05391,2126.7378,1603.0287
target 106,DSC05392,2110.0227,1630.2273
target 106,DSC05415,2043.9535,1835.1338
target 106,DSC05417,2119.5159,1838.7205
target 106,DSC05418,2345.7803,1884.7056
target 106,DSC05420,2957.4597,1798.8447
target 106,DSC05428,3235.5627,2776.8992
target 106,DSC05431,3560.0911,2600.6296
target 106,DSC05432,4096.5566,2673.9666
target 106,DSC05433,3039.385,2515.2854
target 106,DSC05434,3051.749,2532.6516
target 106,DSC05435,3277.4968,2665.9722
target 106,DSC05436,3131.7761,2673.4753
target 106,DSC05438,3357.853,2894.4951
target 106,DSC05477,2444.9551,2201.2981
target 106,DSC05498,2913.1785,2474.8408
target 106,DSC05499,2977.7659,2411.9219
target 106,DSC05500,3176.9082,2353.3674
target 106,DSC05501,3129.7104,2342.3413
target 106,DSC05502,3349.7571,2279.4214
target 106,DSC05503,3328.3865,2258.5476
target 106,DSC05504,3379.5891,2267.5891
target 106,DSC05505,3203.1714,2371.2822
target 107,DSC05201,3361.9792,1614.1666
target 107,DSC05205,2812.6855,767.8763
target 107,DSC05207,2825.4014,997.6681
target 107,DSC05208,2814.5752,1542.4557
target 107,DSC05210,2800.2847,1845.5808
target 107,DSC05211,2794.3613,1929.0083
target 107,DSC05212,2798.5122,1855.4923
target 107,DSC05213,2806.614,1745.7764
target 107,DSC05214,2812.3535,1694.7885
target 107,DSC05215,2808.728,1791.3132
target 107,DSC05216,2811.8281,1910.7285
target 107,DSC05217,2790.5815,2359.864
target 107,DSC05218,2791.5918,2469.7939
target 107,DSC05219,2783.6599,2631.4275
target 107,DSC05220,2778.8713,2840.2937
target 107,DSC05221,2769.522,2868.2861
target 107,DSC05222,2767.6897,2489.533
target 107,DSC05242,4058.6292,3274.5583
target 107,DSC05243,3369.1182,3246.8542
target 107,DSC05244,3005.8589,3234.0457
target 107,DSC05245,3290.9185,3242.7251
target 107,DSC05246,3529.8999,3244.3672
target 107,DSC05247,3271.9453,3243.1531
target 107,DSC05248,2823.1416,3204.9312
target 107,DSC05269,3970.3867,2690.0872
target 107,DSC05270,4016.3386,2401.7725
target 107,DSC05271,4111.4419,2267.366
target 107,DSC05272,4154.064,2320.8167
target 107,DSC05273,4181.7349,1906.1666
target 107,DSC05274,4122.9443,1931.7234
target 107,DSC05275,4102.3721,2198.6687
target 107,DSC05276,4129.9043,2197.9871
target 107,DSC05277,4139.9019,2103.6155
target 107,DSC05278,4165.3237,1922.3397
target 107,DSC05279,4097.1885,1860.0629
target 107,DSC05280,4090.2583,1536.6774
target 107,DSC05281,4059.1484,1770.8324
target 107,DSC05282,4068.1318,1767.674
target 107,DSC05283,4038.8616,1643.1189
target 107,DSC05284,4038.4504,1422.7589
target 107,DSC05285,4029.1167,1190.175
target 107,DSC05286,3989.5413,1268.9639
target 107,DSC05287,3982.625,1217.0568
target 107,DSC05288,4050.7056,1167.266
target 107,DSC05317,4101.6807,3742.3594
target 107,DSC05318,3867.9399,3716.752
target 107,DSC05319,3803.9949,3719.1262
target 107,DSC05320,3857.4258,3728.8679
target 107,DSC05321,4008.5188,3669.1028
target 107,DSC05322,3611.9502,3641.4172
target 107,DSC05323,3583.8118,3632.4866
target 107,DSC05324,3570.4497,3716.5227
target 107,DSC05325,3170.3376,3755.1143
target 107,DSC05326,3160.9243,3752.4946
target 107,DSC05327,3118.6089,3759.1648
target 107,DSC05328,3124.9495,3711.3074
target 107,DSC05329,3274.0144,3732.1399
target 107,DSC05330,3006.8977,3715.106
target 107,DSC05331,2973.9089,3620.469
target 107,DSC05332,2513.4082,3612.4031
target 107,DSC05373,737.5096,940.0455
target 107,DSC05374,890.2474,1540.6649
target 107,DSC05375,909.5095,1780.7762
target 107,DSC05376,757.7585,1711.161
target 107,DSC05377,613.013,1705.1357
target 107,DSC05378,589.0201,1830.3535
target 107,DSC05379,615.1057,1961.8441
target 107,DSC05380,605.6317,2034.8274
target 107,DSC05381,621.2744,2071.9587
target 107,DSC05382,670.0602,2212.9731
target 107,DSC05383,756.1495,2291.8691
target 107,DSC05385,887.4463,2701.3254
target 107,DSC05445,3286.4761,3931.876
target 108,DSC05242,3594.4807,3375.062
target 108,DSC05284,4131.7773,1907.9807
target 108,DSC05285,4136.1704,1675.5588
target 108,DSC05286,4116.9365,1732.7507
target 108,DSC05287,4115.2778,1674.1976
target 108,DSC05288,4206.3481,1633.2891
target 108,DSC05289,4201.3838,1525.7682
target 108,DSC05290,4176.0532,1653.8347
target 108,DSC05291,4153.7939,1700.1409
target 108,DSC05292,4134.3022,1497.001
target 108,DSC05293,4132.478,1342.1
target 108,DSC05294,4130.5425,1146.1364
target 108,DSC05295,4131.6167,937.4247
target 108,DSC05296,4096.5479,973.9135
target 108,DSC05297,4176.7612,970.1108
target 108,DSC05298,4175.4453,980.7227
target 108,DSC05299,4127.4839,1045.8226
target 108,DSC05300,4077.5044,1136.9065
target 108,DSC05301,4067.4204,968.4818
target 108,DSC05302,4022.9846,1027.7908
target 108,DSC05303,3982.5803,1022.2421
target 108,DSC05304,3886.2534,1013.8716
target 108,DSC05305,4012.4319,3226.4873
target 108,DSC05306,4087.5,3289.9612
target 108,DSC05307,4082.251,3336.6143
target 108,DSC05308,4096.771,3377.3462
target 108,DSC05309,4293.8315,3426.9827
target 108,DSC05310,4274.6167,3485.5215
target 108,DSC05311,3759.2437,3507.6353
target 108,DSC05312,4112.5845,3607.8093
target 108,DSC05313,4122.9058,3721.7778
target 108,DSC05314,3960.9934,3761.8223
target 108,DSC05315,3920.9819,3858.7896
target 108,DSC05316,3612.9604,3842.7454
target 108,DSC05317,3586.8213,3866.0559
target 108,DSC05318,3356.6003,3810.1819
target 108,DSC05319,3296.3401,3788.0918
target 108,DSC05383,740.1146,1801.6771
target 108,DSC05384,772.8043,2229.3608
target 108,DSC05385,831.6336,2216.374
target 108,DSC05386,875.0033,2069.9602
target 108,DSC05387,923.9472,2065.6553
target 108,DSC05388,932.5778,1970.0764
target 108,DSC05389,1017.2265,2026.6738
target 108,DSC05390,1036.2955,2021.486
target 108,DSC05391,1055.4698,2183.1438
target 108,DSC05392,1045.6111,2238.8228
target 108,DSC05393,1120.4891,2512.5542
target 108,DSC05394,1071.6503,2566.3186
target 108,DSC05395,1076.1544,2567.5498
target 108,DSC05396,1068.9323,2544.8074
target 108,DSC05397,1100.1233,2671.2268
target 108,DSC05398,1103.1567,2758.792
target 108,DSC05399,1130.1797,2928.1406
target 108,DSC05400,1161.3132,2999.9453
target 108,DSC05401,1240.0679,3104.2507
target 108,DSC05402,1229.5897,3049.1245
target 108,DSC05403,1231.4231,2922.5403
target 108,DSC05404,1237.7638,2975.0315
target 108,DSC05405,4537.417,2656.8608
target 108,DSC05409,4652.2427,2348.4341
target 108,DSC05410,4249.2998,2122.6257
target 108,DSC05411,4323.7524,2228.7981
target 108,DSC05412,3960.4348,2339.5
target 108,DSC05413,4244.0225,2567.4102
target 108,DSC05445,2851.6057,3925.2676
target 108,DSC05449,3024.1104,3905.9619
target 108,DSC05450,2925.4177,3657.2119
target 108,DSC05451,3196.8533,3657.6189
target 108,DSC05452,3141.2642,3614.4177
target 108,DSC05453,3516.408,3706.4966
target 108,DSC05454,3446.0051,3584.7507
target 108,DSC05455,3798.5068,3540.012
target 108,DSC05456,4187.0518,3646.5259
target 108,DSC05457,4036.9609,3485.3364
target 108,DSC05458,4095.5547,3373.4622
target 108,DSC05459,4129.5449,3502.437
target 108,DSC05460,4014.7917,3371.0833
target 108,DSC05461,4111.5542,3266.1868
target 108,DSC05462,4057.5764,3062.0972
target 108,DSC05463,4764.0752,2853.4067
target 108,DSC05464,4895.1372,3044.1541
target 108,DSC05465,4604.084,3024.9014
target 108,DSC05466,4626.7144,3029.5073
target 108,DSC05469,3947.5356,3184.5908
target 108,DSC05472,3959.6785,3187.2937
target 108,DSC05473,4248.7456,3256.6245
target 108,DSC05474,4512.6738,2972.5703
target 108,DSC05475,4285.5254,2833.6782
target 108,DSC05480,4571.7944,3703.5254
target 108,DSC05481,4151.5698,3659.845
target 108,DSC05482,4134.4624,3830.1384
target 108,DSC05483,3736.4446,3779.1682
target 108,DSC05484,3791.4539,3741.8962
target 108,DSC05485,3707.7043,3786.3401
target 108,DSC05486,3557.0454,3864.1321
target 108,DSC05487,3424.0312,3886.9778
target 108,DSC05488,3281.1809,3865.7048
target 108,DSC05489,3156.0664,3883.229
target 108,DSC05490,3128.1001,3862.1948
target 108,DSC05491,2983.6619,3826.7832
target 108,DSC05492,2894.4031,3778.7302
target 108,DSC05493,2895.3818,3717.3193
target 108,DSC05494,2809.7148,3652.7065
target 108,DSC05495,2893.3599,3603.7524
target 108,DSC05496,2904.75,3572.7717
target 109,DSC05197,4695.0449,1758.8558
target 109,DSC05198,4715.8848,1587.5812
target 109,DSC05199,4739.4082,1669.1083
target 109,DSC05200,4741.3818,1677.922
target 109,DSC05201,4802.7886,1583.0217
target 109,DSC05202,4892.7314,1331.3235
target 109,DSC05203,5026.9351,944.8117
target 109,DSC05204,4483.5386,400.5064
target 109,DSC05249,2711.6104,1462.7374
target 109,DSC05250,2512.2073,1587.5975
target 109,DSC05251,2089.427,1661.5692
target 109,DSC05269,2075.2598,3078.1545
target 109,DSC05270,2048.3542,2830.1555
target 109,DSC05271,2012.4812,2751.8562
target 109,DSC05272,1993.1044,2868.0505
target 109,DSC05273,1974.9702,2480.2649
target 109,DSC05327,2559.011,1587.875
target 109,DSC05328,2626.9863,1574.3207
target 109,DSC05329,2821.0706,1567.8918
target 109,DSC05330,2599.4563,1570.4183
target 109,DSC05331,2635.4941,1559.9677
target 109,DSC05332,2201.4917,1544.4862
target 109,DSC05333,1925.178,1550.2966
target 109,DSC05334,2247.7412,1566.8063
target 109,DSC05355,2666.7932,1675.8276
target 109,DSC05356,2644.3218,1430.6782
target 109,DSC05357,2612.7095,1292.3774
target 109,DSC05362,2540.7,1200.9308
target 109,DSC05363,2549.863,1455.6749
target 109,DSC05364,3148.3013,1451.0706
target 109,DSC05368,3168.1147,1223.6858
target 109,DSC05369,3157.4106,1210.9708
target 109,DSC05370,3154.9619,1108.8309
target 109,DSC05371,3135.0864,1102.173
target 109,DSC05372,3074.1497,1580.0574
target 109,DSC05373,2890.9409,304.699
target 109,DSC05374,2956.4487,997.0096
target 109,DSC05375,2964.2227,1239.661
target 109,DSC05376,2892.0232,1069.9982
target 109,DSC05377,2831.2869,972.8823
target 109,DSC05419,1050.5601,600.872
target 109,DSC05420,1492.1967,599.3849
target 109,DSC05422,2238.4495,1587.8463
target 109,DSC05423,2380.324,1591.7659
target 109,DSC05424,2361.9773,1652.0227
target 109,DSC05425,2408.4846,1684.75
target 109,DSC05429,2213.4585,1827.3508
target 109,DSC05430,2663.1792,1858.733
target 109,DSC05431,2744.6843,1766.8173
target 109,DSC05432,3308.4939,1809.9669
target 109,DSC05433,2196.26,1763.1542
target 109,DSC05434,2208.4675,1776.0089
target 109,DSC05435,2429.1697,1889.0884
target 109,DSC05436,2278.3833,1932.8143
target 109,DSC05437,2480.7278,2013.6323
target 109,DSC05438,2522.5859,2188.825
target 109,DSC05478,1065.0991,1426.036
target 109,DSC05503,2692.3889,1864.696
target 109,DSC05504,2719.9285,1851.625
target 109,DSC05505,2455.3333,1952.8857
target 109,DSC05506,2477.2119,1957.2416
target 109,DSC05507,2482.5481,1952.016
target 109,DSC05508,2536.7266,1958.2986
target 109,DSC05509,2143.7993,1997.6184
target 109,DSC05510,2278.3318,2003.4363
target 109,DSC05511,2521.1704,1949.9432
target 109,DSC05512,2873.3291,1688.4548
target 109,DSC05521,2102.2532,1700.5657
target 109,DSC05522,2019.974,1690.5358
target 109,DSC05523,2379.2534,1625.074
target 110,DSC05198,4532.6963,2487.7537
target 110,DSC05199,4519.6689,2666.7905
target 110,DSC05200,4490.8433,2718.0234
target 110,DSC05201,4496.2046,2694.4858
target 110,DSC05202,4513.8828,2505.3867
target 110,DSC05203,4554.0718,2203.3921
target 110,DSC05204,3939.0908,1675.2181
target 110,DSC05249,4049.6575,1869.077
target 110,DSC05250,3682.678,1877.6078
target 110,DSC05253,3155.7168,1798.0525
target 110,DSC05254,3049.2234,1841.2994
target 110,DSC05255,2581.2522,2399.3853
target 110,DSC05257,2561.6072,1675.7079
target 110,DSC05263,2547.866,1217.8303
target 110,DSC05264,2553.5876,1041.1584
target 110,DSC05265,2548.2329,1570.9332
target 110,DSC05266,2521.2629,2061.3298
target 110,DSC05267,2543.2058,1826.2451
target 110,DSC05268,2307.1709,1087.2405
target 110,DSC05269,2574.5833,1755.8274
target 110,DSC05331,4050.9954,2077.5793
target 110,DSC05332,3636.1089,2057.9475
target 110,DSC05333,3392.5273,2067.8835
target 110,DSC05334,3638.3848,2078.6348
target 110,DSC05335,3503.8945,2090.9722
target 110,DSC05336,3747.1296,2105.5146
target 110,DSC05337,3951.5281,2104.5332
target 110,DSC05338,3863.0022,2115.0625
target 110,DSC05339,3906.7,2125.0334
target 110,DSC05340,3802.3198,2123.4119
target 110,DSC05346,3553.8655,2141.0149
target 110,DSC05348,3298.0872,2116.165
target 110,DSC05349,3098.616,2105.7527
target 110,DSC05350,2852.1458,2099.5662
target 110,DSC05351,2782.5303,2795.4172
target 110,DSC05352,1688.9398,2235.7185
target 110,DSC05353,1948.0878,2227.2573
target 110,DSC05354,1954.2094,1992.5712
target 110,DSC05355,1984.6433,2148.0215
target 110,DSC05356,1956.109,2024.8112
target 110,DSC05360,1890.7736,2374.6138
target 110,DSC05361,1850.1183,2475.1699
target 110,DSC05362,1957.962,2479.0728
target 110,DSC05363,1996.067,2711.2629
target 110,DSC05364,2606.748,2704.9778
target 110,DSC05365,2613.0142,2704.7021
target 110,DSC05366,2634.2974,2430.0403
target 110,DSC05367,2596.7585,2599.1982
target 110,DSC05368,2670.1736,2477.6213
target 110,DSC05369,2687.8645,2461.1636
target 110,DSC05370,2714.6926,2347.7969
target 110,DSC05371,2718.5054,2317.7063
target 110,DSC05372,2579.4722,2929.2686
target 110,DSC05414,2333.5386,1383.0862
target 110,DSC05415,2572.0466,1488.3311
target 110,DSC05417,2691.7842,1473.0533
target 110,DSC05418,2978.0208,1519.2131
target 110,DSC05419,3281.74,1414.1627
target 110,DSC05420,3692.0376,1420.8964
target 110,DSC05421,2295.9851,2327.4497
target 110,DSC05422,2802.1692,2451.3967
target 110,DSC05423,3023.9097,2450.355
target 110,DSC05426,3634.5269,2651.9697
target 110,DSC05427,3587.4905,2640.29
target 110,DSC05428,3677.8298,2594.8806
target 110,DSC05429,3606.8721,2541.0566
target 110,DSC05430,4104.7256,2577.1865
target 110,DSC05431,4070.8606,2374.6064
target 110,DSC05432,4691.7993,2454.509
target 110,DSC05433,3541.5056,2238.489
target 110,DSC05434,3573.6855,2248.0508
target 110,DSC05476,2742.3047,2022.0072
target 110,DSC05477,2947.2876,1978.8588
target 110,DSC05478,3146.7385,2060.2766
target 110,DSC05509,3573.5239,2246.3401
target 110,DSC05510,3749.6667,2451.7112
target 110,DSC05511,3967.481,2514.8191
target 110,DSC05512,4171.1665,2338.8467
target 110,DSC05513,4188.4878,2384.5454
target 110,DSC05514,3942.5879,2421.0535
target 110,DSC05515,3863.1418,2483.78
target 110,DSC05516,4010.8047,2525.8743
target 110,DSC05517,3891.3098,2543.4409
target 110,DSC05518,3892.7368,2703.6907
target 110,DSC05519,3568.9006,2781.4277
target 110,DSC05523,3125.0061,2699.5061
target 110,DSC05524,2977.9954,2711.8354
target 110,DSC05525,2584.9775,2719.6387
target 111,DSC05205,3198.8445,2068.9636
target 111,DSC05207,3213.5354,2137.6538
target 111,DSC05221,3205.3606,1478.8455
target 111,DSC05243,2152.0652,2718.4185
target 111,DSC05248,4142.4785,2750.25
target 111,DSC05268,3052.9954,819.5376
target 111,DSC05278,3133.2363,1993.9227
target 111,DSC05285,3154.0359,2405.5049
target 111,DSC05286,3167.9626,2613.1121
target 111,DSC05287,3172.1733,2615.8818
target 111,DSC05288,3211.6943,2738.3057
target 111,DSC05316,2458.2317,2690.2922
target 111,DSC05317,2676.8093,2654.3813
target 111,DSC05318,2680.2224,2624.0286
target 111,DSC05323,3494.5,2534.5
target 111,DSC05333,3632.3081,2595.0798
target 111,DSC05334,3925.0144,2609.5715
target 111,DSC05376,2248.6055,2258.344
target 111,DSC05385,2241.1611,1642.6528
target 111,DSC05386,2215.6653,1292.3553
target 111,DSC05414,3111.8264,1749.9202
target 111,DSC05426,4329.5854,3073.6111
target 111,DSC05427,4204.458,3005.4705
target 111,DSC05428,4157.4385,2902.4875
target 111,DSC05439,3613.3896,2621.4292
target 111,DSC05440,3354.4407,2556.2034
target 111,DSC05441,3288.4106,2576.9431
target 111,DSC05442,3012.2898,2507.5601
target 111,DSC05454,2115.5183,2552.5413
target 111,DSC05476,3541.8247,2280.9539
target 111,DSC05480,2913.3093,3260.397
target 111,DSC05481,2474.0818,3263.5046
target 111,DSC05482,2430.9331,3237.925
target 111,DSC05483,2058.7954,3150.25
target 111,DSC05484,2188.7136,3001.2458
target 111,DSC05485,2158.0059,2935.9353
target 111,DSC05486,2031.7463,2942.5037
target 111,DSC05487,1942.2798,2912.4856
target 111,DSC05488,1954.5487,2766.3276
target 111,DSC05489,1907.5149,2724.5337
target 111,DSC05490,2001.7153,2632.6191
target 111,DSC05491,1931.574,2581.998
target 111,DSC05492,1916.858,2524.605
target 111,DSC05499,2985.2756,2074.022
target 111,DSC05500,3283.3806,2034.918
target 111,DSC05501,3282.71,2030.9449
target 111,DSC05502,3603.1899,2007.135
target 111,DSC05503,3615.0,1998.7323
target 111,DSC05513,4520.6016,2491.2585
target 111,DSC05515,4326.0781,2609.1653
target 111,DSC05516,4518.7563,2687.8845
target 111,DSC05517,4455.0728,2728.9009
target 111,DSC05518,4519.7202,2903.8521
target 111,DSC05519,4250.3276,2959.1926
target 111,DSC05520,3996.4534,2917.5466
target 111,DSC05521,3862.031,2897.7629
target 111,DSC05522,3757.2319,2939.3716
target 112,DSC05277,3968.7534,2485.0071
target 112,DSC05278,3995.8677,2392.0291
target 112,DSC05279,3968.45,2410.1357
target 112,DSC05280,3967.8428,2154.4021
target 112,DSC05281,3974.7183,2432.6409
target 112,DSC05282,4007.3298,2497.0579
target 112,DSC05283,4001.8677,2415.0935
target 112,DSC05284,4015.2988,2237.3867
target 112,DSC05285,4027.1484,2046.8455
target 112,DSC05287,4031.9756,2084.3538
target 112,DSC05288,4126.3906,2087.2605
target 112,DSC05289,4132.4795,1997.3214
target 112,DSC05290,4133.541,2134.5562
target 112,DSC05291,4123.4946,2179.4114
target 112,DSC05292,4112.2949,1979.8789
target 112,DSC05294,4117.1934,1633.9321
target 112,DSC05295,4121.4282,1427.7
target 112,DSC05296,4096.7129,1449.8671
target 112,DSC05297,4196.8999,1464.9435
target 112,DSC05298,4209.1406,1465.5996
target 112,DSC05299,4183.7432,1493.9071
target 112,DSC05300,4150.4814,1552.5321
target 112,DSC05301,4145.2886,1359.7159
target 112,DSC05302,4110.6309,1383.8467
target 112,DSC05303,4077.0806,1339.0591
target 112,DSC05304,3975.032,1289.3397
target 112,DSC05305,3787.0134,3331.0474
target 112,DSC05306,3835.9241,3388.5696
target 112,DSC05307,3797.0603,3428.741
target 112,DSC05308,3771.5115,3457.6157
target 112,DSC05309,3920.1331,3481.9043
target 112,DSC05310,3861.9749,3522.8838
target 112,DSC05311,3331.2561,3543.9924
target 112,DSC05312,3646.9578,3605.5444
target 112,DSC05313,3626.0681,3695.0293
target 112,DSC05314,3460.5305,3709.5
target 112,DSC05315,3416.9146,3764.7837
target 112,DSC05316,3143.7578,3730.9688
target 112,DSC05317,3157.7068,3712.5728
target 112,DSC05318,2988.2393,3647.9829
target 112,DSC05319,2969.5137,3614.5679
target 112,DSC05320,3103.5786,3560.4214
target 112,DSC05321,3357.4028,3461.5115
target 112,DSC05322,3068.0,3438.4136
target 112,DSC05323,3134.8118,3405.1428
target 112,DSC05324,3166.3411,3452.5764
target 112,DSC05325,2852.1819,3480.0569
target 112,DSC05378,1078.0261,1473.4965
target 112,DSC05379,1050.0333,1463.9033
target 112,DSC05380,1024.1411,1483.9419
target 112,DSC05381,989.1341,1427.8092
target 112,DSC05382,986.4938,1500.6796
target 112,DSC05383,1007.7413,1531.1825
target 112,DSC05384,1034.3406,1928.3705
target 112,DSC05385,1061.7697,1885.5443
target 112,DSC05386,1057.0704,1697.698
target 112,DSC05387,1072.1394,1670.1394
target 112,DSC05388,1040.9752,1549.6749
target 112,DSC05389,1097.8617,1602.1986
target 112,DSC05390,1093.2936,1589.0907
target 112,DSC05391,1096.5919,1746.2844
target 112,DSC05392,1072.0514,1795.4761
target 112,DSC05393,1153.5298,2080.2844
target 112,DSC05394,1072.4202,2125.1943
target 112,DSC05395,1048.0083,2130.9619
target 112,DSC05396,1016.709,2112.8506
target 112,DSC05397,1034.0653,2251.866
target 112,DSC05398,1025.2981,2347.9136
target 112,DSC05399,1042.8833,2533.5034
target 112,DSC05400,1061.3096,2621.6973
target 112,DSC05401,1122.1886,2765.2363
target 112,DSC05402,1083.1382,2735.698
target 112,DSC05403,1052.4764,2641.803
target 112,DSC05404,1044.1384,2723.4934
target 112,DSC05405,4348.7017,2900.6335
target 112,DSC05406,4366.8354,2739.5676
target 112,DSC05409,4481.3779,2569.105
target 112,DSC05410,4059.9709,2301.175
target 112,DSC05411,4068.1924,2386.9153
target 112,DSC05412,3671.541,2510.5
target 112,DSC05413,3868.2888,2694.7463
target 112,DSC05440,2935.4333,3652.4805
target 112,DSC05441,2941.7981,3725.271
target 112,DSC05442,2783.355,3651.9351
target 112,DSC05443,2759.9634,3642.5154
target 112,DSC05444,2585.863,3668.437
target 112,DSC05445,2607.1892,3669.4177
target 112,DSC05447,2707.4722,3701.6304
target 112,DSC05448,2678.0435,3693.8455
target 112,DSC05449,2664.0828,3679.7573
target 112,DSC05450,2558.2964,3498.7561
target 112,DSC05451,2804.9231,3517.8811
target 112,DSC05452,2748.217,3520.4924
target 112,DSC05453,3108.0652,3610.1558
target 112,DSC05454,3036.1802,3538.4368
target 112,DSC05455,3395.9502,3545.1458
target 112,DSC05456,3783.6899,3672.53
target 112,DSC05457,3676.9836,3562.0237
target 112,DSC05458,3787.0754,3487.8135
target 112,DSC05459,3850.5969,3668.6069
target 112,DSC05460,3783.7629,3554.5593
target 112,DSC05461,3914.5708,3456.3938
target 112,DSC05462,3834.4438,3292.05
target 112,DSC05463,4531.5098,3100.125
target 112,DSC05464,4584.3218,3272.0208
target 112,DSC05465,4249.3125,3220.1443
target 112,DSC05466,4269.3076,3225.8022
target 112,DSC05469,3607.7615,3404.3982
target 112,DSC05472,3619.0676,3405.7014
target 112,DSC05473,3873.0183,3432.2236
target 112,DSC05474,4231.0522,3168.5332
target 112,DSC05475,4084.739,3072.9778
target 112,DSC05480,4238.4941,3840.0332
target 112,DSC05481,3816.3047,3804.7283
target 112,DSC05482,3758.1372,3936.7742
target 112,DSC05483,3351.0718,3870.8577
target 112,DSC05484,3400.0015,3798.2703
target 112,DSC05485,3305.563,3811.3862
target 112,DSC05486,3146.2175,3872.4294
target 112,DSC05487,3011.6133,3879.1233
target 112,DSC05488,2877.6519,3808.1279
target 112,DSC05489,2758.6506,3802.2561
target 112,DSC05490,2745.3755,3748.1667
target 112,DSC05491,2613.709,3701.3071
target 112,DSC05492,2538.1736,3643.575
target 112,DSC05493,2567.5359,3549.6223
target 112,DSC05494,2512.064,3463.3533
target 112,DSC05495,2615.9219,3397.4961
target 112,DSC05496,2656.582,3345.8811
target 112,DSC05497,2659.9692,3319.4299
target 112,DSC05498,2772.6738,3247.75
target 112,DSC05499,2802.2214,3154.6873
target 112,DSC05500,2954.49,3058.6633
target 113,DSC05196,3895.5776,2003.3534
target 113,DSC05197,3897.3367,2441.188
target 113,DSC05198,3893.9465,2343.1086
target 113,DSC05199,3883.989,2532.7302
target 113,DSC05200,3867.5,2595.0
target 113,DSC05201,3874.9189,2586.3784
target 113,DSC05202,3892.7109,2412.7305
target 113,DSC05203,3918.249,2121.4841
target 113,DSC05204,3325.4375,1592.0458
target 113,DSC05249,3985.4888,2580.1985
target 113,DSC05250,3552.0173,2586.9346
target 113,DSC05251,2761.4102,2570.4387
target 113,DSC05260,3348.0527,1629.4736
target 113,DSC05261,3345.303,1938.7179
target 113,DSC05262,3329.0322,1718.2435
target 113,DSC05263,3328.2256,1378.1666
target 113,DSC05264,3341.3162,1192.2767
target 113,DSC05265,3281.7493,1694.9709
target 113,DSC05266,3238.3533,2162.2952
target 113,DSC05267,3319.8887,1926.6971
target 113,DSC05334,3550.1404,2846.929
target 113,DSC05335,3409.0413,2850.6328
target 113,DSC05336,3640.9712,2877.4912
target 113,DSC05337,3827.6321,2892.6116
target 113,DSC05338,3720.3264,2914.3904
target 113,DSC05339,3744.0266,2938.9651
target 113,DSC05340,3635.7114,2918.9636
target 113,DSC05341,3212.2419,2928.176
target 113,DSC05342,3651.8677,2927.2107
target 113,DSC05343,3709.1367,2939.6836
target 113,DSC05344,3492.7651,2909.9741
target 113,DSC05349,2927.8613,2829.584
target 113,DSC05350,2696.175,2804.019
target 113,DSC05351,2069.5376,2606.2139
target 113,DSC05352,996.5283,2062.8616
target 113,DSC05353,1279.5531,2056.5156
target 113,DSC05358,1121.6044,2265.5557
target 113,DSC05359,1104.0817,2145.0632
target 113,DSC05360,1114.1578,2208.7034
target 113,DSC05361,1042.7009,2319.1484
target 113,DSC05362,1198.9517,2354.7991
target 113,DSC05363,1262.9482,2598.6482
target 113,DSC05364,1912.3583,2582.8372
target 113,DSC05365,1927.8199,2570.8528
target 113,DSC05366,1964.4619,2290.2092
target 113,DSC05367,1923.0265,2438.9268
target 113,DSC05368,1997.2621,2377.2798
target 113,DSC05414,2228.0374,2335.4497
target 113,DSC05415,2455.3862,2483.8586
target 113,DSC05417,2574.9348,2469.8264
target 113,DSC05418,2830.4431,2531.6179
target 113,DSC05419,3122.3069,2397.9333
target 113,DSC05424,2969.1667,3190.0249
target 113,DSC05425,3110.1133,3228.6436
target 113,DSC05426,3401.4292,3368.4736
target 113,DSC05427,3369.1685,3368.4211
target 113,DSC05428,3476.6736,3326.4761
target 113,DSC05429,3425.9531,3272.7314
target 113,DSC05430,3906.0479,3318.2021
target 113,DSC05476,2589.6418,2821.375
target 113,DSC05477,2809.6772,2804.5886
target 113,DSC05478,3027.3601,2918.1101
target 113,DSC05510,3622.4468,3076.1467
target 113,DSC05511,3803.4163,3136.2605
target 113,DSC05512,3977.2935,2928.0164
target 113,DSC05513,3984.2715,2973.5964
target 113,DSC05514,3752.1077,3009.8445
target 113,DSC05515,3666.8347,3071.0759
target 113,DSC05516,3790.0684,3106.3035
target 113,DSC05517,3675.2959,3117.936
target 113,DSC05518,3660.9226,3281.0659
target 113,DSC05519,3364.2664,3365.9817
target 113,DSC05520,3082.7756,3288.6729
target 113,DSC05521,2923.4666,3232.0667
target 113,DSC05522,2783.0,3240.8909
target 114,DSC05305,1312.9362,3425.5903
target 114,DSC05306,1377.6849,3396.4453
target 114,DSC05348,5613.8677,3757.397
target 114,DSC05349,5296.8892,3745.3086
target 114,DSC05350,4914.2432,3749.9224
target 114,DSC05401,1389.3716,340.9527
target 114,DSC05402,1190.5144,152.7057
target 114,DSC05405,1340.4071,3564.3477
target 114,DSC05406,1566.1932,3561.5427
target 114,DSC05408,2530.002,3355.5205
target 114,DSC05409,1742.9065,3197.54
target 114,DSC05410,1550.7103,2734.4043
target 114,DSC05411,1486.4259,2506.8999
target 114,DSC05412,934.8233,2646.8384
target 114,DSC05413,1224.6207,2382.7932
target 114,DSC05421,4089.4443,3603.5386
target 114,DSC05422,4702.5249,3778.8926
target 114,DSC05423,4890.3018,3726.5676
target 114,DSC05424,5006.4229,3661.4285
target 114,DSC05457,1548.4375,3054.5269
target 114,DSC05458,1536.5,3228.457
target 114,DSC05459,1344.2622,3660.9565
target 114,DSC05460,1285.7347,3804.5854
target 114,DSC05461,1466.0587,3841.2207
target 114,DSC05462,1305.1287,3787.7202
target 114,DSC05463,1721.3739,3625.8303
target 114,DSC05464,1599.0811,3349.7856
target 114,DSC05465,1360.3453,3080.6086
target 114,DSC05466,1362.0016,3076.4678
target 114,DSC05469,694.5496,3495.0107
target 114,DSC05472,711.1298,3484.75
target 114,DSC05473,1121.5682,3179.1306
target 114,DSC05474,1544.9877,3247.3159
target 114,DSC05475,1387.2274,3712.3997
target 114,DSC05480,1981.598,3471.2402
target 114,DSC05481,1572.7396,3499.1199
target 114,DSC05482,1591.933,3370.439
target 114,DSC05483,1294.355,3266.5916
target 114,DSC05484,1485.3113,3068.0283
target 114,DSC05485,1515.4886,2957.9431
target 114,DSC05486,1435.6184,2936.4343
target 114,DSC05522,4690.4316,3442.2053
target 114,DSC05523,4958.3804,3735.8967
target 114,DSC05524,4841.9409,3798.0171
target 114,DSC05525,4487.7998,3817.207
target 115,DSC05196,4837.0776,951.9095
target 115,DSC05197,4876.1704,1369.7817
target 115,DSC05198,4917.7686,1269.2446
target 115,DSC05199,4964.8198,1473.5896
target 115,DSC05200,4972.519,1575.6082
target 115,DSC05201,5056.0601,1609.4534
target 115,DSC05202,5165.2446,1482.5042
target 115,DSC05203,5330.3555,1208.2595
target 115,DSC05204,4746.9858,747.9971
target 115,DSC05205,4975.5938,1130.8865
target 115,DSC05207,5130.8877,1469.0139
target 115,DSC05208,5086.9727,2044.3783
target 115,DSC05210,5020.7017,2389.5127
target 115,DSC05247,3761.8611,1266.4398
target 115,DSC05248,3172.2009,1105.2533
target 115,DSC05249,2951.6641,1121.7283
target 115,DSC05250,2389.665,1284.8239
target 115,DSC05251,1610.9197,1400.1379
target 115,DSC05252,1699.8323,1524.1582
target 115,DSC05253,1883.1968,1561.9188
target 115,DSC05254,1893.6895,1658.1344
target 115,DSC05255,2323.9285,3492.3801
target 115,DSC05256,2312.938,3011.916
target 115,DSC05257,2277.802,2952.6946
target 115,DSC05258,2254.2053,3029.2366
target 115,DSC05260,2217.2297,2926.6077
target 115,DSC05261,2210.3052,3279.5059
target 115,DSC05262,2208.1213,3033.074
target 115,DSC05263,2190.5867,2673.969
target 115,DSC05264,2191.543,2486.8179
target 115,DSC05265,2179.616,2898.895
target 115,DSC05266,2136.6597,3346.6919
target 115,DSC05267,2109.2468,3156.8264
target 115,DSC05268,1686.699,2601.8818
target 115,DSC05269,2160.0735,2433.1482
target 115,DSC05270,2131.062,2078.5176
target 115,DSC05271,2095.4871,1869.6339
target 115,DSC05272,2085.97,1869.0468
target 115,DSC05273,2064.4812,1376.2828
target 115,DSC05274,2093.812,1397.7375
target 115,DSC05327,3641.2539,1805.0631
target 115,DSC05328,3600.6448,1790.9518
target 115,DSC05329,3712.4512,1785.5225
target 115,DSC05330,3363.2178,1787.2812
target 115,DSC05331,3270.8525,1771.592
target 115,DSC05332,2712.3362,1755.1187
target 115,DSC05333,2287.4155,1765.0188
target 115,DSC05334,2497.4255,1773.0066
target 115,DSC05335,2304.1919,1790.8851
target 115,DSC05336,2483.4551,1804.9437
target 115,DSC05337,2604.3164,1796.4089
target 115,DSC05338,2425.26,1798.5265
target 115,DSC05339,2401.8018,1797.3197
target 115,DSC05340,2314.8223,1803.1906
target 115,DSC05341,1879.9857,1820.0258
target 115,DSC05342,2368.6238,1811.6239
target 115,DSC05343,2438.5737,1811.381
target 115,DSC05344,2279.6482,1813.9524
target 115,DSC05345,2205.5942,1816.0143
target 115,DSC05346,2245.4832,1812.896
target 115,DSC05348,2116.1108,1783.5586
target 115,DSC05349,2005.6122,1778.783
target 115,DSC05350,1864.5414,1781.2278
target 115,DSC05351,3115.7961,1760.1034
target 115,DSC05352,2131.6189,1152.5594
target 115,DSC05353,2378.9688,1151.0677
target 115,DSC05354,2351.1343,851.5
target 115,DSC05355,2377.0461,982.1555
target 115,DSC05356,2321.1108,759.285
target 115,DSC05357,2254.6746,647.5845
target 115,DSC05358,2212.6257,1037.3442
target 115,DSC05359,2142.6938,856.2485
target 115,DSC05360,2104.9368,908.7762
target 115,DSC05361,2012.7117,1004.296
target 115,DSC05362,2058.6914,1213.099
target 115,DSC05363,2093.1616,1553.186
target 115,DSC05364,2705.5715,1555.5999
target 115,DSC05365,2742.5039,1516.6031
target 115,DSC05366,2797.5217,1168.4564
target 115,DSC05367,2814.9065,1284.6709
target 115,DSC05368,2737.4219,1440.504
target 115,DSC05369,2740.0,1521.0105
target 115,DSC05370,2751.5022,1483.0576
target 115,DSC05371,2748.0388,1460.3894
target 115,DSC05372,2591.9941,2036.7142
target 115,DSC05373,2405.3545,1268.6941
target 115,DSC05374,2480.1006,1940.6119
target 115,DSC05375,2493.7493,2237.3916
target 115,DSC05376,2429.3933,2234.886
target 115,DSC05417,244.1959,1746.8773
target 115,DSC05418,607.3406,1833.2833
target 115,DSC05419,1301.5624,1711.7208
target 115,DSC05420,1933.3398,1719.985
target 115,DSC05421,1047.2985,1913.4264
target 115,DSC05422,1463.4229,2024.3624
target 115,DSC05423,1657.5031,2037.4846
target 115,DSC05424,1703.0538,2157.658
target 115,DSC05425,1815.0,2222.0
target 115,DSC05426,2048.9214,2382.2615
target 115,DSC05427,2001.4835,2462.9653
target 115,DSC05428,2184.7473,2532.0735
target 115,DSC05429,2206.3354,2566.2371
target 115,DSC05430,2814.5789,2627.1626
target 115,DSC05431,3022.9539,2414.3191
target 115,DSC05432,3768.5271,2516.6802
target 115,DSC05433,2711.6223,2391.9502
target 115,DSC05434,2806.7219,2429.259
target 115,DSC05435,3151.0229,2614.4353
target 115,DSC05436,3077.3262,2624.7979
target 115,DSC05437,3374.0735,2733.2356
target 115,DSC05438,3725.6418,2952.1453
target 115,DSC05476,611.6789,2061.7688
target 115,DSC05477,975.3387,2323.4666
target 115,DSC05478,1402.0836,2705.2305
target 115,DSC05505,3420.3792,2629.8735
target 115,DSC05506,3389.0159,2687.6003
target 115,DSC05507,3332.4141,2729.7227
target 115,DSC05508,3310.2959,2806.1555
target 115,DSC05509,2875.4004,2858.6624
target 115,DSC05510,2738.8782,2990.9714
target 115,DSC05511,2835.9336,2953.0288
target 115,DSC05512,3017.9114,2550.3875
target 115,DSC05513,2973.1738,2556.6323
target 115,DSC05514,2657.6382,2578.8467
target 115,DSC05515,2495.4746,2588.1453
target 115,DSC05516,2606.8123,2538.0518
target 115,DSC05517,2457.0012,2503.7815
target 115,DSC05518,2375.1382,2608.1968
target 115,DSC05519,1985.8733,2715.8916
target 115,DSC05520,1690.301,2610.6367
target 115,DSC05521,1538.8627,2518.636
target 115,DSC05522,1392.7148,2486.7378
target 115,DSC05523,1668.5928,2335.0361
target 115,DSC05524,1537.0481,2320.9038
target 115,DSC05525,1155.8666,2322.1931
target 116,DSC05222,5361.9673,1758.1423
target 116,DSC05224,5201.3838,2171.9709
target 116,DSC05225,5089.1543,2377.8188
target 116,DSC05226,4991.1919,2456.5486
target 116,DSC05227,5042.9473,2102.5054
target 116,DSC05231,5212.4004,2502.835
target 116,DSC05232,5208.0117,2725.2856
target 116,DSC05233,5197.9829,2648.9761
target 116,DSC05234,5202.8584,2998.8416
target 116,DSC05236,3658.2634,947.0054
target 116,DSC05237,3875.9531,929.5072
target 116,DSC05240,3354.21,858.0266
target 116,DSC05241,3859.6077,832.9241
target 116,DSC05242,3329.3872,861.3947
target 116,DSC05285,1289.6025,1964.594
target 116,DSC05286,1302.5896,2040.0149
target 116,DSC05287,1301.662,1981.4824
target 116,DSC05288,1220.6211,1963.3126
target 116,DSC05289,1211.374,1853.9048
target 116,DSC05290,1221.5957,1989.3615
target 116,DSC05291,1241.2015,2036.0562
target 116,DSC05292,1238.6119,1816.1692
target 116,DSC05293,1234.0406,1650.9235
target 116,DSC05294,1230.2227,1437.3298
target 116,DSC05295,1215.0897,1206.4775
target 116,DSC05296,1252.5095,1240.9242
target 116,DSC05297,1144.0293,1236.5272
target 116,DSC05298,1142.771,1237.2164
target 116,DSC05299,1182.7977,1279.1432
target 116,DSC05300,1190.9939,1349.3959
target 116,DSC05301,1212.7078,1148.9779
target 116,DSC05302,1243.4023,1190.0057
target 116,DSC05303,1281.8042,1158.1149
target 116,DSC05304,1361.8062,1124.4806
target 116,DSC05305,3921.3125,978.5385
target 116,DSC05306,3981.4351,1008.5649
target 116,DSC05307,3953.0605,1002.1174
target 116,DSC05308,3941.3223,980.5504
target 116,DSC05309,4115.7998,949.9125
target 116,DSC05310,4061.1016,915.8931
target 116,DSC05311,3507.1191,912.8445
target 116,DSC05312,3852.7588,877.4741
target 116,DSC05313,3852.6741,832.771
target 116,DSC05314,3672.9761,831.7358
target 116,DSC05315,3594.7017,821.7594
target 116,DSC05316,3288.1946,846.7112
target 116,DSC05317,3278.7515,837.7275
target 116,DSC05318,3061.8579,873.928
target 116,DSC05385,3640.9583,1971.1995
target 116,DSC05386,3644.6641,1781.5443
target 116,DSC05387,3649.2666,1767.1714
target 116,DSC05388,3644.2839,1643.9708
target 116,DSC05389,3650.0535,1722.6154
target 116,DSC05390,3650.5474,1708.8929
target 116,DSC05391,3647.8613,1902.6827
target 116,DSC05392,3651.0342,1967.4435
target 116,DSC05393,3657.0466,2298.2664
target 116,DSC05394,3648.3455,2360.0974
target 116,DSC05395,3647.4626,2368.9954
target 116,DSC05396,3646.3608,2352.9788
target 116,DSC05397,3653.8428,2511.072
target 116,DSC05398,3655.1189,2621.4207
target 116,DSC05399,3652.75,2828.988
target 116,DSC05400,3661.0586,2924.7505
target 116,DSC05401,3661.7488,3074.7883
target 116,DSC05402,3664.3926,3040.5903
target 116,DSC05403,3672.3887,2916.219
target 116,DSC05404,3670.9294,3000.3975
target 116,DSC05448,2812.6348,1212.5039
target 116,DSC05449,2825.4451,1183.3164
target 116,DSC05450,2687.5242,1118.743
target 116,DSC05451,3065.8608,1124.4193
target 116,DSC05452,2905.2485,1192.3654
target 116,DSC05453,3373.176,1258.5116
target 116,DSC05454,3326.1133,1196.8263
target 116,DSC05455,3786.4497,1205.5519
target 116,DSC05456,4328.1846,1267.1449
target 116,DSC05457,4167.4751,1211.2722
target 116,DSC05458,4269.0913,1189.3197
target 116,DSC05459,4368.5288,1243.5702
target 116,DSC05460,4244.9888,1196.0443
target 116,DSC05461,4397.3979,1122.0802
target 116,DSC05462,4530.5088,985.432
target 116,DSC05469,4270.1216,505.7474
target 116,DSC05472,4290.5708,508.044
target 116,DSC05473,4718.5015,538.0101
target 116,DSC05474,5167.7427,426.4533
target 116,DSC05475,4844.8213,362.4585
target 116,DSC05480,4994.4326,1788.6167
target 116,DSC05481,4367.0444,1760.413
target 116,DSC05482,4322.0503,1887.0951
target 116,DSC05483,3701.7966,1841.8607
target 116,DSC05484,3768.5198,1792.6886
target 116,DSC05485,3633.8562,1817.0383
target 116,DSC05486,3393.4224,1876.7811
target 116,DSC05487,3186.4521,1890.6427
target 116,DSC05488,2971.3027,1849.2688
target 116,DSC05489,2781.6802,1854.6958
target 116,DSC05490,2749.3848,1819.6764
target 116,DSC05491,2544.3633,1785.6842
target 116,DSC05492,2426.2061,1741.9919
target 116,DSC05493,2452.803,1672.6877
target 116,DSC05494,2357.522,1608.8304
target 117,DSC05197,3977.6011,2539.1123
target 117,DSC05198,3971.5068,2423.5857
target 117,DSC05199,3959.6672,2587.3718
target 117,DSC05251,2886.8079,2483.0347
target 117,DSC05254,3032.207,2485.4495
target 117,DSC05255,3131.8079,2376.0779
target 117,DSC05256,3136.8687,1886.3007
target 117,DSC05257,3175.0854,1680.9658
target 117,DSC05262,3172.0671,1610.9192
target 117,DSC05263,3170.9543,1305.9231
target 117,DSC05264,3181.1602,1137.3793
target 117,DSC05265,3133.1636,1664.244
target 117,DSC05266,3092.9336,2151.9238
target 117,DSC05267,3160.4128,1933.3408
target 117,DSC05334,3517.8232,2670.5471
target 117,DSC05335,3391.5417,2676.7153
target 117,DSC05336,3635.2014,2699.4045
target 117,DSC05337,3840.3188,2710.0459
target 117,DSC05338,3760.3699,2729.0381
target 117,DSC05339,3811.9824,2751.3464
target 117,DSC05340,3722.801,2737.9719
target 117,DSC05341,3322.8081,2749.7905
target 117,DSC05346,3543.3262,2747.8752
target 117,DSC05348,3310.6035,2714.0444
target 117,DSC05349,3124.1667,2688.7087
target 117,DSC05350,2894.5244,2669.3936
target 117,DSC05351,2197.5842,2808.2988
target 117,DSC05352,1153.0214,2251.9758
target 117,DSC05353,1429.24,2242.2656
target 117,DSC05354,1439.0314,1999.2229
target 117,DSC05355,1472.1207,2141.9944
target 117,DSC05356,1433.9319,2005.9529
target 117,DSC05359,1318.1804,2252.4219
target 117,DSC05360,1335.1876,2285.8147
target 117,DSC05361,1277.7765,2367.6755
target 117,DSC05362,1414.6503,2364.408
target 117,DSC05363,1468.4366,2595.6533
target 117,DSC05364,2102.7952,2582.5222
target 117,DSC05365,2115.0791,2585.885
target 117,DSC05366,2145.218,2334.9731
target 117,DSC05367,2103.5183,2512.7852
target 117,DSC05368,2178.3855,2359.7839
target 117,DSC05369,2202.0212,2343.8567
target 117,DSC05414,2284.4656,2045.4966
target 117,DSC05415,2477.6003,2173.7144
target 117,DSC05417,2576.3884,2161.6636
target 117,DSC05418,2821.1729,2215.0564
target 117,DSC05419,3088.4761,2098.4783
target 117,DSC05421,2322.5066,2780.9692
target 117,DSC05422,2797.4343,2919.4543
target 117,DSC05426,3512.3525,3143.7803
target 117,DSC05427,3455.196,3135.0955
target 117,DSC05428,3524.5662,3090.2659
target 117,DSC05429,3446.7273,3036.9971
target 117,DSC05430,3907.9097,3077.9355
target 117,DSC05431,3890.9321,2845.5425
target 117,DSC05476,2680.1382,2545.9387
target 117,DSC05477,2827.479,2521.7388
target 117,DSC05478,2987.8008,2625.8035
target 117,DSC05512,3990.4211,2711.9036
target 117,DSC05513,4008.7163,2755.3572
target 117,DSC05514,3785.5474,2790.0669
target 117,DSC05515,3716.8906,2849.467
target 117,DSC05516,3858.1189,2887.1189
target 117,DSC05517,3755.7188,2902.1196
target 117,DSC05518,3758.7317,3058.8047
target 117,DSC05519,3464.8025,3134.9814
target 117,DSC05520,3191.3149,3066.2117
target 117,DSC05524,2977.3589,3055.9167
target 117,DSC05525,2626.8462,3061.9563
target 118,DSC05196,4263.2993,2518.8035
target 118,DSC05197,4248.666,2956.8438
target 118,DSC05198,4227.022,2842.4465
target 118,DSC05199,4203.7026,3015.8489
target 118,DSC05202,4170.2295,2803.9724
target 118,DSC05203,4188.2744,2490.4265
target 118,DSC05204,3575.4097,1944.0763
target 118,DSC05205,3614.3457,2202.2839
target 118,DSC05207,3639.2231,2339.8
target 118,DSC05208,3624.0833,2703.7976
target 118,DSC05248,4273.0,2318.0
target 118,DSC05249,4412.1045,2261.0559
target 118,DSC05251,3368.4558,2203.2192
target 118,DSC05252,3397.241,2148.9297
target 118,DSC05253,3549.4868,2110.2344
target 118,DSC05254,3396.834,2134.6772
target 118,DSC05255,2923.344,2091.291
target 118,DSC05256,2925.2722,1574.6798
target 118,DSC05257,2944.2417,1291.6664
target 118,DSC05258,2935.8508,1255.0078
target 118,DSC05260,2938.5186,999.1642
target 118,DSC05261,2930.9546,1327.3774
target 118,DSC05262,2921.1299,1118.5361
target 118,DSC05263,2917.5315,795.7054
target 118,DSC05268,2745.7017,693.8305
target 118,DSC05269,2873.9922,1528.8231
target 118,DSC05270,2874.031,1271.2611
target 118,DSC05271,2889.0535,1153.0243
target 118,DSC05329,4459.9556,2402.009
target 118,DSC05330,4282.0762,2403.8542
target 118,DSC05331,4308.5845,2388.8313
target 118,DSC05332,3916.9065,2368.8315
target 118,DSC05333,3707.8843,2386.8538
target 118,DSC05334,3965.1062,2401.5789
target 118,DSC05335,3842.5371,2412.7603
target 118,DSC05339,4347.709,2507.741
target 118,DSC05340,4242.02,2504.6086
target 118,DSC05341,3816.3132,2518.6514
target 118,DSC05342,4282.0713,2535.9417
target 118,DSC05343,4351.686,2554.6274
target 118,DSC05344,4105.9805,2540.085
target 118,DSC05345,3983.1711,2536.0144
target 118,DSC05346,3956.7632,2556.7871
target 118,DSC05348,3653.0957,2535.7998
target 118,DSC05349,3417.9319,2516.6965
target 118,DSC05350,3128.9028,2502.8909
target 118,DSC05351,2365.3833,3102.825
target 118,DSC05352,1223.8159,2553.9294
target 118,DSC05353,1498.8011,2539.1047
target 118,DSC05354,1526.3805,2320.239
target 118,DSC05355,1562.8488,2485.0073
target 118,DSC05356,1544.4116,2387.8884
target 118,DSC05357,1508.1132,2390.0317
target 118,DSC05358,1460.568,2867.5723
target 118,DSC05359,1488.9487,2736.8076
target 118,DSC05360,1534.558,2780.8149
target 118,DSC05367,2272.7576,2964.7122
target 118,DSC05368,2415.7246,2766.5715
target 118,DSC05369,2444.7673,2730.3313
target 118,DSC05370,2482.9741,2601.8181
target 118,DSC05371,2493.0391,2572.6428
target 118,DSC05372,2327.7759,3192.615
target 118,DSC05414,2891.0234,1748.9928
target 118,DSC05418,3463.4932,1851.2317
target 118,DSC05419,3698.7302,1731.4176
target 118,DSC05420,4062.0962,1738.1282
target 118,DSC05421,2627.7029,2738.5225
target 118,DSC05422,3163.9258,2883.9182
target 118,DSC05423,3391.9502,2875.1641
target 118,DSC05424,3564.915,2930.3633
target 118,DSC05425,3719.6631,2944.9539
target 118,DSC05426,4046.05,3042.239
target 118,DSC05427,3991.4976,2998.0483
target 118,DSC05430,4428.2402,2859.771
target 118,DSC05431,4346.8105,2627.0911
target 118,DSC05432,4939.4448,2712.8369
target 118,DSC05433,3776.0215,2446.2715
target 118,DSC05434,3793.9661,2452.1467
target 118,DSC05435,4049.4084,2574.8667
target 118,DSC05436,3879.5601,2546.6201
target 118,DSC05476,3252.4109,2365.2939
target 118,DSC05478,3541.2534,2272.8872
target 118,DSC05510,4018.0693,2585.4932
target 118,DSC05511,4256.3735,2677.385
target 118,DSC05512,4463.0024,2543.8333
target 118,DSC05513,4493.8857,2603.3477
target 118,DSC05517,4253.3623,2829.6309
target 118,DSC05518,4274.7622,3017.3945
target 118,DSC05519,3972.0334,3091.3826
target 118,DSC05520,3663.262,3029.2268
target 118,DSC05521,3487.2461,2990.7507
target 118,DSC05522,3337.585,3020.6855
target 118,DSC05523,3510.9214,3093.9272
target 118,DSC05524,3362.8203,3116.1287
target 119,DSC05217,3900.9324,1456.474
target 119,DSC05218,3910.6907,1491.621
target 119,DSC05219,3906.1265,1576.1722
target 119,DSC05220,3921.0552,1690.5258
target 119,DSC05221,3937.1819,1638.7568
target 119,DSC05222,3959.0212,1256.7
target 119,DSC05224,3906.5835,1631.4299
target 119,DSC05225,3860.9199,1837.5304
target 119,DSC05226,3833.4832,1915.3108
target 119,DSC05227,3892.4924,1518.126
target 119,DSC05228,3966.7771,1687.4169
target 119,DSC05229,4020.3655,1626.179
target 119,DSC05230,4054.6426,1545.4659
target 119,DSC05231,4063.5066,1911.5376
target 119,DSC05232,4084.4346,2177.4089
target 119,DSC05233,4101.8218,2127.1462
target 119,DSC05234,4115.5586,2537.6064
target 119,DSC05235,4112.813,2498.5674
target 119,DSC05236,3212.1011,1901.875
target 119,DSC05237,3361.5481,1948.2494
target 119,DSC05238,2916.2959,1943.9362
target 119,DSC05239,2867.2063,1941.7937
target 119,DSC05240,2744.5,1997.3169
target 119,DSC05241,3337.5718,2050.8669
target 119,DSC05242,2824.1538,2068.0432
target 119,DSC05243,2272.9358,2031.6143
target 119,DSC05244,2094.2725,2069.917
target 119,DSC05283,2716.0464,2647.9976
target 119,DSC05284,2718.0786,2498.1851
target 119,DSC05285,2716.0017,2342.2747
target 119,DSC05286,2721.3948,2465.2764
target 119,DSC05287,2722.1821,2430.3101
target 119,DSC05288,2734.2107,2478.2932
target 119,DSC05289,2732.405,2409.1375
target 119,DSC05290,2735.2568,2578.7681
target 119,DSC05291,2737.9719,2633.5627
target 119,DSC05292,2730.2207,2439.7004
target 119,DSC05293,2729.0486,2290.3501
target 119,DSC05294,2728.2876,2098.0464
target 119,DSC05295,2721.9658,1892.1587
target 119,DSC05296,2725.7927,1911.8031
target 119,DSC05297,2727.1372,1964.088
target 119,DSC05298,2731.0461,1967.907
target 119,DSC05299,2733.0974,1982.3104
target 119,DSC05300,2717.9653,2025.9205
target 119,DSC05301,2721.9646,1806.7185
target 119,DSC05302,2716.0962,1805.9017
target 119,DSC05303,2714.1587,1725.6899
target 119,DSC05304,2697.4883,1627.6779
target 119,DSC05305,3502.95,2205.5125
target 119,DSC05306,3529.4121,2245.8015
target 119,DSC05307,3459.5369,2261.6174
target 119,DSC05308,3401.4299,2263.9561
target 119,DSC05309,3524.0269,2256.7285
target 119,DSC05310,3437.2319,2259.9045
target 119,DSC05311,2885.2031,2269.7683
target 119,DSC05312,3199.0503,2276.8196
target 119,DSC05313,3169.4382,2296.7234
target 119,DSC05314,3014.5088,2299.5859
target 119,DSC05315,2984.3176,2318.8372
target 119,DSC05316,2749.8667,2309.0303
target 119,DSC05317,2820.7227,2289.4905
target 119,DSC05318,2702.2197,2271.2471
target 119,DSC05319,2722.1155,2260.3145
target 119,DSC05383,2370.5869,1307.9275
target 119,DSC05384,2380.4939,1705.0181
target 119,DSC05385,2383.3206,1626.4385
target 119,DSC05386,2363.6887,1376.8949
target 119,DSC05387,2359.8296,1315.228
target 119,DSC05388,2322.9048,1148.4633
target 119,DSC05389,2344.8291,1193.6646
target 119,DSC05390,2329.7734,1158.6094
target 119,DSC05391,2322.728,1315.0964
target 119,DSC05392,2301.9355,1353.3654
target 119,DSC05393,2353.385,1672.8657
target 119,DSC05394,2286.3257,1694.4728
target 119,DSC05395,2255.2722,1689.2487
target 119,DSC05396,2221.9419,1662.8055
target 119,DSC05397,2225.7947,1816.4431
target 119,DSC05398,2214.1238,1921.4717
target 119,DSC05399,2217.9556,2131.0283
target 119,DSC05400,2222.8574,2235.6453
target 119,DSC05401,2244.7007,2421.9578
target 119,DSC05402,2203.0911,2409.3625
target 119,DSC05403,2161.7319,2328.2861
target 119,DSC05404,2144.0042,2444.2458
target 119,DSC05411,3935.1807,1329.3669
target 119,DSC05412,3414.5637,1431.5212
target 119,DSC05413,3578.4304,1531.6624
target 119,DSC05445,2404.8904,2467.4429
target 119,DSC05447,2487.7932,2436.9934
target 119,DSC05448,2403.1611,2432.3799
target 119,DSC05449,2354.6802,2427.8318
target 119,DSC05450,2213.6062,2327.7168
target 119,DSC05451,2468.3396,2350.771
target 119,DSC05452,2359.8088,2407.917
target 119,DSC05453,2741.825,2485.625
target 119,DSC05454,2652.6438,2451.5066
target 119,DSC05455,3035.5833,2496.5962
target 119,DSC05456,3469.8945,2613.9502
target 119,DSC05457,3377.1436,2566.9221
target 119,DSC05458,3538.5164,2545.7551
target 119,DSC05459,3633.8667,2730.8096
target 119,DSC05460,3605.6411,2660.4102
target 119,DSC05465,4063.7151,2215.4963
target 119,DSC05466,4092.1326,2219.8569
target 119,DSC05469,3272.7473,2493.3889
target 119,DSC05472,3287.439,2492.9712
target 119,DSC05473,3573.053,2469.6257
target 119,DSC05480,4026.9314,3121.322
target 119,DSC05481,3518.3406,3098.9417
target 119,DSC05482,3416.9189,3189.7932
target 119,DSC05483,2924.1746,3114.3755
target 119,DSC05484,2987.9722,3008.125
target 119,DSC05485,2877.2664,2991.2803
target 119,DSC05486,2682.0906,3034.0349
target 119,DSC05487,2525.9507,3025.946
target 119,DSC05488,2396.6406,2916.5403
target 119,DSC05489,2270.8552,2893.2268
target 119,DSC05490,2284.3323,2814.8174
target 119,DSC05491,2149.9238,2761.8906
target 119,DSC05492,2082.7371,2698.9814
target 119,DSC05493,2160.5,2586.2456
target 120,DSC05196,5038.7368,1548.8816
target 120,DSC05197,5053.7139,1997.7706
target 120,DSC05198,5063.8042,1912.8884
target 120,DSC05199,5080.9678,2127.5642
target 120,DSC05200,5063.1743,2217.8652
target 120,DSC05201,5105.0527,2244.2288
target 120,DSC05202,5163.3418,2104.8899
target 120,DSC05203,5265.1587,1836.9884
target 120,DSC05204,4627.749,1355.3497
target 120,DSC05205,4785.5181,1696.6637
target 120,DSC05248,3704.6987,1214.1781
target 120,DSC05249,3620.3701,1164.6812
target 120,DSC05250,3124.5444,1240.5887
target 120,DSC05251,2339.7559,1285.9603
target 120,DSC05252,2345.4346,1327.3927
target 120,DSC05253,2487.644,1328.9158
target 120,DSC05254,2426.7507,1414.9686
target 120,DSC05255,2134.0403,3016.3276
target 120,DSC05256,2116.4429,2527.3687
target 120,DSC05257,2061.6238,2379.6306
target 120,DSC05258,2035.9412,2391.7012
target 120,DSC05260,1992.0151,2199.8472
target 120,DSC05261,1989.6287,2517.9558
target 120,DSC05262,1995.123,2270.6191
target 120,DSC05263,1986.4412,1889.423
target 120,DSC05264,1985.2599,1692.8445
target 120,DSC05265,2002.5709,2140.0037
target 120,DSC05266,1973.6221,2587.7466
target 120,DSC05267,1940.588,2348.3997
target 120,DSC05268,1482.6439,1596.8561
target 120,DSC05331,3818.5586,1556.6696
target 120,DSC05332,3331.9541,1535.9324
target 120,DSC05333,3001.3037,1535.0507
target 120,DSC05334,3215.2539,1556.6763
target 120,DSC05335,3041.5508,1577.1808
target 120,DSC05336,3241.0403,1586.8298
target 120,DSC05337,3388.927,1576.0337
target 120,DSC05338,3234.3218,1578.8237
target 120,DSC05339,3217.8718,1578.3217
target 120,DSC05340,3097.9692,1590.7731
target 120,DSC05341,2648.6985,1608.9045
target 120,DSC05342,3094.5427,1606.8353
target 120,DSC05343,3146.9739,1608.3883
target 120,DSC05344,2944.999,1618.7837
target 120,DSC05345,2844.5168,1624.5441
target 120,DSC05346,2835.0583,1624.955
target 120,DSC05348,2624.2585,1606.3621
target 120,DSC05349,2463.6453,1608.7688
target 120,DSC05350,2262.5,1616.5667
target 120,DSC05351,3275.533,2189.7041
target 120,DSC05352,2216.4243,1615.2267
target 120,DSC05353,2464.8303,1610.4303
target 120,DSC05354,2451.9844,1354.8419
target 120,DSC05355,2479.2612,1507.8306
target 120,DSC05356,2443.4746,1351.0228
target 120,DSC05357,2398.2478,1302.1949
target 120,DSC05358,2366.8284,1743.3154
target 120,DSC05359,2335.0042,1619.7827
target 120,DSC05360,2332.0486,1708.96
target 120,DSC05361,2281.5,1842.7474
target 120,DSC05362,2345.3765,1970.5505
target 120,DSC05363,2370.0049,2253.8916
target 120,DSC05364,2978.0254,2253.0383
target 120,DSC05365,2992.4458,2221.7952
target 120,DSC05366,3020.3372,1880.5477
target 120,DSC05367,3009.2766,1993.3756
target 120,DSC05368,3019.98,2087.4746
target 120,DSC05369,3027.1387,2120.9404
target 120,DSC05370,3041.7563,2042.6959
target 120,DSC05371,3035.231,2007.3528
target 120,DSC05372,2926.5369,2636.5645
target 120,DSC05414,1196.8837,885.9197
target 120,DSC05415,1501.1171,1026.1809
target 120,DSC05417,1715.7859,1025.3226
target 120,DSC05418,2081.6667,1074.0
target 120,DSC05419,2598.0725,977.7419
target 120,DSC05420,3154.6021,984.403
target 120,DSC05421,1592.8843,1832.9463
target 120,DSC05422,2066.1545,1939.0875
target 120,DSC05423,2294.0244,1945.9355
target 120,DSC05424,2420.0503,2035.2451
target 120,DSC05425,2574.8721,2078.594
target 120,DSC05426,2897.6406,2199.7239
target 120,DSC05427,2881.7725,2229.5212
target 120,DSC05428,3063.3521,2235.2061
target 120,DSC05429,3064.3035,2217.5981
target 120,DSC05430,3648.22,2261.0576
target 120,DSC05431,3717.3613,2078.4744
target 120,DSC05432,4439.3057,2159.4321
target 120,DSC05433,3288.9414,1988.1702
target 120,DSC05434,3361.5779,2003.0688
target 120,DSC05476,1723.6713,1661.6216
target 120,DSC05477,2129.9297,1726.9923
target 120,DSC05478,2522.6133,1899.2762
target 120,DSC05510,3413.7534,2427.2737
target 120,DSC05511,3573.2122,2457.2314
target 120,DSC05512,3744.0432,2193.0972
target 120,DSC05513,3723.2827,2223.0886
target 120,DSC05514,3422.1895,2254.2402
target 120,DSC05515,3283.3359,2295.0242
target 120,DSC05516,3404.0432,2296.9568
target 120,DSC05517,3247.2009,2291.4363
target 120,DSC05518,3194.5583,2427.2219
target 120,DSC05519,2815.8962,2520.3115
target 120,DSC05520,2477.7803,2434.5947
target 120,DSC05521,2291.2056,2365.7295
target 120,DSC05522,2119.2478,2358.2803
target 120,DSC05523,2334.9861,2288.6636
target 120,DSC05524,2179.6504,2287.1714
target 120,DSC05525,1763.0138,2291.8921
target 121,DSC05302,3003.8359,2024.5547
target 121,DSC05303,3001.074,2001.0802
target 121,DSC05308,3216.5784,2460.5784
target 121,DSC05354,1654.3441,2049.6506
target 121,DSC05355,1685.8374,2185.1809
target 121,DSC05356,1655.0358,2034.3572
target 121,DSC05404,2075.1677,2071.1294
target 121,DSC05405,3742.1609,1847.4222
target 121,DSC05406,3787.8748,1750.931
target 121,DSC05408,4166.7964,1466.5099
target 121,DSC05409,3878.3518,1575.8507
target 121,DSC05410,3478.2307,1377.8496
target 121,DSC05411,3507.5562,1383.85
target 121,DSC05460,3225.6021,2642.5564
target 121,DSC05461,3359.9951,2579.6682
target 121,DSC05462,3270.0479,2464.968
target 121,DSC05463,3862.4397,2118.8938
target 121,DSC05464,3976.8772,2144.5437
target 121,DSC05465,3652.5071,2064.4348
target 121,DSC05466,3673.8689,2061.5679
target 121,DSC05469,2949.4094,2334.4492
target 121,DSC05472,2964.2717,2333.5603
target 121,DSC05473,3293.6248,2297.5198
target 121,DSC05474,3670.5955,2150.8867
target 121,DSC05475,3470.3755,2168.6606
target 121,DSC05480,3786.4272,2882.5073
target 122,DSC05222,4485.0342,2697.0032
target 122,DSC05224,4320.6753,2970.8435
target 122,DSC05225,4226.8369,3091.7783
target 122,DSC05226,4136.145,3063.9285
target 122,DSC05227,4126.5601,2649.1953
target 122,DSC05228,4165.1875,2778.6042
target 122,DSC05229,4175.2114,2666.1724
target 122,DSC05230,4164.0972,2507.5925
target 122,DSC05231,4161.0864,2769.5444
target 122,DSC05232,4147.2432,2875.8389
target 122,DSC05235,4105.3115,2792.8525
target 122,DSC05237,4052.1272,1854.5355
target 122,DSC05238,3829.2981,1818.165
target 122,DSC05239,3949.4153,1760.3433
target 122,DSC05240,3972.1667,1732.0543
target 122,DSC05241,4685.5879,1622.217
target 122,DSC05242,4173.3804,1619.0514
target 122,DSC05295,2181.3389,542.1161
target 122,DSC05296,2196.9771,625.4238
target 122,DSC05297,2173.303,677.125
target 122,DSC05298,2180.0593,739.9587
target 122,DSC05299,2199.2847,900.8009
target 122,DSC05300,2196.1394,1062.7688
target 122,DSC05311,3983.637,1713.8535
target 122,DSC05316,4309.7837,1739.9575
target 122,DSC05317,4394.9048,1732.9784
target 122,DSC05318,4180.7764,1733.834
target 122,DSC05319,4136.9526,1735.2023
target 122,DSC05323,3940.6775,1736.172
target 122,DSC05379,2548.4746,2379.2913
target 122,DSC05380,2554.5195,2459.0308
target 122,DSC05381,2586.6084,2501.5
target 122,DSC05382,2622.5444,2645.4258
target 122,DSC05383,2672.24,2702.4617
target 122,DSC05384,2683.5896,3168.4441
target 122,DSC05385,2730.9163,3102.5298
target 122,DSC05386,2788.6853,2871.0498
target 122,DSC05387,2828.7515,2806.8472
target 122,DSC05388,2853.5291,2638.4312
target 122,DSC05389,2892.8621,2638.9841
target 122,DSC05390,2911.3159,2583.8752
target 122,DSC05403,3032.6272,2865.2104
target 122,DSC05404,3033.0762,2871.2095
target 122,DSC05411,4467.9531,349.6324
target 122,DSC05412,4074.7209,390.3634
target 122,DSC05440,3855.5872,2554.7383
target 122,DSC05441,3965.6294,2589.9116
target 122,DSC05442,3828.3826,2458.3596
target 122,DSC05443,3831.3953,2406.8748
target 122,DSC05444,3682.3545,2357.2024
target 122,DSC05445,3728.5525,2319.6135
target 122,DSC05447,4037.0483,2305.9255
target 122,DSC05448,4010.1831,2217.6792
target 122,DSC05449,3994.4905,2145.5706
target 122,DSC05450,3734.6814,1950.0829
target 122,DSC05451,4018.8535,1936.4418
target 122,DSC05452,3809.8809,1906.1455
target 122,DSC05453,4216.4507,1973.5514
target 122,DSC05459,4232.769,1760.1707
target 122,DSC05465,4987.2153,861.5969
target 122,DSC05466,5027.7002,849.4313
target 122,DSC05469,4134.1602,1139.3147
target 122,DSC05472,4152.0684,1142.0519
target 122,DSC05473,4599.8901,1191.8143
target 122,DSC05480,4933.0518,2014.7727
target 122,DSC05481,4442.7681,1982.9789
target 122,DSC05482,4543.0898,2116.6897
target 122,DSC05487,3972.6274,2233.9802
target 122,DSC05488,3892.0073,2262.3481
target 122,DSC05489,3783.374,2299.6321
target 122,DSC05490,3802.0149,2322.3064
target 122,DSC05491,3642.0518,2311.4751
target 122,DSC05492,3544.8665,2292.5044
target 122,DSC05493,3585.5269,2296.1958
target 122,DSC05494,3500.4929,2287.1824
target 122,DSC05495,3615.8635,2282.9204
target 122,DSC05496,3643.7781,2307.1116
target 122,DSC05497,3617.9666,2354.196
target 122,DSC05498,3696.2258,2386.3455
target 122,DSC05499,3629.709,2371.061
target 122,DSC05500,3689.4424,2360.1238
target 122,DSC05501,3560.5271,2360.3594
target 123,DSC05224,5417.4805,2177.9805
target 123,DSC05225,5301.1055,2363.7192
target 123,DSC05226,5200.269,2422.9614
target 123,DSC05240,3324.5952,666.5381
target 123,DSC05241,3848.032,641.3085
target 123,DSC05284,960.7986,2101.4375
target 123,DSC05285,942.4255,1892.3989
target 123,DSC05286,961.467,1986.684
target 123,DSC05287,961.4248,1935.4823
target 123,DSC05288,864.1099,1929.3105
target 123,DSC05289,854.9714,1835.0
target 123,DSC05290,868.3047,1990.7593
target 123,DSC05291,891.6512,2046.476
target 123,DSC05292,890.2789,1842.1271
target 123,DSC05293,885.2974,1686.0033
target 123,DSC05294,880.7811,1484.4042
target 123,DSC05295,862.975,1264.825
target 123,DSC05296,907.1558,1305.9351
target 123,DSC05302,881.4767,1333.5989
target 123,DSC05303,924.839,1305.5282
target 123,DSC05304,1022.1624,1267.7727
target 123,DSC05305,3785.0435,664.7319
target 123,DSC05306,3847.8511,694.3079
target 123,DSC05307,3823.6499,684.1611
target 123,DSC05308,3819.2634,657.9187
target 123,DSC05309,4005.7336,622.0738
target 123,DSC05310,3963.5254,580.3116
target 123,DSC05311,3426.7771,572.6754
target 123,DSC05312,3787.5063,527.15
target 123,DSC05313,3800.885,465.9224
target 123,DSC05314,3644.6145,462.1648
target 123,DSC05315,3595.9871,442.9348
target 123,DSC05316,3316.75,472.6941
target 123,DSC05317,3340.135,458.9182
target 123,DSC05318,3144.4514,503.267
target 123,DSC05319,3116.4458,523.7651
target 123,DSC05383,4098.459,1642.9468
target 123,DSC05384,4085.6387,2117.6814
target 123,DSC05385,4075.1926,2069.885
target 123,DSC05386,4077.0144,1854.0314
target 123,DSC05387,4076.9797,1820.4353
target 123,DSC05388,4073.3245,1675.7656
target 123,DSC05389,4067.3611,1738.2866
target 123,DSC05390,4066.8267,1710.0085
target 123,DSC05391,4061.8977,1890.1964
target 123,DSC05392,4069.4399,1944.0751
target 123,DSC05393,4061.0764,2272.6904
target 123,DSC05394,4063.3604,2312.5955
target 123,DSC05395,4064.5046,2304.7454
target 123,DSC05396,4067.8752,2275.6213
target 123,DSC05397,4072.6772,2423.084
target 123,DSC05398,4075.7363,2525.407
target 123,DSC05399,4068.6262,2725.104
target 123,DSC05400,4074.0837,2813.3271
target 123,DSC05401,4062.9253,2953.72
target 123,DSC05402,4071.7012,2907.5278
target 123,DSC05403,4085.0869,2770.2869
target 123,DSC05404,4084.1072,2848.8018
target 123,DSC05442,2962.2969,924.115
target 123,DSC05443,2927.8123,917.586
target 123,DSC05444,2722.3052,907.7659
target 123,DSC05445,2757.1094,915.1225
target 123,DSC05447,2992.2107,736.7592
target 123,DSC05448,2935.0581,679.1779
target 123,DSC05449,2930.9751,644.1764
target 123,DSC05450,2755.5767,626.2217
target 123,DSC05451,3123.5312,628.3111
target 123,DSC05452,2927.624,725.3664
target 123,DSC05453,3391.8262,786.2642
target 123,DSC05454,3318.1108,730.3469
target 123,DSC05455,3745.2061,745.7341
target 123,DSC05456,4275.522,787.9208
target 123,DSC05457,4090.4561,755.0289
target 123,DSC05458,4175.4468,754.5631
target 123,DSC05459,4254.1602,780.3241
target 123,DSC05460,4124.9263,756.2117
target 123,DSC05461,4280.6079,687.1446
target 123,DSC05462,4428.791,439.0359
target 123,DSC05480,4924.0742,1267.5542
target 123,DSC05481,4273.8364,1246.7549
target 123,DSC05482,4244.5122,1341.1342
target 123,DSC05483,3612.7498,1303.9969
target 123,DSC05484,3700.0371,1260.7184
target 123,DSC05485,3579.6829,1277.642
target 123,DSC05486,3342.5483,1324.2428
target 123,DSC05487,3140.2544,1335.5411
target 123,DSC05488,2948.6123,1300.7412
target 123,DSC05489,2767.6777,1305.4703
target 123,DSC05490,2755.7395,1277.7159
target 123,DSC05491,2554.3271,1251.9915
target 123,DSC05492,2442.0669,1219.3632
target 123,DSC05493,2492.3625,1164.6222
target 123,DSC05494,2411.2954,1115.3129
target 123,DSC05495,2566.2188,1076.424
target 123,DSC05496,2626.1809,1052.8785
target 123,DSC05497,2620.9812,1041.473
target 123,DSC05498,2773.7524,1000.4022
target 124,DSC05218,2990.7156,1743.5663
target 124,DSC05219,2985.0935,1859.3812
target 124,DSC05220,2984.8359,2011.874
target 124,DSC05221,2982.3062,2002.0687
target 124,DSC05222,2986.4353,1630.1912
target 124,DSC05224,2960.8743,2031.4946
target 124,DSC05225,2941.2341,2237.0425
target 124,DSC05226,2932.5767,2305.6931
target 124,DSC05227,2942.7512,1911.1587
target 124,DSC05228,2958.7351,2095.6877
target 124,DSC05229,2975.3184,2032.7529
target 124,DSC05230,2982.0879,1939.5203
target 124,DSC05231,2981.0046,2292.2996
target 124,DSC05232,2982.4854,2525.0278
target 124,DSC05233,2984.1973,2445.6604
target 124,DSC05234,2980.1001,2821.0239
target 124,DSC05235,2979.0405,2727.4844
target 124,DSC05236,3458.7043,3014.3779
target 124,DSC05237,3710.2415,3027.2056
target 124,DSC05238,3285.2605,3012.4663
target 124,DSC05239,3266.9143,3006.5947
target 124,DSC05240,3139.98,3016.5569
target 124,DSC05241,3774.8479,3032.9109
target 124,DSC05242,3186.3887,3024.728
target 124,DSC05243,2542.8835,2990.3196
target 124,DSC05244,2287.9626,2988.0981
target 124,DSC05282,3704.21,2420.1746
target 124,DSC05283,3696.9976,2342.0273
target 124,DSC05284,3706.406,2167.2837
target 124,DSC05285,3713.3689,1981.5793
target 124,DSC05286,3713.1038,2075.1824
target 124,DSC05287,3715.1687,2031.0223
target 124,DSC05288,3787.8684,2037.7582
target 124,DSC05289,3790.9451,1954.1558
target 124,DSC05290,3790.4753,2102.6846
target 124,DSC05291,3782.885,2153.3162
target 124,DSC05292,3772.1538,1960.9323
target 124,DSC05293,3773.0852,1812.7723
target 124,DSC05294,3775.0691,1623.8423
target 124,DSC05295,3776.4534,1422.7106
target 124,DSC05296,3758.5725,1450.2096
target 124,DSC05297,3832.9272,1476.0145
target 124,DSC05298,3843.0425,1484.368
target 124,DSC05299,3825.002,1525.8574
target 124,DSC05300,3797.385,1594.4801
target 124,DSC05301,3794.7671,1408.03
target 124,DSC05302,3768.7354,1439.3969
target 124,DSC05303,3744.2488,1401.2906
target 124,DSC05304,3664.9028,1352.1202
target 124,DSC05307,3742.0469,3131.353
target 124,DSC05308,3724.4058,3152.6829
target 124,DSC05309,3885.584,3169.1233
target 124,DSC05310,3837.3806,3200.3853
target 124,DSC05311,3315.7,3218.8838
target 124,DSC05312,3645.0969,3268.3123
target 124,DSC05313,3635.6248,3341.8879
target 124,DSC05314,3483.0129,3356.8506
target 124,DSC05315,3455.085,3406.8047
target 124,DSC05316,3193.0952,3382.7847
target 124,DSC05317,3222.6101,3371.1006
target 124,DSC05318,3058.8264,3320.8538
target 124,DSC05319,3044.656,3296.324
target 124,DSC05320,3186.3213,3256.9973
target 124,DSC05382,1282.8103,1584.5068
target 124,DSC05383,1307.1995,1610.3087
target 124,DSC05384,1330.7418,2008.6721
target 124,DSC05385,1359.7155,1958.7317
target 124,DSC05386,1363.1451,1759.4104
target 124,DSC05387,1380.399,1723.3534
target 124,DSC05388,1356.7035,1592.4882
target 124,DSC05389,1408.7701,1638.0087
target 124,DSC05390,1406.0531,1617.5865
target 124,DSC05391,1409.2816,1769.6348
target 124,DSC05392,1388.7994,1814.2344
target 124,DSC05393,1460.23,2100.1523
target 124,DSC05394,1389.4752,2134.5818
target 124,DSC05395,1368.4442,2130.7888
target 124,DSC05396,1340.7589,2105.2317
target 124,DSC05397,1356.1394,2238.8101
target 124,DSC05398,1348.4952,2330.5579
target 124,DSC05399,1363.2104,2512.2251
target 124,DSC05400,1379.4172,2595.45
target 124,DSC05444,2661.6208,3423.3953
target 124,DSC05445,2680.2771,3420.6147
target 124,DSC05447,2789.063,3443.0146
target 124,DSC05448,2751.803,3427.686
target 124,DSC05449,2732.5237,3408.4922
target 124,DSC05450,2611.3989,3232.2976
target 124,DSC05451,2858.0803,3248.2727
target 124,DSC05452,2783.3711,3252.1724
target 124,DSC05453,3146.8103,3338.2493
target 124,DSC05454,3062.5376,3266.011
target 124,DSC05455,3409.5061,3271.177
target 124,DSC05456,3796.1848,3388.8811
target 125,DSC05197,5706.4243,1775.1638
target 125,DSC05198,5737.1699,1659.1331
target 125,DSC05199,5780.4033,1831.6936
target 125,DSC05251,2184.8296,689.8846
target 125,DSC05252,2283.6169,775.5958
target 125,DSC05253,2453.2078,789.3203
target 125,DSC05260,1107.8475,2432.0598
target 125,DSC05261,1085.6934,2783.9907
target 125,DSC05262,1099.5272,2561.2976
target 125,DSC05263,1070.2208,2240.3167
target 125,DSC05264,1054.4087,2077.8218
target 125,DSC05265,1080.0243,2540.7766
target 125,DSC05266,1017.2236,3028.1382
target 125,DSC05267,893.301,2840.1938
target 125,DSC05334,2731.9629,526.0314
target 125,DSC05335,2574.3367,570.551
target 125,DSC05336,2783.1404,591.5837
target 125,DSC05337,2947.2253,586.0236
target 125,DSC05338,2825.5789,593.9409
target 125,DSC05339,2847.3889,600.3172
target 125,DSC05340,2770.0698,650.0699
target 125,DSC05341,2362.6895,679.6754
target 125,DSC05342,2844.2695,704.8643
target 125,DSC05343,2921.5564,710.9173
target 125,DSC05344,2756.5806,750.871
target 125,DSC05356,3330.1516,1231.7878
target 125,DSC05357,3324.4827,1138.6315
target 125,DSC05358,3331.4097,1529.6506
target 125,DSC05359,3329.1687,1342.3804
target 125,DSC05360,3350.1819,1371.2212
target 125,DSC05361,3350.8936,1445.4475
target 125,DSC05362,3355.6267,1549.5181
target 125,DSC05363,3338.5127,1838.2689
target 125,DSC05364,3967.9385,1827.3923
target 125,DSC05365,3965.543,1821.2572
target 125,DSC05366,3961.158,1517.2632
target 125,DSC05367,3944.9629,1677.5574
target 125,DSC05368,3985.3982,1654.6858
target 125,DSC05369,3973.2344,1687.1302
target 125,DSC05370,3966.449,1608.7784
target 125,DSC05371,3929.364,1573.3047
target 125,DSC05372,3958.5786,2167.4058
target 125,DSC05421,1466.1801,847.86
target 125,DSC05422,1914.2336,894.7757
target 125,DSC05423,2124.4863,896.3945
target 125,DSC05424,2187.0342,935.968
target 125,DSC05425,2306.0476,958.7302
target 125,DSC05426,2567.9221,1000.8431
target 125,DSC05427,2493.5867,1013.1761
target 125,DSC05428,2623.3364,1020.8214
target 125,DSC05429,2588.832,1006.0229
target 125,DSC05430,3184.8167,1027.1
target 125,DSC05431,3301.8501,988.7
target 125,DSC05432,4055.5496,1013.4787
target 125,DSC05433,2836.1707,938.8889
target 125,DSC05434,2913.2915,929.1595
target 125,DSC05435,3243.4543,1000.2534
target 125,DSC05478,1466.2377,129.1683
target 125,DSC05506,3291.8203,1194.3621
target 125,DSC05507,3275.9504,1213.8967
target 125,DSC05508,3313.9263,1250.9497
target 125,DSC05509,2835.3799,1279.5907
target 125,DSC05510,2860.7517,1379.2335
target 125,DSC05511,3055.0,1369.5616
target 125,DSC05512,3325.8662,1141.7244
target 125,DSC05513,3308.3333,1153.7424
target 125,DSC05514,2981.261,1178.8116
target 125,DSC05515,2842.1895,1193.988
target 125,DSC05516,3005.3896,1177.5325
target 125,DSC05517,2857.4285,1170.7013
target 125,DSC05518,2808.7188,1251.1863
target 125,DSC05519,2379.3506,1322.9453
target 125,DSC05520,2045.3154,1269.0894
target 125,DSC05521,1876.1765,1219.8118
target 125,DSC05522,1719.3879,1212.991
target 125,DSC05523,2044.2129,1142.329
target 125,DSC05524,1896.4834,1141.1458
target 125,DSC05525,1464.9221,1149.4675
target 126,DSC05196,3555.7422,3194.6599
target 126,DSC05197,3550.5308,3596.7522
target 126,DSC05198,3539.5063,3434.7786
target 126,DSC05199,3516.7219,3558.9297
target 126,DSC05200,3498.4109,3549.2402
target 126,DSC05201,3492.5605,3447.8635
target 126,DSC05202,3497.1011,3180.6919
target 126,DSC05203,3499.0593,2826.0366
target 126,DSC05204,2899.7515,2250.4387
target 126,DSC05249,4901.4521,3084.0305
target 126,DSC05250,4725.3223,3073.0815
target 126,DSC05251,4117.8247,3043.9556
target 126,DSC05252,4273.2095,3026.9431
target 126,DSC05253,4495.7041,3013.9695
target 126,DSC05254,4296.7559,3009.9614
target 126,DSC05255,3696.9021,1382.7815
target 126,DSC05256,3742.6848,827.1859
target 126,DSC05257,3815.856,462.8901
target 126,DSC05258,3777.5398,437.5952
target 126,DSC05260,3774.5234,186.7157
target 126,DSC05261,3715.1189,567.8879
target 126,DSC05262,3681.2173,395.8753
target 126,DSC05263,3648.2324,143.9568
target 126,DSC05265,3522.228,684.8678
target 126,DSC05266,3434.783,1260.2925
target 126,DSC05267,3515.5623,1026.3711
target 126,DSC05268,3475.8293,308.619
target 126,DSC05334,4339.1475,2966.9612
target 126,DSC05335,4250.3594,2980.5923
target 126,DSC05336,4564.5542,3034.5874
target 126,DSC05337,4864.8877,3092.0515
target 126,DSC05338,4872.2246,3154.0291
target 126,DSC05339,5024.8481,3238.616
target 126,DSC05340,4955.394,3248.3643
target 126,DSC05341,4557.4102,3267.98
target 126,DSC05342,5096.3213,3358.4316
target 126,DSC05343,5208.6357,3420.301
target 126,DSC05344,4945.5059,3393.9551
target 126,DSC05345,4819.5669,3392.0049
target 126,DSC05346,4830.0615,3478.7124
target 126,DSC05348,4494.3833,3494.217
target 126,DSC05349,4212.897,3466.5686
target 126,DSC05350,3870.0022,3448.9185
target 126,DSC05351,1329.6538,3924.8042
target 126,DSC05352,194.7717,3345.45
target 126,DSC05353,527.1114,3298.2109
target 126,DSC05354,640.4352,3066.031
target 126,DSC05355,695.6692,3227.2122
target 126,DSC05356,733.9225,3130.8176
target 126,DSC05357,734.7759,3133.9563
target 126,DSC05358,676.8885,3622.9937
target 126,DSC05359,799.57,3430.738
target 126,DSC05360,912.6032,3404.7517
target 126,DSC05361,922.4228,3447.3806
target 126,DSC05362,1157.6019,3278.6067
target 126,DSC05363,1219.678,3457.4424
target 126,DSC05364,1871.2701,3408.1667
target 126,DSC05365,1849.7632,3447.4106
target 126,DSC05366,1837.7222,3257.1086
target 126,DSC05367,1706.9902,3522.6021
target 126,DSC05368,1994.549,3098.8428
target 126,DSC05369,2040.6562,3025.5469
target 126,DSC05370,2096.6367,2870.9871
target 126,DSC05371,2114.3965,2849.2932
target 126,DSC05414,3549.8823,2238.2168
target 126,DSC05415,3689.1458,2279.5291
target 126,DSC05417,3721.9246,2232.6689
target 126,DSC05418,3928.4614,2273.5095
target 126,DSC05419,4064.5508,2145.3474
target 126,DSC05421,3306.0349,3463.7288
target 126,DSC05422,3870.4663,3637.4932
target 126,DSC05423,4080.9324,3607.1318
target 126,DSC05424,4244.2031,3610.9653
target 126,DSC05425,4375.2441,3591.2065
target 126,DSC05426,4661.7925,3649.5598
target 126,DSC05427,4554.9668,3537.4456
target 126,DSC05428,4523.3184,3375.8157
target 126,DSC05429,4359.1646,3239.7783
target 126,DSC05430,4773.9072,3270.4761
target 126,DSC05431,4626.2271,3006.1516
target 126,DSC05435,4188.4438,2879.6128
target 126,DSC05476,3918.5291,2809.4167
target 126,DSC05477,3889.7043,2579.4226
target 126,DSC05478,3901.7661,2537.5071
target 126,DSC05512,4778.9106,2810.866
target 126,DSC05513,4837.5854,2887.4146
target 126,DSC05514,4650.9331,2934.4448
target 126,DSC05515,4637.0547,3039.6824
target 126,DSC05516,4820.8945,3154.0198
target 126,DSC05517,4747.2974,3211.9294
target 126,DSC05518,4811.062,3431.0056
target 126,DSC05519,4544.9395,3489.1011
target 126,DSC05520,4271.7739,3444.9358
target 126,DSC05521,4119.0254,3430.2571
target 126,DSC05522,3997.5,3487.5798
target 126,DSC05523,4183.0815,3668.6887
target 126,DSC05524,4050.9011,3709.8855
target 126,DSC05525,3691.4778,3723.8206
target 127,DSC05268,3888.4778,3191.0166
target 127,DSC05269,3872.2319,3423.5618
target 127,DSC05270,3910.9629,3205.9353
target 127,DSC05271,3998.6533,3168.4636
target 127,DSC05272,4067.9321,3315.4197
target 127,DSC05273,4083.7102,2956.7783
target 127,DSC05274,4064.7739,2999.8333
target 127,DSC05275,4103.2812,3322.4126
target 127,DSC05276,4168.1992,3398.7329
target 127,DSC05277,4224.9976,3367.1548
target 127,DSC05278,4287.7642,3246.6953
target 127,DSC05279,4279.3882,3154.4199
target 127,DSC05280,4289.3569,2821.0557
target 127,DSC05281,4328.9141,3030.771
target 127,DSC05282,4402.5327,3015.0425
target 127,DSC05283,4408.3271,2820.8953
target 127,DSC05284,4437.2896,2533.76
target 127,DSC05285,4464.9399,2195.5371
target 127,DSC05286,4464.9741,2135.2585
target 127,DSC05287,4468.7422,2027.2026
target 127,DSC05288,4624.0312,1908.1946
target 127,DSC05289,4627.0581,1696.7963
target 127,DSC05290,4599.1641,1693.9214
target 127,DSC05291,4563.5303,1682.3866
target 127,DSC05292,4535.2222,1373.6046
target 127,DSC05293,4532.0713,1158.1104
target 127,DSC05294,4528.5928,879.5226
target 127,DSC05295,4533.0591,587.1921
target 127,DSC05296,4470.9307,589.2127
target 127,DSC05297,4593.7925,441.4357
target 127,DSC05298,4579.7603,385.0434
target 127,DSC05299,4477.0898,373.0079
target 127,DSC05300,4381.7729,418.7849
target 127,DSC05301,4354.2642,196.1258
target 127,DSC05302,4267.7837,241.0319
target 127,DSC05303,4189.271,221.6205
target 127,DSC05304,4049.5156,250.034
target 127,DSC05305,4722.8159,3385.3794
target 127,DSC05306,4798.2563,3477.4492
target 127,DSC05307,4781.5,3557.5
target 127,DSC05308,4769.5322,3641.658
target 127,DSC05309,4925.5728,3755.5691
target 127,DSC05310,4841.6987,3866.5967
target 127,DSC05311,4213.582,3899.4404
target 127,DSC05321,2751.8657,3842.5679
target 127,DSC05322,2384.6777,3783.4443
target 127,DSC05323,2386.6917,3690.375
target 127,DSC05324,2350.8096,3723.6667
target 127,DSC05325,1971.9803,3746.748
target 127,DSC05326,2043.0487,3670.6062
target 127,DSC05327,2076.6831,3614.3545
target 127,DSC05328,2168.8967,3526.3254
target 127,DSC05329,2384.1685,3492.2073
target 127,DSC05330,2197.5176,3465.4531
target 127,DSC05331,2260.0801,3364.5867
target 127,DSC05332,1871.6233,3358.2603
target 127,DSC05333,1642.9645,3375.4871
target 127,DSC05334,1982.6558,3271.4263
target 127,DSC05335,1914.4835,3253.8223
target 127,DSC05336,2200.188,3231.2798
target 127,DSC05337,2453.0095,3190.3269
target 127,DSC05338,2459.4707,3167.4707
target 127,DSC05339,2602.2634,3141.9517
target 127,DSC05340,2631.0,3103.4285
target 127,DSC05342,2882.0134,3064.446
target 127,DSC05343,3008.6287,3060.4285
target 127,DSC05358,1277.9375,1582.4911
target 127,DSC05359,1205.1302,1281.7185
target 127,DSC05360,1152.8458,1152.9888
target 127,DSC05361,1031.8125,1068.3313
target 127,DSC05362,1050.0769,983.1025
target 127,DSC05363,1096.0172,1220.4518
target 127,DSC05364,1751.5709,1257.6575
target 127,DSC05365,1811.6261,1321.6008
target 127,DSC05366,1894.7596,1214.1057
target 127,DSC05367,1935.0959,1505.9546
target 127,DSC05368,1752.3616,1012.0923
target 127,DSC05369,1727.376,977.0349
target 127,DSC05370,1716.3105,867.7879
target 127,DSC05371,1724.6732,885.3347
target 127,DSC05372,1553.5432,1290.0864
target 127,DSC05374,1136.8977,629.1409
target 127,DSC05375,1150.4808,844.2739
target 127,DSC05376,928.3204,646.5836
target 127,DSC05377,704.4052,514.2407
target 127,DSC05378,579.716,547.9298
target 127,DSC05379,438.468,616.1422
target 127,DSC05380,362.328,668.6259
target 127,DSC05381,232.2829,687.5698
target 127,DSC05382,184.4034,865.5876
target 127,DSC05383,179.2086,1017.2291
target 127,DSC05384,229.6211,1530.7904
target 127,DSC05385,249.1893,1609.6609
target 127,DSC05386,219.3489,1595.0265
target 127,DSC05387,249.8963,1702.8884
target 127,DSC05388,228.2785,1724.4877
target 127,DSC05389,347.1109,1885.3533
target 127,DSC05390,369.6571,1958.4703
target 127,DSC05391,399.4153,2213.7991
target 127,DSC05392,383.045,2335.554
target 127,DSC05393,498.2163,2643.4014
target 127,DSC05394,432.9886,2823.2632
target 127,DSC05395,455.1533,2914.9885
target 127,DSC05396,461.4258,2960.6653
target 127,DSC05397,518.7934,3150.47
target 127,DSC05398,532.9385,3287.26
target 127,DSC05399,582.7306,3510.4077
target 127,DSC05400,641.7094,3623.05
target 127,DSC05401,789.1208,3778.9299
target 127,DSC05402,814.3737,3772.2732
target 127,DSC05403,872.4402,3681.481
target 127,DSC05404,913.0225,3759.3877
target 127,DSC05405,5433.5552,2997.0137
target 127,DSC05406,5366.4473,2768.5686
target 127,DSC05408,5519.8052,2232.6504
target 127,DSC05409,5518.3774,2624.3328
target 127,DSC05410,4994.6411,2359.8726
target 127,DSC05411,5065.6826,2562.2375
target 127,DSC05412,4691.5645,2700.6667
target 127,DSC05413,4949.4575,3101.5725
target 127,DSC05414,871.6162,2327.8196
target 127,DSC05415,839.7415,2543.075
target 127,DSC05417,855.3202,2600.9985
target 127,DSC05418,1014.3182,2654.7698
target 127,DSC05419,1234.1123,2605.54
target 127,DSC05420,1525.7363,2607.4092
target 127,DSC05425,2423.2725,2905.5649
target 127,DSC05426,2477.968,3030.9114
target 127,DSC05427,2305.802,3091.7349
target 127,DSC05428,2220.5559,3155.5745
target 127,DSC05429,2052.3933,3202.7529
target 127,DSC05430,2408.8552,3246.9917
target 127,DSC05431,2459.2644,3104.449
target 127,DSC05432,2894.114,3175.0671
target 127,DSC05433,1924.1293,3188.2302
target 127,DSC05434,1901.7319,3239.0669
target 127,DSC05435,2059.4326,3410.6526
target 127,DSC05436,1926.5553,3493.2234
target 127,DSC05437,2088.1853,3608.7192
target 127,DSC05438,2073.0491,3949.7966
target 127,DSC05458,4695.9668,3825.2151
target 127,DSC05459,4831.96,3936.2058
target 127,DSC05460,4714.2949,3710.1611
target 127,DSC05461,4820.8057,3561.0037
target 127,DSC05462,4763.082,3430.0388
target 127,DSC05463,5674.5547,3239.4309
target 127,DSC05464,5839.0503,3632.5596
target 127,DSC05465,5454.8057,3651.1863
target 127,DSC05466,5484.1274,3666.2671
target 127,DSC05469,4711.9258,3732.7668
target 127,DSC05472,4723.8926,3738.4368
target 127,DSC05473,4993.8149,3906.9006
target 127,DSC05474,5303.5913,3453.8594
target 127,DSC05475,5080.0249,3156.4307
target 127,DSC05476,1515.5829,2508.4561
target 127,DSC05477,1324.7964,2743.1799
target 127,DSC05478,1242.3807,3077.9404
target 127,DSC05498,2328.2322,3892.8333
target 127,DSC05499,2279.4014,3713.2581
target 127,DSC05500,2363.1802,3507.158
target 127,DSC05501,2283.4148,3451.593
target 127,DSC05502,2419.6455,3221.5908
target 127,DSC05503,2387.012,3160.1184
target 127,DSC05504,2414.3733,3124.5977
target 127,DSC05505,2205.5906,3226.6765
target 127,DSC05506,2229.8318,3209.3591
target 127,DSC05507,2244.0667,3183.0381
target 127,DSC05508,2300.9407,3163.7986
target 127,DSC05509,2002.7294,3209.2339
target 127,DSC05510,2148.9119,3148.0686
target 127,DSC05512,2691.5127,2750.8418
target 127,DSC05513,2732.0,2742.8767
target 127,DSC05514,2562.9902,2756.1013
target 127,DSC05515,2546.8618,2748.8552
target 127,DSC05516,2727.8723,2707.3689
target 127,DSC05517,2696.032,2686.4646
target 127,DSC05518,2726.9697,2753.2449
target 127,DSC05519,2475.9968,2819.7419
target 127,DSC05520,2321.304,2757.4797
target 127,DSC05521,2262.4788,2700.8027
target 127,DSC05523,2542.1589,2613.8489
target 128,DSC05204,3588.2063,849.6984
target 128,DSC05205,3655.4187,1032.2032
target 128,DSC05207,3714.1099,1148.3174
target 128,DSC05208,3699.0593,1561.0248
target 128,DSC05247,3142.3474,2363.5916
target 128,DSC05260,2903.9597,1875.455
target 128,DSC05261,2909.3965,2233.0049
target 128,DSC05263,2906.7073,1863.8389
target 128,DSC05264,2919.3403,1742.64
target 128,DSC05265,2897.8083,2274.9551
target 128,DSC05266,2872.1897,2799.7043
target 128,DSC05267,2923.3677,2656.8225
target 128,DSC05268,2791.1343,2226.0273
target 128,DSC05269,2931.5444,2603.9753
target 128,DSC05270,2935.9768,2364.2488
target 128,DSC05271,2956.3118,2279.9604
target 128,DSC05273,2969.7295,2045.1647
target 128,DSC05274,2960.6196,2124.7112
target 128,DSC05275,2960.4832,2459.2034
target 128,DSC05329,3279.5232,2471.5232
target 128,DSC05330,3085.8865,2465.9495
target 128,DSC05331,3118.3489,2428.4143
target 128,DSC05332,2723.3879,2414.2451
target 128,DSC05333,2487.2292,2429.7888
target 128,DSC05334,2774.4822,2409.5784
target 128,DSC05336,2932.5952,2423.0986
target 128,DSC05337,3155.9854,2413.6294
target 128,DSC05338,3120.4338,2415.3391
target 128,DSC05339,3219.1597,2416.0806
target 128,DSC05341,2864.7356,2415.0159
target 128,DSC05342,3356.5222,2404.3025
target 128,DSC05343,3459.9824,2408.1487
target 128,DSC05344,3315.7559,2396.3806
target 128,DSC05358,1805.3687,2032.8868
target 128,DSC05359,1778.2238,1800.8462
target 128,DSC05361,1706.4508,1743.9755
target 128,DSC05362,1769.6825,1704.5913
target 128,DSC05363,1804.2695,1936.0144
target 128,DSC05364,2417.7852,1938.8702
target 128,DSC05365,2443.5381,1974.8644
target 128,DSC05366,2484.1514,1795.583
target 128,DSC05368,2454.0596,1707.6674
target 128,DSC05369,2453.8162,1684.2023
target 128,DSC05370,2464.8315,1575.9121
target 128,DSC05371,2464.9766,1568.3083
target 128,DSC05372,2330.814,2061.012
target 128,DSC05375,2206.0093,1686.0582
target 128,DSC05417,1606.6559,1719.2977
target 128,DSC05418,1819.7107,1763.1322
target 128,DSC05426,3029.3376,2592.4805
target 128,DSC05428,2892.5723,2618.9243
target 128,DSC05429,2768.3877,2611.5137
target 128,DSC05430,3185.6465,2648.002
target 128,DSC05431,3208.1206,2492.1072
target 129,DSC05219,5465.2275,1955.2371
target 129,DSC05220,5483.1924,2198.5037
target 129,DSC05221,5446.6328,2333.3005
target 129,DSC05222,5402.332,2042.9087
target 129,DSC05224,5184.6753,2558.1853
target 129,DSC05225,5043.0508,2795.0178
target 129,DSC05226,4908.0967,2896.4065
target 129,DSC05227,4919.8662,2563.3284
target 129,DSC05228,4999.4487,2805.0081
target 129,DSC05229,5015.5576,2773.554
target 129,DSC05230,4988.8101,2696.96
target 129,DSC05231,4982.1851,3042.7795
target 129,DSC05232,4947.3262,3260.1855
target 129,DSC05233,4906.3369,3165.0488
target 129,DSC05234,4895.0,3506.4343
target 129,DSC05235,4815.8364,3368.3691
target 129,DSC05236,4107.8579,1241.8903
target 129,DSC05237,4382.2808,1154.4091
target 129,DSC05238,4014.2004,1085.2709
target 129,DSC05239,3994.3064,981.0233
target 129,DSC05240,3806.7266,946.8766
target 129,DSC05241,4270.1606,841.9435
target 129,DSC05242,3638.5554,862.7491
target 129,DSC05243,2892.0044,735.4684
target 129,DSC05244,2513.3999,783.1334
target 129,DSC05282,1493.2632,2525.8196
target 129,DSC05283,1488.4296,2350.022
target 129,DSC05284,1478.2008,2074.7444
target 129,DSC05285,1462.1425,1764.0156
target 129,DSC05286,1481.9561,1769.5745
target 129,DSC05287,1483.2288,1681.1716
target 129,DSC05288,1410.9301,1586.9863
target 129,DSC05289,1408.8134,1424.3528
target 129,DSC05290,1435.9948,1510.6714
target 129,DSC05291,1462.3988,1542.4463
target 129,DSC05292,1466.5383,1284.5215
target 129,DSC05293,1466.5895,1096.9382
target 129,DSC05294,1467.4094,853.9577
target 129,DSC05295,1457.5363,592.3595
target 129,DSC05296,1497.4607,633.7885
target 129,DSC05297,1419.0524,564.4117
target 129,DSC05298,1430.9214,556.6855
target 129,DSC05299,1487.8724,615.5551
target 129,DSC05300,1511.0823,704.8418
target 129,DSC05301,1537.7546,513.3417
target 129,DSC05302,1574.5302,584.7466
target 129,DSC05303,1615.9739,586.6242
target 129,DSC05304,1680.1639,604.3525
target 129,DSC05305,4373.5967,1259.1882
target 129,DSC05306,4456.5508,1288.4447
target 129,DSC05307,4455.8423,1283.1693
target 129,DSC05308,4474.0195,1261.5724
target 129,DSC05309,4684.3481,1227.5632
target 129,DSC05310,4650.623,1193.1589
target 129,DSC05311,4075.5186,1191.9324
target 129,DSC05312,4442.1035,1155.5101
target 129,DSC05313,4455.6846,1118.9985
target 129,DSC05314,4234.5757,1112.6062
target 129,DSC05315,4096.6875,1092.8911
target 129,DSC05316,3690.4114,1110.9318
target 129,DSC05317,3565.8298,1095.4861
target 129,DSC05318,3231.2217,1123.8162
target 129,DSC05319,3113.4302,1138.2163
target 129,DSC05320,3124.4753,1157.3416
target 129,DSC05321,3269.3599,1174.0853
target 129,DSC05382,3167.5293,1365.5795
target 129,DSC05383,3177.9255,1507.5402
target 129,DSC05384,3181.5305,2066.7153
target 129,DSC05385,3190.4224,2108.4712
target 129,DSC05386,3200.928,2020.21
target 129,DSC05387,3215.5164,2073.8442
target 129,DSC05388,3216.7148,2021.0164
target 129,DSC05389,3240.9897,2138.9443
target 129,DSC05390,3248.7,2160.6897
target 129,DSC05391,3252.7021,2391.3452
target 129,DSC05392,3255.25,2486.4812
target 129,DSC05393,3273.1038,2814.8792
target 129,DSC05394,3260.9456,2927.8916
target 129,DSC05395,3265.4414,2959.8154
target 129,DSC05396,3266.5552,2960.4109
target 129,DSC05397,3281.0044,3123.7307
target 129,DSC05398,3284.9966,3240.6443
target 129,DSC05399,3289.9041,3445.1792
target 129,DSC05400,3304.6033,3534.7126
target 129,DSC05401,3322.8784,3653.3281
target 129,DSC05402,3327.9219,3607.3604
target 129,DSC05403,3342.8975,3463.6794
target 129,DSC05404,3346.0107,3524.3179
target 129,DSC05442,2607.9299,1898.4392
target 129,DSC05443,2640.052,1894.4749
target 129,DSC05444,2522.9917,1906.3138
target 129,DSC05445,2633.3108,1906.9421
target 129,DSC05447,2933.8081,1894.0178
target 129,DSC05448,2984.6216,1864.0095
target 129,DSC05449,3076.2935,1833.8513
target 129,DSC05450,2997.3054,1680.7943
target 129,DSC05451,3460.5664,1687.4252
target 129,DSC05452,3330.5259,1694.7694
target 129,DSC05453,3847.189,1770.2424
target 129,DSC05454,3851.4216,1678.8738
target 129,DSC05455,4370.8135,1652.5192
target 129,DSC05456,4959.5635,1726.7433
target 129,DSC05457,4762.4653,1616.6324
target 129,DSC05458,4819.064,1549.2373
target 129,DSC05459,4916.7007,1600.3021
target 129,DSC05460,4733.7896,1517.0865
target 129,DSC05461,4846.7129,1429.8435
target 129,DSC05462,5043.0654,1305.9441
target 129,DSC05469,5022.3628,998.8297
target 129,DSC05472,5042.3521,1002.7444
target 129,DSC05473,5509.2104,1081.1283
target 129,DSC05474,5785.5391,879.3203
target 129,DSC05475,5351.7861,747.5296
target 129,DSC05480,5636.6323,2193.6484
target 129,DSC05481,5010.0034,2148.2122
target 129,DSC05482,5014.3853,2349.3108
target 129,DSC05483,4389.1245,2309.2617
target 129,DSC05484,4434.5728,2289.3435
target 129,DSC05485,4289.8584,2354.1736
target 129,DSC05486,4048.8018,2448.1526
target 129,DSC05487,3825.512,2483.2734
target 129,DSC05488,3537.7998,2481.9209
target 129,DSC05489,3307.5242,2509.4927
target 129,DSC05490,3212.2563,2495.1001
target 129,DSC05491,2962.4451,2459.3872
target 129,DSC05492,2800.4912,2409.6223
target 129,DSC05493,2739.9175,2345.708
target 129,DSC05494,2563.8782,2275.8308
target 129,DSC05495,2653.5063,2218.6226
target 129,DSC05496,2626.2512,2177.9929
target 129,DSC05497,2534.4658,2162.0256
target 129,DSC05498,2573.2947,2090.4104
target 130,DSC05196,5281.5493,1775.0896
target 130,DSC05197,5287.3604,2222.7527
target 130,DSC05198,5284.3896,2133.7554
target 130,DSC05199,5291.5947,2341.7769
target 130,DSC05200,5263.2266,2420.8899
target 130,DSC05201,5293.5791,2433.5369
target 130,DSC05202,5339.7148,2278.9241
target 130,DSC05203,5430.5103,2001.505
target 130,DSC05204,4763.0327,1510.3196
target 130,DSC05205,4914.228,1825.976
target 130,DSC05207,5002.9736,2042.3508
target 130,DSC05208,4969.064,2470.4595
target 130,DSC05248,3822.7759,1079.058
target 130,DSC05249,3793.3093,1010.6263
target 130,DSC05250,3349.6201,1065.745
target 130,DSC05251,2604.1301,1089.3575
target 130,DSC05252,2606.2876,1098.0415
target 130,DSC05253,2742.2273,1082.9351
target 130,DSC05254,2662.4766,1166.7451
target 130,DSC05255,1875.3289,2815.7661
target 130,DSC05256,1850.1979,2320.5251
target 130,DSC05257,1770.7904,2142.0095
target 130,DSC05258,1741.4243,2139.3723
target 130,DSC05260,1685.5135,1927.09
target 130,DSC05261,1687.4703,2244.4666
target 130,DSC05262,1699.9094,2003.2943
target 130,DSC05263,1695.3058,1628.8103
target 130,DSC05264,1691.4346,1436.917
target 130,DSC05265,1734.5305,1911.8821
target 130,DSC05266,1713.4771,2374.9541
target 130,DSC05267,1662.2788,2130.5251
target 130,DSC05268,1113.5914,1355.4542
target 130,DSC05269,1803.9675,1862.1038
target 130,DSC05270,1767.6143,1561.605
target 130,DSC05271,1725.2886,1400.9955
target 130,DSC05272,1724.3093,1489.9214
target 130,DSC05329,4207.5254,1273.1045
target 130,DSC05330,3960.4719,1272.6072
target 130,DSC05331,3939.552,1271.0236
target 130,DSC05332,3475.7102,1247.1906
target 130,DSC05333,3174.4675,1236.3273
target 130,DSC05334,3402.6472,1266.7572
target 130,DSC05335,3240.1306,1290.1971
target 130,DSC05336,3453.2078,1294.7963
target 130,DSC05337,3619.7666,1277.6444
target 130,DSC05338,3486.0454,1275.6676
target 130,DSC05339,3486.7642,1269.6191
target 130,DSC05340,3365.6938,1289.1771
target 130,DSC05341,2917.8706,1308.7567
target 130,DSC05342,3363.3271,1307.8162
target 130,DSC05343,3417.2029,1307.5823
target 130,DSC05344,3203.6584,1327.7634
target 130,DSC05345,3096.4976,1337.8165
target 130,DSC05346,3078.9514,1337.7678
target 130,DSC05348,2846.6006,1327.6195
target 130,DSC05352,2451.6084,1820.8875
target 130,DSC05353,2698.9661,1814.4916
target 130,DSC05354,2691.7913,1569.228
target 130,DSC05355,2719.6812,1729.0398
target 130,DSC05356,2697.7007,1588.8488
target 130,DSC05357,2667.4893,1554.652
target 130,DSC05358,2649.531,2008.7029
target 130,DSC05359,2633.5217,1888.7462
target 130,DSC05360,2642.6311,1973.6106
target 130,DSC05361,2612.144,2104.001
target 130,DSC05362,2660.8787,2190.03
target 130,DSC05363,2673.0879,2454.3245
target 130,DSC05364,3281.4182,2457.437
target 130,DSC05365,3287.5212,2436.2883
target 130,DSC05366,3302.7207,2106.5071
target 130,DSC05367,3287.3892,2234.4199
target 130,DSC05368,3316.1453,2266.9705
target 130,DSC05369,3318.4409,2281.146
target 130,DSC05370,3327.6338,2186.6399
target 130,DSC05371,3315.1541,2146.3994
target 130,DSC05372,3249.9148,2791.7341
target 130,DSC05373,3215.1013,1751.6772
target 130,DSC05374,3241.8884,2365.241
target 130,DSC05375,3248.4495,2598.3015
target 130,DSC05414,1556.1818,308.1869
target 130,DSC05415,1873.1851,387.9706
target 130,DSC05417,2074.52,383.2259
target 130,DSC05418,2452.2505,411.4403
target 130,DSC05419,2929.9277,346.7278
target 130,DSC05420,3484.5332,351.6225
target 130,DSC05421,1810.5785,1586.814
target 130,DSC05422,2309.804,1677.9199
target 130,DSC05423,2550.7341,1682.1082
target 130,DSC05424,2698.3198,1751.1781
target 130,DSC05425,2862.8484,1784.1594
target 130,DSC05426,3209.343,1877.8091
target 130,DSC05427,3188.0815,1889.9365
target 130,DSC05428,3351.5779,1880.1981
target 130,DSC05429,3330.7729,1852.0388
target 130,DSC05430,3910.3923,1886.0071
target 130,DSC05431,3931.1765,1743.1018
target 130,DSC05432,4654.0483,1808.6426
target 130,DSC05433,3445.7202,1647.7853
target 130,DSC05434,3511.0239,1653.7789
target 130,DSC05435,3834.6978,1761.678
target 130,DSC05436,3679.4756,1756.8567
target 130,DSC05437,3927.9827,1823.0394
target 130,DSC05438,4082.9365,1897.8055
target 130,DSC05476,2062.7371,1192.7529
target 130,DSC05477,2446.1404,1205.1172
target 130,DSC05478,2802.0283,1316.7832
target 130,DSC05504,3970.9966,1547.0105
target 130,DSC05505,3759.7896,1656.3142
target 130,DSC05506,3805.2607,1705.835
target 130,DSC05507,3825.6538,1745.9017
target 130,DSC05508,3905.6672,1815.3253
target 130,DSC05509,3505.9128,1838.3826
target 130,DSC05510,3608.114,2027.4767
target 130,DSC05511,3802.5405,2069.9104
target 130,DSC05512,3990.0608,1857.0558
target 130,DSC05513,3981.9104,1891.1486
target 130,DSC05514,3681.405,1923.9722
target 130,DSC05515,3554.8694,1970.1527
target 130,DSC05516,3692.0322,1986.5991
target 130,DSC05517,3534.9319,1990.932
target 130,DSC05518,3500.6091,2128.3086
target 130,DSC05519,3114.885,2212.1965
target 130,DSC05520,2756.6187,2138.6477
target 130,DSC05521,2556.8069,2081.6377
target 130,DSC05522,2375.9976,2083.4949
target 130,DSC05523,2591.4944,2046.1422
target 130,DSC05524,2425.7568,2050.0762
target 130,DSC05525,1985.8538,2056.9897
target 131,DSC05221,2880.261,1083.7246
target 131,DSC05222,2896.4692,606.6043
target 131,DSC05224,2892.0095,826.2644
target 131,DSC05225,2883.3333,977.807
target 131,DSC05226,2889.5874,987.5397
target 131,DSC05227,2919.4016,462.1508
target 131,DSC05228,2944.0662,511.7052
target 131,DSC05229,2975.9236,353.8355
target 131,DSC05230,3002.2781,180.9007
target 131,DSC05231,3005.7078,542.7469
target 131,DSC05232,3026.5994,787.8692
target 131,DSC05233,3049.1677,712.0246
target 131,DSC05234,3056.6501,1173.4554
target 131,DSC05235,3082.3264,1189.7574
target 131,DSC05236,1802.6941,2905.4148
target 131,DSC05237,1992.019,2960.7065
target 131,DSC05238,1543.3436,2955.3855
target 131,DSC05239,1577.7251,2969.3831
target 131,DSC05240,1644.521,3004.0149
target 131,DSC05241,2482.0271,3060.4707
target 131,DSC05242,2081.532,3056.468
target 131,DSC05243,1724.2422,3039.9922
target 131,DSC05284,3473.3877,2816.5449
target 131,DSC05285,3488.658,2761.228
target 131,DSC05286,3516.5559,2972.9197
target 131,DSC05287,3525.7419,2977.1274
target 131,DSC05288,3594.9426,3121.0051
target 131,DSC05289,3614.3818,3128.4045
target 131,DSC05290,3658.3918,3396.4614
target 131,DSC05291,3675.4568,3492.0503
target 131,DSC05292,3681.7666,3365.1768
target 131,DSC05293,3688.7659,3252.9146
target 131,DSC05294,3699.5212,3112.4243
target 131,DSC05295,3706.8096,2959.699
target 131,DSC05296,3716.0867,2994.6982
target 131,DSC05297,3828.2661,3192.1201
target 131,DSC05298,3874.7515,3254.9714
target 131,DSC05299,3931.0369,3334.0867
target 131,DSC05300,3969.7427,3423.9824
target 131,DSC05301,3991.1272,3214.9102
target 131,DSC05302,4016.7708,3210.6965
target 131,DSC05303,4037.3577,3102.7949
target 131,DSC05304,3957.0417,2892.6121
target 131,DSC05305,2405.6814,3410.2549
target 131,DSC05306,2397.678,3418.1731
target 131,DSC05307,2288.6411,3406.4922
target 131,DSC05308,2209.6912,3363.1199
target 131,DSC05309,2349.0125,3272.9514
target 131,DSC05310,2284.9211,3238.7512
target 131,DSC05311,1759.0096,3251.918
target 131,DSC05312,2135.5369,3188.8494
target 131,DSC05313,2127.7188,3196.4883
target 131,DSC05314,2067.9434,3159.8301
target 131,DSC05315,2176.7776,3134.3938
target 131,DSC05316,2073.4412,3084.5244
target 131,DSC05317,2300.0225,3014.6741
target 131,DSC05318,2318.7222,2960.2407
target 131,DSC05384,1947.9247,1444.3494
target 131,DSC05385,1933.3695,1292.0
target 131,DSC05386,1871.2142,933.1031
target 131,DSC05387,1833.36,785.8267
target 131,DSC05388,1742.233,521.4424
target 131,DSC05389,1734.1526,492.9883
target 131,DSC05390,1680.3627,396.8004
target 131,DSC05391,1647.1339,482.6102
target 131,DSC05392,1594.5789,463.6326
target 131,DSC05393,1672.0,777.5
target 131,DSC05394,1526.5721,688.9859
target 131,DSC05395,1425.8352,607.9931
target 131,DSC05396,1325.8716,516.3386
target 131,DSC05397,1292.6147,630.767
target 131,DSC05398,1244.5806,701.0973
target 131,DSC05399,1225.0365,890.5815
target 131,DSC05400,1190.0803,975.596
target 131,DSC05401,1149.3223,1158.7263
target 131,DSC05402,983.1989,1106.6451
target 131,DSC05403,774.7433,1006.5952
target 131,DSC05404,669.0955,1137.2639
target 131,DSC05405,2921.9163,3594.3345
target 131,DSC05406,3150.624,3472.4563
target 131,DSC05409,3189.1611,3170.4937
target 131,DSC05410,2788.7246,2719.6829
target 131,DSC05411,2602.9363,2634.9958
target 131,DSC05412,2050.7612,2793.1389
target 131,DSC05413,2110.7778,2693.8621
target 131,DSC05447,2199.7317,2705.6584
target 131,DSC05448,2042.2864,2719.6262
target 131,DSC05449,1913.5082,2737.6968
target 131,DSC05450,1703.1104,2701.9192
target 131,DSC05451,1825.3313,2745.771
target 131,DSC05452,1694.8182,2863.1421
target 131,DSC05453,1995.125,2941.1042
target 131,DSC05454,1793.6322,2985.0066
target 131,DSC05455,2012.4314,3132.5649
target 131,DSC05456,2306.7344,3300.3188
target 131,DSC05457,2182.8342,3388.0984
target 131,DSC05458,2334.1116,3495.6155
target 131,DSC05459,2347.9966,3892.9084
target 131,DSC05460,2398.4507,3924.9944
target 131,DSC05461,2638.3313,3897.1206
target 131,DSC05462,2476.8967,3894.894
target 131,DSC05463,3032.0161,3729.96
target 131,DSC05464,2838.4351,3684.332
target 131,DSC05465,2433.3208,3461.0547
target 131,DSC05466,2440.8503,3466.1289
target 131,DSC05469,1791.7559,3805.4656
target 131,DSC05472,1804.0897,3798.8442
target 131,DSC05473,2064.1958,3586.1267
target 131,DSC05474,2665.0576,3506.8828
target 131,DSC05475,2716.2905,3738.9231
target 131,DSC05480,2760.3059,3883.9917
target 131,DSC05481,2323.0496,3891.957
target 131,DSC05482,2226.6418,3841.6558
target 131,DSC05483,1841.0018,3731.3562
target 131,DSC05484,1952.0244,3539.4065
target 131,DSC05485,1899.8547,3446.0684
target 131,DSC05486,1760.1157,3442.2639
target 131,DSC05487,1662.165,3397.7119
target 131,DSC05488,1660.4711,3202.0317
target 131,DSC05489,1609.3773,3140.23
target 131,DSC05490,1699.0643,3015.2356
target 131,DSC05491,1631.4758,2949.5242
target 131,DSC05492,1619.0929,2876.7478
target 131,DSC05493,1781.1289,2728.8918
target 131,DSC05494,1844.858,2614.7346
target 131,DSC05496,2172.4807,2455.5769
target 132,DSC05227,3093.0322,977.9941
target 132,DSC05228,3126.6252,1089.5
target 132,DSC05229,3161.7053,984.7715
target 132,DSC05230,3188.4688,865.7793
target 132,DSC05231,3193.3799,1232.3149
target 132,DSC05232,3212.4141,1496.9664
target 132,DSC05233,3231.9546,1442.8018
target 132,DSC05234,3238.4685,1883.6
target 132,DSC05235,3254.9443,1878.9751
target 132,DSC05236,2537.7527,2734.8137
target 132,DSC05237,2687.332,2786.0095
target 132,DSC05238,2222.6101,2782.1506
target 132,DSC05239,2203.6506,2792.8472
target 132,DSC05284,3403.8577,2639.9473
target 132,DSC05285,3414.7092,2541.9053
target 132,DSC05286,3433.781,2712.6909
target 132,DSC05287,3439.9556,2699.9451
target 132,DSC05288,3501.2874,2799.2319
target 132,DSC05289,3513.7927,2772.7205
target 132,DSC05290,3540.9575,2990.7778
target 132,DSC05291,3549.5518,3065.1292
target 132,DSC05292,3549.5432,2909.5374
target 132,DSC05293,3553.6409,2782.0747
target 132,DSC05294,3560.4155,2619.5686
target 132,DSC05295,3564.1172,2444.4673
target 132,DSC05296,3565.1851,2469.1877
target 132,DSC05297,3649.5476,2593.9307
target 132,DSC05298,3678.4036,2624.2974
target 132,DSC05299,3702.4805,2662.5554
target 132,DSC05300,3710.2539,2720.2793
target 132,DSC05301,3721.2783,2507.3713
target 132,DSC05302,3722.7051,2497.6436
target 132,DSC05303,3722.2778,2398.9932
target 132,DSC05304,3650.3354,2246.46
target 132,DSC05305,2965.2849,3091.8164
target 132,DSC05306,2971.6736,3121.3459
target 132,DSC05307,2880.0972,3130.5261
target 132,DSC05308,2807.2693,3117.0913
target 132,DSC05309,2927.3713,3074.5596
target 132,DSC05310,2848.5242,3066.2014
target 132,DSC05311,2317.0503,3080.4019
target 132,DSC05312,2651.2161,3058.7354
target 132,DSC05313,2628.6448,3084.8281
target 132,DSC05314,2523.9233,3066.1365
target 132,DSC05315,2568.573,3063.8521
target 132,DSC05316,2407.5684,3025.4519
target 132,DSC05317,2563.1736,2973.8523
target 132,DSC05318,2523.0957,2925.2659
target 132,DSC05319,2592.0825,2896.3435
target 132,DSC05320,2859.5598,2850.5747
target 132,DSC05384,1890.7823,1593.9941
target 132,DSC05385,1885.6697,1474.7678
target 132,DSC05386,1841.5,1168.5537
target 132,DSC05387,1819.0568,1061.0057
target 132,DSC05388,1748.9838,845.486
target 132,DSC05389,1757.8347,849.7232
target 132,DSC05390,1720.75,784.4609
target 132,DSC05391,1700.0432,900.072
target 132,DSC05392,1659.5336,908.4966
target 132,DSC05393,1731.4353,1215.9028
target 132,DSC05394,1615.9382,1182.108
target 132,DSC05395,1546.1139,1140.9695
target 132,DSC05396,1475.475,1084.9225
target 132,DSC05397,1460.0486,1215.9757
target 132,DSC05398,1428.526,1302.3392
target 132,DSC05399,1421.7864,1497.7113
target 132,DSC05400,1407.7209,1592.2209
target 132,DSC05401,1405.8665,1777.0319
target 132,DSC05402,1300.321,1750.5648
target 132,DSC05403,1177.6324,1671.2184
target 132,DSC05404,1120.5653,1794.8937
target 132,DSC05405,3584.7776,3020.9663
target 132,DSC05406,3729.8025,2881.646
target 132,DSC05409,3774.657,2645.5876
target 132,DSC05410,3332.0,2292.5
target 132,DSC05411,3209.9619,2280.9673
target 132,DSC05412,2700.3171,2420.4956
target 132,DSC05413,2788.8723,2437.0852
target 132,DSC05447,2360.2261,2816.3333
target 132,DSC05448,2239.3181,2823.0544
target 132,DSC05449,2147.0454,2832.2651
target 132,DSC05450,1972.0752,2759.6699
target 132,DSC05451,2143.7131,2795.6912
target 132,DSC05452,2033.4271,2880.3699
target 132,DSC05453,2359.6753,2960.135
target 132,DSC05454,2211.6189,2968.1436
target 132,DSC05455,2499.0422,3066.8064
target 132,DSC05456,2843.4102,3216.2957
target 132,DSC05457,2744.2583,3233.2705
target 132,DSC05458,2901.4417,3271.0798
target 132,DSC05459,2956.9297,3566.9241
target 132,DSC05460,2973.7395,3537.446
target 132,DSC05461,3180.2104,3480.4902
target 132,DSC05462,3044.1343,3459.1614
target 132,DSC05463,3663.5969,3231.7437
target 132,DSC05464,3572.2283,3284.2605
target 132,DSC05465,3160.5989,3131.0493
target 132,DSC05466,3174.6292,3136.47
target 132,DSC05469,2503.3735,3417.884
target 132,DSC05472,2515.5884,3414.6233
target 132,DSC05473,2763.5823,3301.9189
target 132,DSC05474,3314.0364,3145.1982
target 132,DSC05475,3305.4558,3233.0349
target 132,DSC05480,3329.2629,3695.0098
target 132,DSC05481,2884.2188,3686.8398
target 132,DSC05482,2786.1123,3705.5737
target 132,DSC05483,2372.9802,3613.9485
target 132,DSC05484,2456.3,3465.3652
target 132,DSC05485,2379.657,3409.1055
target 132,DSC05486,2222.7253,3426.9929
target 132,DSC05487,2104.5293,3399.344
target 132,DSC05488,2047.9186,3244.6743
target 132,DSC05489,1967.2115,3200.9744
target 132,DSC05490,2020.1277,3098.6606
target 132,DSC05491,1926.9426,3038.8196
target 132,DSC05492,1892.262,2970.5762
target 132,DSC05493,2013.1517,2838.6011
target 133,DSC05218,3985.4116,2225.0576
target 133,DSC05219,3963.1396,2287.147
target 133,DSC05220,3960.7739,2381.9524
target 133,DSC05221,3940.032,2280.9187
target 133,DSC05222,3931.1057,1876.4014
target 133,DSC05224,3861.9502,2117.9155
target 133,DSC05226,3779.6035,2236.8965
target 133,DSC05227,3813.7988,1808.249
target 133,DSC05232,3956.1526,2073.2014
target 133,DSC05240,3091.0525,2069.8501
target 133,DSC05242,3358.4199,2088.0613
target 133,DSC05243,2929.2063,2033.3375
target 133,DSC05244,2780.7678,2045.8483
target 133,DSC05282,2570.7458,1976.3442
target 133,DSC05283,2565.9106,1943.2152
target 133,DSC05284,2566.6819,1807.7443
target 133,DSC05285,2563.5625,1676.1875
target 133,DSC05286,2569.5347,1836.1434
target 133,DSC05287,2570.3787,1816.6339
target 133,DSC05288,2574.1367,1862.0972
target 133,DSC05289,2571.8164,1828.1431
target 133,DSC05293,2569.425,1872.1826
target 133,DSC05316,3353.4661,2096.8774
target 133,DSC05317,3494.4194,2091.6379
target 133,DSC05318,3400.1184,2085.9443
target 133,DSC05319,3433.8999,2084.5913
target 133,DSC05320,3650.5579,2082.9639
target 133,DSC05382,2552.6023,2103.5474
target 133,DSC05383,2580.7849,2075.886
target 133,DSC05384,2586.8069,2449.574
target 133,DSC05387,2649.2451,1951.4722
target 133,DSC05398,2629.4727,2047.0492
target 133,DSC05444,3147.3264,2286.9958
target 133,DSC05445,3127.0664,2273.563
target 133,DSC05447,3256.6895,2211.7275
target 133,DSC05487,2916.4265,2398.436
target 133,DSC05488,2874.5242,2345.9089
target 133,DSC05489,2793.9907,2344.3938
target 133,DSC05494,2786.5989,2145.6511
target 133,DSC05495,2939.4131,2112.5498
target 133,DSC05496,3035.4436,2098.6128
target 133,DSC05497,3088.3889,2103.8418
target 134,DSC05255,4006.7197,1784.178
target 134,DSC05256,4056.5535,1256.52
target 134,DSC05257,4164.6948,919.6821
target 134,DSC05258,4138.8887,864.5153
target 134,DSC05260,4157.0425,584.9859
target 134,DSC05261,4097.0835,919.8422
target 134,DSC05262,4054.7595,722.7759
target 134,DSC05263,4018.9553,418.1225
target 134,DSC05264,4021.2668,238.9023
target 134,DSC05265,3864.4727,871.9163
target 134,DSC05266,3763.448,1405.4056
target 134,DSC05267,3871.668,1154.264
target 134,DSC05334,4245.9639,3340.4773
target 134,DSC05335,4137.3154,3351.2961
target 134,DSC05336,4427.8447,3417.1792
target 134,DSC05337,4689.1704,3485.5466
target 134,DSC05338,4650.7856,3555.5264
target 134,DSC05339,4749.0571,3649.4495
target 134,DSC05340,4649.4189,3648.8936
target 134,DSC05341,4227.8374,3666.8162
target 134,DSC05342,4710.2554,3751.2634
target 134,DSC05343,4787.7456,3811.26
target 134,DSC05344,4522.3442,3770.0144
target 134,DSC05345,4390.0073,3760.166
target 134,DSC05346,4356.0181,3836.752
target 134,DSC05348,4003.47,3824.6794
target 134,DSC05349,3734.3513,3779.3821
target 134,DSC05350,3408.752,3743.3223
target 134,DSC05351,1045.3622,3398.8022
target 134,DSC05353,251.6515,2840.5789
target 134,DSC05354,332.4525,2636.2192
target 134,DSC05355,386.6033,2802.0913
target 134,DSC05356,388.1955,2727.3682
target 134,DSC05357,358.0895,2749.0811
target 134,DSC05358,280.9214,3246.1685
target 134,DSC05359,379.7665,3110.6323
target 134,DSC05360,482.623,3137.9788
target 134,DSC05361,470.7049,3224.8296
target 134,DSC05362,742.7641,3122.0342
target 134,DSC05363,819.5596,3320.9834
target 134,DSC05364,1508.2159,3262.9658
target 134,DSC05365,1492.1604,3278.4067
target 134,DSC05366,1492.0162,3046.76
target 134,DSC05367,1360.6869,3258.0483
target 134,DSC05368,1648.1996,2986.4866
target 134,DSC05369,1702.2549,2936.2207
target 134,DSC05371,1790.3667,2780.3833
target 134,DSC05414,3292.1697,2703.3606
target 134,DSC05415,3468.6179,2769.6289
target 134,DSC05417,3528.2952,2722.3108
target 134,DSC05421,2917.9275,3715.8408
target 134,DSC05422,3454.2883,3905.4128
target 134,DSC05423,3669.2825,3883.5969
target 134,DSC05424,3850.1018,3922.7578
target 134,DSC05425,3998.8289,3920.8606
target 134,DSC05427,4246.5024,3921.1575
target 134,DSC05428,4278.0688,3770.1746
target 134,DSC05429,4160.5146,3636.1284
target 134,DSC05452,2414.6111,2763.5278
target 134,DSC05453,2688.0,2833.5
target 134,DSC05454,2451.5476,2814.8015
target 134,DSC05476,3603.4392,3228.887
target 134,DSC05477,3680.2109,3024.1316
target 134,DSC05513,4622.3516,3229.2419
target 134,DSC05514,4426.5449,3276.4653
target 134,DSC05515,4385.2485,3378.1226
target 134,DSC05516,4532.4585,3478.4585
target 134,DSC05517,4441.3257,3526.811
target 134,DSC05518,4471.3638,3743.9988
target 134,DSC05519,4208.5171,3812.4133
target 134,DSC05520,3934.8064,3755.6194
target 134,DSC05521,3776.8298,3727.6414
target 134,DSC05522,3644.0725,3772.4431
target 134,DSC05523,3784.1431,3902.3582
target 134,DSC05524,3649.0874,3933.4951
target 135,DSC05249,3781.6511,3092.6628
target 135,DSC05251,2313.3394,3066.0579
target 135,DSC05255,3680.6223,2885.813
target 135,DSC05256,3691.8169,2408.3804
target 135,DSC05257,3788.9509,2241.9062
target 135,DSC05258,3814.9634,2238.5732
target 135,DSC05260,3877.3367,2034.6655
target 135,DSC05261,3889.5044,2331.4436
target 135,DSC05262,3865.7046,2095.0623
target 135,DSC05263,3874.4023,1727.8239
target 135,DSC05264,3900.3508,1526.4218
target 135,DSC05265,3817.9463,1975.8276
target 135,DSC05266,3777.7202,2406.3931
target 135,DSC05267,3913.9316,2165.2815
target 135,DSC05268,4088.6394,1420.0397
target 135,DSC05269,3775.0537,1845.8785
target 135,DSC05270,3807.7891,1543.6445
target 135,DSC05271,3873.9497,1378.9497
target 135,DSC05272,3882.01,1450.5739
target 135,DSC05327,3946.5061,3448.6863
target 135,DSC05328,3992.541,3445.2949
target 135,DSC05329,4206.1665,3509.0803
target 135,DSC05330,3955.2227,3509.2737
target 135,DSC05331,3910.1392,3459.5034
target 135,DSC05332,3457.9761,3445.8142
target 135,DSC05333,3162.6909,3495.4221
target 135,DSC05334,3355.4009,3459.6313
target 135,DSC05335,3193.1641,3452.7031
target 135,DSC05336,3399.5073,3480.4417
target 135,DSC05337,3549.5625,3494.4709
target 135,DSC05338,3401.585,3512.3633
target 135,DSC05339,3385.8604,3529.8352
target 135,DSC05340,3266.7322,3484.5449
target 135,DSC05341,2830.3918,3487.5
target 135,DSC05342,3254.9075,3459.2317
target 135,DSC05343,3301.3704,3463.1873
target 135,DSC05344,3094.4753,3412.4509
target 135,DSC05345,2991.5,3388.5535
target 135,DSC05346,2970.55,3380.3547
target 135,DSC05348,2738.1106,3305.3987
target 135,DSC05349,2568.5029,3253.9124
target 135,DSC05350,2362.8875,3209.8245
target 135,DSC05351,1670.9514,2240.199
target 135,DSC05352,594.3897,1701.2344
target 135,DSC05353,896.9626,1704.6663
target 135,DSC05354,868.5836,1463.265
target 135,DSC05355,899.9726,1607.8812
target 135,DSC05356,804.6907,1467.9954
target 135,DSC05357,694.1135,1433.4117
target 135,DSC05358,601.5656,1869.9093
target 135,DSC05359,535.0717,1764.4093
target 135,DSC05360,509.2802,1853.3307
target 135,DSC05361,385.485,1986.2993
target 135,DSC05362,563.9445,2093.5576
target 135,DSC05363,653.712,2365.4688
target 135,DSC05364,1359.8467,2353.1819
target 135,DSC05365,1393.2739,2319.6189
target 135,DSC05366,1457.6794,2009.7764
target 135,DSC05367,1437.5742,2121.9456
target 135,DSC05368,1453.4445,2186.4868
target 135,DSC05369,1487.6527,2212.511
target 135,DSC05370,1537.7589,2137.8706
target 135,DSC05371,1566.1987,2122.2449
target 135,DSC05372,1271.0988,2694.4045
target 135,DSC05373,1164.5188,1809.3722
target 135,DSC05374,1240.9675,2363.0369
target 135,DSC05375,1258.1346,2579.436
target 135,DSC05376,1200.58,2482.8201
target 135,DSC05377,1144.5811,2443.3865
target 135,DSC05378,1176.5068,2487.7261
target 135,DSC05414,1900.2933,3046.1997
target 135,DSC05415,2145.7034,3253.2302
target 135,DSC05417,2288.6282,3249.998
target 135,DSC05418,2539.4805,3329.1497
target 135,DSC05419,2864.9023,3174.8042
target 135,DSC05420,3235.9067,3182.2444
target 135,DSC05421,1820.4943,3303.1211
target 135,DSC05422,2267.9631,3471.4695
target 135,DSC05423,2464.1809,3480.6785
target 135,DSC05424,2589.3765,3614.6946
target 135,DSC05425,2727.6189,3675.0471
target 135,DSC05426,3006.9685,3863.7026
target 135,DSC05427,2996.9155,3900.3174
target 135,DSC05428,3146.1562,3891.5828
target 135,DSC05429,3134.5374,3859.272
target 135,DSC05430,3624.7183,3918.3196
target 135,DSC05431,3680.1355,3605.1626
target 135,DSC05432,4271.0015,3728.1775
target 135,DSC05433,3298.5767,3463.292
target 135,DSC05434,3341.4341,3493.8076
target 135,DSC05435,3611.1338,3685.4473
target 135,DSC05436,3513.6003,3662.5149
target 135,DSC05437,3739.0149,3770.374
target 135,DSC05438,3902.8293,3934.7712
target 135,DSC05439,3957.7166,3789.4111
target 135,DSC05476,2236.1694,3408.9292
target 135,DSC05477,2525.5754,3467.0078
target 135,DSC05478,2811.8484,3643.3948
target 135,DSC05499,3599.1477,2982.5569
target 135,DSC05500,3753.2383,2996.0889
target 135,DSC05501,3692.1924,3005.3718
target 135,DSC05502,3840.1963,3008.4629
target 135,DSC05503,3798.7429,2998.9143
target 135,DSC05504,3827.01,3030.8154
target 135,DSC05505,3649.0449,3170.3091
target 135,DSC05506,3673.1787,3234.6865
target 135,DSC05507,3678.0449,3287.4622
target 135,DSC05508,3724.4038,3377.6213
target 135,DSC05509,3416.9844,3407.2227
target 135,DSC05510,3451.8364,3623.2917
target 135,DSC05511,3585.7805,3668.5747
target 135,DSC05512,3721.1104,3401.8896
target 135,DSC05513,3710.1541,3440.4937
target 135,DSC05514,3474.7295,3474.7417
target 135,DSC05515,3369.9045,3525.5769
target 135,DSC05516,3466.061,3538.4529
target 135,DSC05517,3344.3862,3536.1001
target 135,DSC05518,3304.9167,3689.3257
target 135,DSC05519,3016.4763,3785.0532
target 135,DSC05520,2749.1235,3692.5049
target 135,DSC05521,2596.7827,3620.554
target 135,DSC05522,2458.1233,3615.4221
target 135,DSC05523,2611.1504,3557.2939
target 135,DSC05524,2484.5679,3556.9863
target 135,DSC05525,2149.9111,3559.2112
target 136,DSC05204,5460.2207,2124.9749
target 136,DSC05205,5618.6533,2466.1733
target 136,DSC05248,4420.9888,374.2481
target 136,DSC05249,4429.2432,189.1402
target 136,DSC05250,3946.0608,168.0169
target 136,DSC05251,3100.3674,126.2435
target 136,DSC05254,2862.8333,98.0401
target 136,DSC05255,809.5,2737.5515
target 136,DSC05256,747.514,2207.4241
target 136,DSC05257,530.9061,1919.2892
target 136,DSC05258,476.0622,1815.6588
target 136,DSC05260,349.1687,1449.7167
target 136,DSC05261,385.2643,1739.9637
target 136,DSC05262,436.8338,1448.7249
target 136,DSC05263,459.6962,961.9142
target 136,DSC05264,446.8453,723.3371
target 136,DSC05265,651.3174,1238.6561
target 136,DSC05266,702.3812,1707.9465
target 136,DSC05267,565.0114,1381.9977
target 136,DSC05332,4214.4517,270.5925
target 136,DSC05333,3929.2854,214.5396
target 136,DSC05335,3974.1938,278.1702
target 136,DSC05336,4200.0249,236.6584
target 136,DSC05337,4381.4331,161.5935
target 136,DSC05338,4222.6011,120.345
target 136,DSC05340,3998.6055,103.5267
target 136,DSC05341,3460.6272,130.2261
target 136,DSC05342,3875.8391,106.6051
target 136,DSC05343,3895.2561,88.3755
target 136,DSC05344,3600.7151,156.1187
target 136,DSC05345,3443.6414,185.7901
target 136,DSC05346,3332.7761,173.7408
target 136,DSC05348,2964.6016,194.7809
target 136,DSC05349,2713.8411,249.2823
target 136,DSC05350,2398.8882,304.121
target 136,DSC05351,4574.9126,2440.2671
target 136,DSC05352,3305.8123,1898.9707
target 136,DSC05353,3560.4807,1889.6053
target 136,DSC05354,3558.5244,1701.9594
target 136,DSC05355,3585.3242,1915.6364
target 136,DSC05356,3593.4182,1860.299
target 136,DSC05357,3596.0066,1908.7314
target 136,DSC05358,3614.5149,2481.5073
target 136,DSC05359,3609.1816,2449.2373
target 136,DSC05360,3622.7622,2623.6025
target 136,DSC05361,3623.9827,2842.6394
target 136,DSC05362,3594.0161,2915.6091
target 136,DSC05363,3570.5232,3163.9565
target 136,DSC05364,4219.1626,3207.863
target 136,DSC05365,4214.624,3168.9253
target 136,DSC05366,4215.313,2758.9785
target 136,DSC05367,4220.7944,2846.1638
target 136,DSC05369,4185.3086,2974.4119
target 136,DSC05370,4168.8853,2850.9546
target 136,DSC05371,4142.5713,2781.4956
target 136,DSC05372,4200.4199,3576.0171
target 136,DSC05421,1886.0226,696.6108
target 136,DSC05422,2519.4673,735.0058
target 136,DSC05423,2868.5317,739.187
target 136,DSC05424,3174.9023,772.4065
target 136,DSC05425,3450.1128,792.6187
target 136,DSC05426,4026.635,832.9927
target 136,DSC05427,4077.0549,832.5529
target 136,DSC05428,4326.7944,827.4745
target 136,DSC05429,4322.0439,804.5
target 136,DSC05430,5025.5098,820.1776
target 136,DSC05431,4891.1138,797.3924
target 136,DSC05432,5792.9858,826.7303
target 136,DSC05433,4276.4756,723.8238
target 136,DSC05434,4361.9976,717.076
target 136,DSC05510,4650.2041,1069.2413
target 136,DSC05511,4922.1689,1149.125
target 136,DSC05512,5053.0879,1030.4357
target 136,DSC05513,5053.9727,1074.8711
target 136,DSC05514,4680.1763,1114.1748
target 136,DSC05515,4526.1724,1175.3462
target 136,DSC05516,4679.2021,1221.2853
target 136,DSC05517,4444.5923,1243.4629
target 136,DSC05518,4425.6362,1400.4622
target 136,DSC05519,3944.6702,1478.6559
target 136,DSC05520,3398.249,1416.4647
target 136,DSC05521,3073.9397,1373.6283
target 136,DSC05522,2782.5164,1391.9913
target 136,DSC05523,2913.7593,1399.6316
target 136,DSC05524,2653.8047,1412.0269
target 136,DSC05525,2033.0858,1425.5115
target 137,DSC05212,2789.3411,1431.257
target 137,DSC05214,2814.5354,944.0266
target 137,DSC05215,2817.5103,898.4133
target 137,DSC05216,2828.1584,836.0803
target 137,DSC05217,2810.0234,1157.6211
target 137,DSC05218,2816.5435,1177.0471
target 137,DSC05219,2815.4834,1246.9684
target 137,DSC05220,2816.0791,1344.7358
target 137,DSC05221,2820.8875,1266.1466
target 137,DSC05222,2832.9988,855.143
target 137,DSC05224,2821.1997,1254.1288
target 137,DSC05225,2809.75,1485.733
target 137,DSC05226,2810.7913,1587.2809
target 137,DSC05227,2826.0867,1164.9133
target 137,DSC05228,2839.7666,1342.0331
target 137,DSC05229,2859.1382,1286.2723
target 137,DSC05230,2870.4072,1221.2992
target 137,DSC05231,2869.7676,1637.0845
target 137,DSC05232,2875.8853,1966.6615
target 137,DSC05233,2881.7939,1949.0623
target 137,DSC05234,2877.7334,2434.7996
target 137,DSC05236,3076.2993,3134.0984
target 137,DSC05237,3138.0894,3147.1658
target 137,DSC05238,2571.4314,3129.5374
target 137,DSC05239,2467.3523,3126.2539
target 137,DSC05240,2308.697,3136.2385
target 137,DSC05241,2957.8816,3166.553
target 137,DSC05242,2407.3359,3154.2649
target 137,DSC05243,1823.827,3126.4331
target 137,DSC05244,1674.6128,3124.0876
target 137,DSC05245,2270.5808,3158.3521
target 137,DSC05277,3657.5964,2628.5527
target 137,DSC05278,3677.7908,2592.3723
target 137,DSC05279,3671.4758,2679.3484
target 137,DSC05280,3673.5054,2474.6123
target 137,DSC05281,3694.4763,2802.6802
target 137,DSC05282,3731.4683,2931.2222
target 137,DSC05283,3737.5181,2899.615
target 137,DSC05284,3755.5134,2768.8657
target 137,DSC05285,3776.0076,2634.8374
target 137,DSC05286,3802.3135,2766.5361
target 137,DSC05287,3811.7131,2737.4399
target 137,DSC05288,3906.1743,2810.7285
target 137,DSC05289,3925.8987,2750.2207
target 137,DSC05290,3962.4233,2921.5928
target 137,DSC05291,3970.2126,2972.8918
target 137,DSC05292,3970.8899,2778.4041
target 137,DSC05293,3977.3833,2629.2847
target 137,DSC05294,3987.2439,2436.627
target 137,DSC05295,3995.4595,2231.9868
target 137,DSC05296,3988.0579,2236.3337
target 137,DSC05297,4115.3999,2299.8059
target 137,DSC05298,4150.3921,2292.8357
target 137,DSC05299,4165.5449,2270.7983
target 137,DSC05300,4164.5439,2281.2546
target 137,DSC05301,4169.6919,2037.3611
target 137,DSC05302,4155.2183,1998.6622
target 137,DSC05303,4136.6704,1876.5936
target 137,DSC05304,4028.1638,1739.6726
target 137,DSC05305,3438.4246,3431.0068
target 137,DSC05306,3435.5967,3476.1775
target 137,DSC05307,3329.5671,3502.8992
target 137,DSC05308,3228.6057,3508.1177
target 137,DSC05309,3299.842,3485.2837
target 137,DSC05310,3176.6248,3493.4441
target 137,DSC05311,2604.3459,3512.8081
target 137,DSC05312,2882.8918,3509.3853
target 137,DSC05313,2821.9224,3559.9104
target 137,DSC05314,2657.6006,3538.842
target 137,DSC05315,2627.3423,3536.6208
target 137,DSC05316,2406.106,3479.4346
target 137,DSC05317,2493.0928,3409.0623
target 137,DSC05318,2407.1006,3332.9941
target 137,DSC05319,2447.0525,3287.4626
target 137,DSC05320,2675.0061,3212.9612
target 137,DSC05321,3018.5154,3112.9434
target 137,DSC05322,2801.2834,3100.7292
target 137,DSC05323,2938.3408,3063.7878
target 137,DSC05324,3008.9714,3090.939
target 137,DSC05325,2751.0684,3111.658
target 137,DSC05379,1543.5604,1238.4329
target 137,DSC05380,1516.4091,1219.906
target 137,DSC05381,1470.215,1089.545
target 137,DSC05382,1446.9449,1099.9403
target 137,DSC05383,1436.4642,1073.5675
target 137,DSC05384,1452.9576,1437.6384
target 137,DSC05385,1441.277,1350.8021
target 137,DSC05386,1377.1044,1092.9684
target 137,DSC05387,1347.4258,1024.4822
target 137,DSC05388,1260.0013,852.068
target 137,DSC05389,1277.4329,893.9445
target 137,DSC05390,1236.3363,860.7997
target 137,DSC05391,1215.4601,1011.2257
target 137,DSC05392,1166.7488,1046.4058
target 137,DSC05393,1257.822,1361.1178
target 137,DSC05394,1123.2028,1382.9718
target 137,DSC05395,1049.6034,1387.3678
target 137,DSC05396,974.7435,1369.4717
target 137,DSC05397,967.6116,1532.0186
target 137,DSC05398,937.65,1643.11
target 137,DSC05399,940.1712,1862.3885
target 137,DSC05400,935.1408,1980.635
target 137,DSC05401,961.3104,2199.4482
target 137,DSC05402,865.1844,2215.0894
target 137,DSC05403,766.8047,2181.0879
target 137,DSC05412,3212.1877,2795.6213
target 137,DSC05413,3252.5811,2903.2183
target 137,DSC05440,2761.5173,3161.9224
target 137,DSC05441,2719.1335,3223.8435
target 137,DSC05442,2503.4167,3182.5
target 137,DSC05443,2438.6562,3191.0188
target 137,DSC05444,2203.1572,3240.6257
target 137,DSC05445,2183.2246,3264.4746
target 137,DSC05447,2213.2563,3269.6411
target 137,DSC05448,2126.9084,3297.1108
target 137,DSC05449,2067.5535,3319.6785
target 137,DSC05450,1944.4965,3225.0305
target 137,DSC05451,2156.678,3270.7295
target 137,DSC05452,2090.656,3342.2864
target 137,DSC05453,2437.9214,3432.0283
target 137,DSC05454,2352.2263,3436.4543
target 137,DSC05455,2727.2986,3528.8857
target 137,DSC05456,3123.9653,3694.8716
target 137,DSC05457,3083.116,3673.104
target 137,DSC05458,3288.5505,3667.1919
target 137,DSC05469,3046.0571,3829.5273
target 137,DSC05472,3056.7478,3827.821
target 137,DSC05473,3255.8047,3769.3755
target 137,DSC05484,2746.2156,3921.5933
target 137,DSC05485,2632.7285,3880.1379
target 137,DSC05486,2453.2966,3912.9316
target 137,DSC05487,2311.9482,3891.1472
target 137,DSC05488,2192.6934,3737.126
target 137,DSC05489,2082.0498,3694.4395
target 137,DSC05490,2094.8616,3585.6606
target 137,DSC05491,1981.0787,3518.6296
target 137,DSC05492,1926.6428,3441.1096
target 137,DSC05493,2004.2979,3292.8298
target 137,DSC05494,1994.4651,3171.2617
target 137,DSC05495,2131.791,3078.9666
target 137,DSC05496,2217.6006,2995.5671
target 137,DSC05497,2266.7031,2938.0564
target 137,DSC05498,2447.0701,2832.6228
target 137,DSC05499,2546.1082,2726.3557
target 138,DSC05220,5669.5566,2299.9124
target 138,DSC05221,5620.0522,2403.7864
target 138,DSC05222,5566.5459,2100.4087
target 138,DSC05243,2982.3647,588.2162
target 138,DSC05244,2636.0527,629.0529
target 138,DSC05279,1238.3756,2511.5334
target 138,DSC05280,1223.6554,2168.1294
target 138,DSC05281,1236.5,2399.2517
target 138,DSC05282,1197.7633,2387.2219
target 138,DSC05283,1197.8644,2225.4617
target 138,DSC05284,1187.9924,1963.2146
target 138,DSC05285,1173.1143,1671.5405
target 138,DSC05286,1201.2471,1699.4283
target 138,DSC05287,1204.2751,1620.1603
target 138,DSC05288,1119.3529,1540.3209
target 138,DSC05289,1119.4957,1395.6727
target 138,DSC05290,1154.2518,1505.266
target 138,DSC05291,1186.09,1547.015
target 138,DSC05294,1193.8663,899.0496
target 138,DSC05295,1182.4907,650.0217
target 138,DSC05296,1230.1576,697.8288
target 138,DSC05297,1136.799,652.2904
target 138,DSC05298,1149.666,655.8243
target 138,DSC05299,1215.3844,727.701
target 138,DSC05300,1244.0918,825.5884
target 138,DSC05309,4578.2515,982.0796
target 138,DSC05310,4555.2476,936.5093
target 138,DSC05311,3999.2942,931.4383
target 138,DSC05312,4378.1968,878.435
target 138,DSC05313,4404.6001,823.1792
target 138,DSC05314,4208.2583,811.0705
target 138,DSC05315,4104.0059,776.5246
target 138,DSC05316,3730.3428,796.3835
target 138,DSC05317,3645.6467,771.5451
target 138,DSC05318,3336.4773,806.3495
target 138,DSC05319,3234.0044,822.7768
target 138,DSC05320,3264.9077,845.765
target 138,DSC05321,3417.7844,872.7679
target 138,DSC05322,3000.6877,936.4651
target 138,DSC05323,2989.0847,944.3947
target 138,DSC05378,3536.3418,1110.8334
target 138,DSC05379,3536.5374,1236.0374
target 138,DSC05380,3536.5583,1300.3279
target 138,DSC05381,3550.9561,1345.288
target 138,DSC05382,3558.2905,1535.8873
target 138,DSC05383,3565.8965,1662.2129
target 138,DSC05384,3563.0095,2210.2068
target 138,DSC05385,3564.1313,2232.489
target 138,DSC05386,3571.197,2114.4624
target 138,DSC05387,3579.1582,2145.9807
target 138,DSC05388,3577.7646,2068.9675
target 138,DSC05389,3587.5618,2168.396
target 138,DSC05390,3591.4722,2174.7839
target 138,DSC05391,3590.6921,2389.9653
target 138,DSC05392,3594.6475,2473.4446
target 138,DSC05393,3599.8625,2798.0923
target 138,DSC05394,3592.928,2888.8047
target 138,DSC05395,3594.5601,2904.4373
target 138,DSC05396,3594.9641,2892.6895
target 138,DSC05397,3604.0591,3045.4497
target 138,DSC05398,3606.5325,3153.8865
target 138,DSC05399,3605.9453,3350.927
target 138,DSC05400,3615.9009,3434.1074
target 138,DSC05401,3619.9302,3546.0586
target 138,DSC05402,3623.8071,3490.7441
target 138,DSC05439,2759.9099,1549.3621
target 138,DSC05440,2820.4707,1557.6538
target 138,DSC05441,2891.6255,1592.4308
target 138,DSC05442,2785.5789,1540.1693
target 138,DSC05443,2809.6753,1532.5905
target 138,DSC05444,2681.781,1532.5653
target 138,DSC05445,2781.3906,1533.2422
target 138,DSC05447,3100.9031,1465.3324
target 138,DSC05448,3133.8613,1421.0502
target 138,DSC05449,3208.6663,1386.6661
target 138,DSC05450,3088.4924,1278.8406
target 138,DSC05451,3536.3606,1284.8832
target 138,DSC05452,3372.8755,1317.3979
target 138,DSC05453,3882.0547,1387.5992
target 138,DSC05454,3857.2756,1309.8467
target 138,DSC05455,4341.7354,1296.3773
target 138,DSC05456,4914.9946,1358.6523
target 138,DSC05457,4696.8491,1277.1792
target 138,DSC05458,4737.8921,1234.7794
target 138,DSC05469,4918.5669,527.0773
target 138,DSC05472,4939.5977,530.273
target 138,DSC05473,5430.5459,584.8973
target 138,DSC05480,5578.0815,1814.8478
target 138,DSC05481,4941.3232,1776.9395
target 138,DSC05482,4960.7993,1946.7639
target 138,DSC05483,4334.4092,1910.2285
target 138,DSC05484,4397.0264,1889.8199
target 138,DSC05485,4266.7705,1944.7432
target 138,DSC05486,4031.7041,2025.792
target 138,DSC05487,3815.1548,2056.2078
target 138,DSC05488,3552.3533,2054.9805
target 138,DSC05489,3332.6643,2080.3311
target 138,DSC05490,3256.1135,2069.9363
target 138,DSC05491,3011.3386,2040.4989
target 138,DSC05492,2855.3826,1999.2615
target 138,DSC05493,2814.9753,1947.2069
target 138,DSC05494,2650.9341,1890.3615
target 138,DSC05495,2752.7249,1843.8732
target 138,DSC05496,2738.1672,1814.8212
target 138,DSC05497,2656.8281,1807.2328
target 138,DSC05498,2709.2573,1753.1266
target 138,DSC05499,2642.3564,1668.5343
target 138,DSC05500,2741.9192,1573.0288
target 138,DSC05501,2620.9968,1550.4497
target 138,DSC05502,2776.3303,1431.6517
target 138,DSC05503,2716.9387,1397.5613
target 138,DSC05504,2739.7236,1388.3823
target 139,DSC05257,3945.8713,2223.1628
target 139,DSC05258,3976.4082,2164.4541
target 139,DSC05260,4050.0583,1879.5736
target 139,DSC05261,4054.2695,2146.9568
target 139,DSC05262,4022.814,1877.926
target 139,DSC05263,4024.0894,1436.433
target 139,DSC05264,4047.6162,1199.3381
target 139,DSC05265,3931.4946,1641.8883
target 139,DSC05266,3865.7415,2053.9712
target 139,DSC05267,4011.7981,1759.6652
target 139,DSC05268,4228.8555,840.1517
target 139,DSC05269,3809.126,1454.4349
target 139,DSC05270,3840.6765,1137.8309
target 139,DSC05271,3905.0449,952.9615
target 139,DSC05272,3899.7747,1032.8522
target 139,DSC05273,3927.2329,616.4503
target 139,DSC05275,3792.0132,1110.0752
target 139,DSC05277,3764.9504,1169.5541
target 139,DSC05278,3761.8875,1070.6621
target 139,DSC05316,3767.4185,3116.9185
target 139,DSC05317,3970.6204,3148.7686
target 139,DSC05318,3915.2573,3141.0535
target 139,DSC05319,3973.5,3151.5
target 139,DSC05320,4220.7744,3185.854
target 139,DSC05321,4552.2681,3186.5239
target 139,DSC05322,4274.8418,3187.4751
target 139,DSC05323,4390.3862,3219.947
target 139,DSC05324,4495.7827,3304.1382
target 139,DSC05325,4191.1665,3343.4075
target 139,DSC05326,4300.082,3398.7146
target 139,DSC05327,4359.3359,3464.4253
target 139,DSC05328,4421.4858,3479.8176
target 139,DSC05329,4670.6416,3570.2756
target 139,DSC05330,4417.998,3577.7124
target 139,DSC05331,4363.1064,3542.3274
target 139,DSC05332,3900.377,3526.0874
target 139,DSC05333,3605.9531,3586.9868
target 139,DSC05334,3779.2214,3574.1145
target 139,DSC05335,3598.0659,3571.1707
target 139,DSC05336,3801.0,3620.426
target 139,DSC05337,3939.8345,3659.5903
target 139,DSC05338,3757.6616,3697.3262
target 139,DSC05339,3703.5879,3738.2185
target 139,DSC05340,3536.1614,3690.1521
target 139,DSC05341,3045.9058,3694.0112
target 139,DSC05342,3438.689,3676.0115
target 139,DSC05343,3458.0994,3686.2981
target 139,DSC05344,3209.5288,3624.0632
target 139,DSC05345,3080.3813,3595.9636
target 139,DSC05346,3003.2058,3590.2019
target 139,DSC05348,2696.5173,3504.0886
target 139,DSC05349,2492.2488,3440.6802
target 139,DSC05350,2246.3625,3385.156
target 139,DSC05351,1503.8173,2153.4517
target 139,DSC05352,319.1364,1640.276
target 139,DSC05353,638.5964,1646.7107
target 139,DSC05354,604.9061,1436.6127
target 139,DSC05355,639.1429,1605.7721
target 139,DSC05356,528.9445,1511.0834
target 139,DSC05357,404.0768,1521.8315
target 139,DSC05358,293.4541,2018.9758
target 139,DSC05359,238.1384,1977.8959
target 139,DSC05360,231.7378,2131.9333
target 139,DSC05361,113.1215,2329.407
target 139,DSC05362,364.4845,2462.6086
target 139,DSC05363,470.8768,2736.1697
target 139,DSC05364,1200.2153,2701.5784
target 139,DSC05365,1221.3949,2647.2898
target 139,DSC05366,1275.2538,2287.9773
target 139,DSC05367,1224.8214,2357.6499
target 139,DSC05368,1328.9736,2535.9048
target 139,DSC05369,1383.2678,2564.75
target 139,DSC05370,1452.3049,2486.4219
target 139,DSC05371,1486.4845,2462.3506
target 139,DSC05372,1154.9524,3092.0544
target 139,DSC05373,1178.8496,2208.3196
target 139,DSC05374,1230.2126,2753.6182
target 139,DSC05375,1249.9805,2964.7812
target 139,DSC05376,1225.027,2859.7422
target 139,DSC05377,1197.9355,2810.3901
target 139,DSC05378,1253.0951,2827.5769
target 139,DSC05379,1353.9532,2772.9534
target 139,DSC05380,1377.4318,2777.9683
target 139,DSC05381,1438.3502,2674.7512
target 139,DSC05382,1495.1632,2682.5569
target 139,DSC05383,1570.3409,2629.5852
target 139,DSC05384,1587.3485,2961.8818
target 139,DSC05385,1658.4796,2823.9558
target 139,DSC05386,1733.8234,2505.8835
target 139,DSC05387,1782.515,2376.282
target 139,DSC05405,3292.553,2077.9136
target 139,DSC05406,3275.7434,2007.6641
target 139,DSC05409,3445.0254,1858.5282
target 139,DSC05410,3188.6912,1684.6985
target 139,DSC05414,2284.126,3301.0388
target 139,DSC05415,2598.7139,3493.7603
target 139,DSC05417,2763.408,3465.595
target 139,DSC05418,3036.2573,3548.9124
target 139,DSC05419,3363.3181,3359.6309
target 139,DSC05420,3746.0645,3367.2192
target 139,DSC05421,1801.4624,3568.7832
target 139,DSC05422,2284.5115,3765.8362
target 139,DSC05423,2512.0044,3773.3271
target 139,DSC05424,2696.7334,3921.8171
target 139,DSC05431,4044.4341,3780.6692
target 139,DSC05432,4674.1572,3919.291
target 139,DSC05433,3661.9595,3560.8933
target 139,DSC05434,3711.8792,3583.8862
target 139,DSC05435,4005.2964,3779.9443
target 139,DSC05436,3901.2715,3728.5728
target 139,DSC05437,4137.4448,3833.2385
target 139,DSC05438,4307.938,3951.3259
target 139,DSC05439,4313.9033,3758.2119
target 139,DSC05440,4177.8555,3526.6667
target 139,DSC05441,4184.9683,3529.9724
target 139,DSC05442,3948.2949,3353.3
target 139,DSC05443,3879.1042,3282.1792
target 139,DSC05444,3645.4771,3209.2185
target 139,DSC05445,3608.8726,3163.7112
target 139,DSC05448,3599.9783,3026.8804
target 139,DSC05460,3058.9929,2824.1072
target 139,DSC05461,3120.6929,2767.8787
target 139,DSC05462,3052.0134,2474.5962
target 139,DSC05463,3567.8892,2261.7217
target 139,DSC05464,3728.4258,2230.1594
target 139,DSC05475,3166.448,2296.5
target 139,DSC05476,2525.9092,3723.8186
target 139,DSC05477,2924.3879,3696.1899
target 139,DSC05478,3275.1165,3807.3496
target 139,DSC05497,3572.9797,2802.0317
target 139,DSC05499,3821.9802,2862.031
target 139,DSC05500,4008.3254,2908.5159
target 139,DSC05501,3959.0537,2928.4033
target 139,DSC05502,4132.9165,2974.4531
target 139,DSC05503,4096.7808,2975.6785
target 139,DSC05504,4133.2339,3021.6331
target 139,DSC05505,3970.7556,3167.8833
target 139,DSC05506,4005.0425,3250.1721
target 139,DSC05507,4017.9866,3321.3669
target 139,DSC05508,4075.5454,3438.2937
target 139,DSC05509,3769.3567,3462.186
target 139,DSC05510,3811.8438,3757.2944
target 139,DSC05511,3939.2388,3847.8245
target 139,DSC05512,4033.7307,3605.0168
target 139,DSC05513,4014.957,3661.3191
target 139,DSC05514,3766.4971,3702.8276
target 139,DSC05515,3644.3892,3776.054
target 139,DSC05516,3721.0,3813.5
target 139,DSC05517,3576.7305,3820.4302
target 139,DSC05521,2749.1843,3936.9636
target 139,DSC05522,2584.0491,3937.6536
target 139,DSC05523,2681.5723,3892.7327
target 139,DSC05524,2535.4607,3894.4922
target 139,DSC05525,2174.8616,3898.3865
target 140,DSC05218,2851.5,1932.1812
target 140,DSC05219,2843.1875,2157.5
target 140,DSC05220,2838.7378,2433.8525
target 140,DSC05221,2829.5793,2582.2322
target 140,DSC05222,2828.3364,2261.7007
target 140,DSC05224,2801.5076,2788.1584
target 140,DSC05225,2785.375,3019.8552
target 140,DSC05226,2777.2925,3099.0503
target 140,DSC05227,2773.6401,2729.4702
target 140,DSC05228,2780.3926,2975.7085
target 140,DSC05229,2788.9541,2926.7249
target 140,DSC05230,2788.9727,2827.0154
target 140,DSC05231,2786.6113,3177.5283
target 140,DSC05232,2782.9482,3376.9138
target 140,DSC05233,2780.47,3258.458
target 140,DSC05234,2772.6704,3594.595
target 140,DSC05235,2768.8691,3422.9326
target 140,DSC05236,4217.2109,3243.2112
target 140,DSC05237,4599.4336,3252.3696
target 140,DSC05238,4211.3496,3239.1687
target 140,DSC05239,4230.083,3235.8723
target 140,DSC05240,4049.0493,3238.1917
target 140,DSC05241,4663.8931,3245.5369
target 140,DSC05242,3901.4526,3230.4497
target 140,DSC05243,3004.2166,3193.2637
target 140,DSC05244,2526.4485,3175.8303
target 140,DSC05282,4189.417,2264.4912
target 140,DSC05283,4170.123,2087.4683
target 140,DSC05284,4178.7095,1819.1628
target 140,DSC05285,4180.9351,1518.6459
target 140,DSC05286,4149.2598,1522.7727
target 140,DSC05287,4144.271,1441.2583
target 140,DSC05288,4239.5981,1341.7147
target 140,DSC05289,4226.3784,1194.6199
target 140,DSC05290,4180.8833,1289.7545
target 140,DSC05291,4147.7402,1326.873
target 140,DSC05292,4120.0576,1095.9172
target 140,DSC05293,4115.9565,923.0736
target 140,DSC05294,4110.5669,704.6252
target 140,DSC05295,4109.5254,471.9706
target 140,DSC05296,4063.5308,515.2761
target 140,DSC05297,4132.4658,467.2067
target 140,DSC05298,4119.3198,473.5552
target 140,DSC05299,4048.8545,554.0952
target 140,DSC05300,3981.6741,661.8801
target 140,DSC05301,3966.106,496.7984
target 140,DSC05302,3910.082,578.6102
target 140,DSC05303,3860.8333,596.491
target 140,DSC05304,3764.8333,623.7802
target 140,DSC05305,4357.1685,3105.519
target 140,DSC05306,4450.5381,3177.5127
target 140,DSC05307,4465.3545,3233.4819
target 140,DSC05308,4501.5781,3288.687
target 140,DSC05309,4727.4746,3365.2212
target 140,DSC05310,4723.4624,3443.1675
target 140,DSC05311,4186.5972,3466.7527
target 140,DSC05312,4563.8916,3606.9946
target 140,DSC05313,4588.127,3749.5774
target 140,DSC05314,4395.5845,3811.6843
target 140,DSC05319,3369.885,3911.8325
target 140,DSC05320,3345.5757,3867.605
target 140,DSC05384,511.1739,2273.6558
target 140,DSC05385,587.9353,2313.6892
target 140,DSC05386,656.9188,2238.0317
target 140,DSC05387,730.9337,2281.3496
target 140,DSC05388,767.6484,2232.5146
target 140,DSC05389,882.111,2316.8604
target 140,DSC05390,921.3469,2334.677
target 140,DSC05391,955.4139,2523.6443
target 140,DSC05392,956.0555,2599.7847
target 140,DSC05393,1034.988,2877.1177
target 140,DSC05394,1009.0152,2965.1042
target 140,DSC05395,1038.6758,2981.5713
target 140,DSC05396,1051.8486,2968.8801
target 140,DSC05397,1097.6078,3101.5376
target 140,DSC05398,1110.3616,3195.4128
target 140,DSC05399,1147.1216,3367.7297
target 140,DSC05400,1192.1808,3437.5
target 140,DSC05401,1296.2,3526.5322
target 140,DSC05402,1311.1859,3463.9441
target 140,DSC05403,1345.0297,3322.2747
target 140,DSC05404,1367.3341,3362.762
target 140,DSC05405,4946.0107,2510.5283
target 140,DSC05406,4878.6021,2340.926
target 140,DSC05409,5038.9707,2197.8088
target 140,DSC05410,4607.8311,1991.3311
target 140,DSC05411,4727.2969,2132.5149
target 140,DSC05412,4376.8335,2240.386
target 140,DSC05413,4722.5034,2535.6924
target 140,DSC05450,3117.8052,3882.4192
target 140,DSC05451,3447.4468,3871.4968
target 140,DSC05452,3410.0288,3782.7051
target 140,DSC05453,3822.585,3883.1423
target 140,DSC05454,3785.2861,3714.3977
target 140,DSC05455,4185.9971,3621.9785
target 140,DSC05456,4617.4072,3721.1108
target 140,DSC05457,4448.1021,3499.2993
target 140,DSC05458,4488.835,3341.0784
target 140,DSC05459,4527.3545,3431.3154
target 140,DSC05460,4378.4111,3268.6775
target 140,DSC05461,4456.7739,3149.4863
target 140,DSC05462,4427.0728,2950.6533
target 140,DSC05463,5198.6216,2716.2803
target 140,DSC05464,5404.1914,2971.8225
target 140,DSC05465,5115.2568,2983.469
target 140,DSC05466,5142.3696,2990.0862
target 140,DSC05469,4407.3154,3111.5044
target 140,DSC05472,4420.1782,3115.8047
target 140,DSC05473,4737.9126,3236.8198
target 140,DSC05474,4953.8232,2900.1155
target 140,DSC05475,4667.6094,2694.792
target 140,DSC05480,5002.8643,3725.3513
target 140,DSC05481,4562.9209,3669.7368
target 140,DSC05482,4561.75,3893.8442
target 140,DSC05483,4138.4287,3851.4956
target 140,DSC05484,4184.2812,3842.9419
target 140,DSC05485,4088.2983,3919.7576
target 140,DSC05494,2910.6819,3927.6902
target 141,DSC05221,4400.5146,2887.9856
target 141,DSC05222,4345.7534,2486.9246
target 141,DSC05224,4215.4888,2721.9285
target 141,DSC05225,4137.0117,2831.6438
target 141,DSC05226,4065.7441,2797.1396
target 141,DSC05227,4072.092,2374.8218
target 141,DSC05228,4116.7437,2481.4224
target 141,DSC05229,4137.6274,2360.5664
target 141,DSC05232,4140.3569,2560.2041
target 141,DSC05237,3745.6284,1859.0419
target 141,DSC05239,3644.7805,1799.7704
target 141,DSC05240,3690.4788,1794.9043
target 141,DSC05241,4413.3237,1725.5778
target 141,DSC05242,3951.3064,1726.2355
target 141,DSC05243,3490.665,1623.067
target 141,DSC05291,2209.5884,1465.9099
target 141,DSC05292,2207.7634,1325.5472
target 141,DSC05293,2206.9263,1205.2114
target 141,DSC05294,2207.3953,1055.046
target 141,DSC05295,2202.4028,889.127
target 141,DSC05296,2215.9155,966.2598
target 141,DSC05301,2212.7649,1299.8444
target 141,DSC05317,4163.8301,1727.8815
target 141,DSC05318,4011.1077,1728.3397
target 141,DSC05319,4008.1001,1729.1293
target 141,DSC05381,2732.3904,2528.178
target 141,DSC05382,2762.0449,2616.0081
target 141,DSC05383,2802.396,2625.7307
target 141,DSC05384,2809.7471,3047.3572
target 141,DSC05385,2846.0962,2950.251
target 141,DSC05386,2889.5652,2679.395
target 141,DSC05387,2920.0068,2588.696
target 141,DSC05388,2934.7986,2395.7727
target 141,DSC05400,3025.8477,2816.634
target 141,DSC05401,3042.9412,2855.9412
target 141,DSC05442,3878.7317,2267.6221
target 141,DSC05443,3845.0134,2220.4731
target 141,DSC05444,3649.4443,2174.2778
target 141,DSC05445,3659.6687,2144.6392
target 141,DSC05447,3904.7107,2096.5771
target 141,DSC05448,3837.1758,2015.6853
target 141,DSC05449,3787.7815,1954.271
target 141,DSC05450,3519.3108,1801.0465
target 141,DSC05451,3762.25,1792.0806
target 141,DSC05452,3550.6284,1789.8486
target 141,DSC05456,4299.0225,1794.0884
target 141,DSC05457,4012.645,1713.5405
target 141,DSC05482,4150.0625,2031.3639
target 141,DSC05483,3741.7588,1998.2601
target 141,DSC05484,3876.418,1972.8237
target 141,DSC05485,3859.512,2006.2362
target 141,DSC05489,3490.8884,2110.1523
target 141,DSC05490,3534.178,2116.7339
target 141,DSC05491,3397.8315,2102.4448
target 141,DSC05492,3322.2603,2081.6843
target 141,DSC05493,3400.6536,2071.9326
target 141,DSC05494,3356.2039,2056.3816
target 141,DSC05495,3493.6648,2047.4893
target 141,DSC05496,3557.936,2064.6599
target 141,DSC05497,3573.2083,2101.9849
target 141,DSC05498,3707.2415,2129.3049
target 141,DSC05499,3701.3401,2123.24
target 142,DSC05293,3662.5283,2594.8618
target 142,DSC05294,3669.2007,2405.1643
target 142,DSC05295,3673.4014,2203.2236
target 142,DSC05296,3668.5132,2211.9304
target 142,DSC05303,3776.9822,1909.7437
target 142,DSC05305,3396.6309,3124.0715
target 142,DSC05306,3399.6035,3166.6494
target 142,DSC05307,3300.5889,3189.5667
target 142,DSC05308,3209.5774,3192.7156
target 142,DSC05309,3294.1123,3172.1853
target 142,DSC05310,3181.1792,3178.5
target 142,DSC05311,2615.6904,3195.3677
target 142,DSC05312,2906.301,3193.8821
target 142,DSC05313,2854.447,3236.2356
target 142,DSC05314,2698.1548,3221.1345
target 142,DSC05315,2675.6118,3224.9841
target 142,DSC05316,2459.2771,3180.1748
target 142,DSC05317,2551.5779,3124.1558
target 142,DSC05318,2465.4546,3064.4395
target 142,DSC05319,2505.812,3028.4519
target 142,DSC05320,2734.9207,2968.8738
target 142,DSC05322,2854.7739,2880.9404
target 142,DSC05344,3903.729,2874.5842
target 142,DSC05345,3841.2024,2869.5356
target 142,DSC05346,3936.9883,2894.4534
target 142,DSC05352,1102.2725,2769.1621
target 142,DSC05353,1380.7354,2748.8308
target 142,DSC05356,1441.996,2350.0759
target 142,DSC05357,1410.5978,2253.8008
target 142,DSC05382,1683.6554,1154.8885
target 142,DSC05383,1677.6642,1127.4453
target 142,DSC05384,1692.6123,1495.0817
target 142,DSC05385,1685.0,1405.4694
target 142,DSC05386,1632.8397,1142.6244
target 142,DSC05387,1609.7963,1070.6991
target 142,DSC05388,1535.4465,894.0926
target 142,DSC05389,1553.3419,932.829
target 142,DSC05390,1518.1147,895.6475
target 142,DSC05391,1500.4436,1043.6492
target 142,DSC05392,1458.2931,1076.2739
target 142,DSC05393,1538.3354,1391.4409
target 142,DSC05394,1419.703,1407.0387
target 142,DSC05395,1355.4535,1404.902
target 142,DSC05396,1289.6066,1381.4185
target 142,DSC05397,1283.9816,1539.9264
target 142,DSC05398,1257.8024,1647.8323
target 142,DSC05399,1259.7175,1863.7628
target 142,DSC05400,1255.9125,1977.9154
target 142,DSC05401,1278.4783,2188.9829
target 142,DSC05402,1192.7618,2196.0793
target 142,DSC05403,1103.4846,2149.6228
target 142,DSC05404,1066.8008,2287.3679
target 142,DSC05405,4144.748,3044.6333
target 142,DSC05406,4251.6665,2871.5769
target 142,DSC05408,4748.4033,2401.0134
target 142,DSC05409,4295.7422,2654.4641
target 142,DSC05410,3796.4607,2310.5815
target 142,DSC05411,3681.7747,2352.8323
target 142,DSC05412,3188.4475,2497.4824
target 142,DSC05413,3251.6743,2596.3579
target 142,DSC05421,2774.4084,2711.3474
target 142,DSC05443,2491.5752,2995.5115
target 142,DSC05444,2252.4355,3037.4409
target 142,DSC05445,2231.927,3057.4082
target 142,DSC05447,2268.2554,3052.5515
target 142,DSC05448,2177.2195,3072.085
target 142,DSC05449,2115.3296,3088.053
target 142,DSC05450,1983.5422,2994.1245
target 142,DSC05451,2198.7017,3035.1047
target 142,DSC05452,2120.1526,3104.3008
target 142,DSC05453,2472.0081,3190.1855
target 142,DSC05454,2379.1382,3187.9202
target 142,DSC05455,2747.3105,3272.9492
target 142,DSC05456,3146.9658,3428.7485
target 142,DSC05457,3092.3523,3406.2957
target 142,DSC05458,3287.5325,3402.0701
target 142,DSC05459,3399.9229,3671.5505
target 142,DSC05460,3417.5354,3596.2678
target 142,DSC05461,3621.4302,3515.8772
target 142,DSC05462,3502.9338,3497.8633
target 142,DSC05463,4204.0928,3271.7854
target 142,DSC05464,4139.4863,3419.1755
target 142,DSC05465,3691.7288,3296.7881
target 142,DSC05466,3709.9031,3305.9521
target 142,DSC05469,3019.3782,3544.0222
target 142,DSC05472,3030.9282,3542.4155
target 142,DSC05473,3249.6313,3484.1873
target 142,DSC05474,3808.0864,3254.158
target 142,DSC05475,3804.8896,3247.7764
target 142,DSC05480,3724.4702,3881.1384
target 142,DSC05481,3266.9619,3859.9641
target 142,DSC05482,3141.4585,3928.8384
target 142,DSC05483,2694.1667,3836.3403
target 142,DSC05484,2745.3381,3700.3904
target 142,DSC05485,2635.0632,3662.0632
target 142,DSC05486,2453.8809,3695.0291
target 142,DSC05487,2311.8584,3675.0161
target 142,DSC05488,2197.6877,3527.3679
target 142,DSC05489,2087.4578,3487.2825
target 142,DSC05490,2105.1731,3383.8955
target 142,DSC05491,1990.1531,3319.9626
target 142,DSC05492,1935.9384,3245.7898
target 142,DSC05493,2019.488,3105.1174
target 142,DSC05494,2011.9934,2989.4695
target 142,DSC05495,2154.5842,2901.7056
target 142,DSC05496,2244.897,2823.4448
target 142,DSC05497,2296.3264,2771.0051
target 142,DSC05498,2481.0393,2673.8259
target 142,DSC05522,3144.7742,2701.8708
target 142,DSC05523,3426.3074,2742.5
target 142,DSC05524,3340.0669,2758.4382
target 142,DSC05525,3052.0103,2765.2246
target 143,DSC05196,4751.2817,1814.0718
target 143,DSC05197,4755.2852,2254.884
target 143,DSC05198,4752.3643,2162.0161
target 143,DSC05199,4753.8711,2362.2178
target 143,DSC05200,4730.8838,2436.071
target 143,DSC05201,4752.8335,2441.4397
target 143,DSC05202,4788.2959,2281.053
target 143,DSC05203,4855.042,1998.998
target 143,DSC05204,4235.6113,1493.6956
target 143,DSC05249,3808.0193,1560.7106
target 143,DSC05250,3362.8867,1600.5359
target 143,DSC05251,2602.186,1611.1594
target 143,DSC05252,2614.6538,1616.7885
target 143,DSC05253,2759.0684,1603.9125
target 143,DSC05257,2359.9829,2080.4841
target 143,DSC05258,2346.3325,2079.1335
target 143,DSC05260,2324.9934,1872.1205
target 143,DSC05261,2328.6533,2187.5659
target 143,DSC05262,2330.3135,1954.1876
target 143,DSC05263,2328.2415,1593.8018
target 143,DSC05264,2332.73,1404.9071
target 143,DSC05265,2338.2073,1885.9818
target 143,DSC05266,2311.896,2349.8123
target 143,DSC05267,2314.6111,2111.0291
target 143,DSC05268,2005.2687,1362.0
target 143,DSC05269,2371.6904,1871.0986
target 143,DSC05270,2355.678,1577.0509
target 143,DSC05330,3937.5737,1905.9363
target 143,DSC05331,3918.5164,1891.5435
target 143,DSC05332,3467.0879,1872.0193
target 143,DSC05333,3178.1301,1878.452
target 143,DSC05334,3404.5713,1890.2476
target 143,DSC05335,3248.7666,1904.406
target 143,DSC05336,3467.2534,1915.8989
target 143,DSC05337,3639.0322,1908.9579
target 143,DSC05338,3513.0637,1914.3389
target 143,DSC05339,3520.9204,1917.0917
target 143,DSC05340,3406.1267,1918.713
target 143,DSC05341,2969.7317,1933.0505
target 143,DSC05342,3413.1626,1927.1449
target 143,DSC05343,3469.0486,1929.5468
target 143,DSC05344,3257.7266,1929.4938
target 143,DSC05345,3152.7625,1929.9034
target 143,DSC05346,3138.5771,1929.5969
target 143,DSC05355,2193.2778,1779.3035
target 143,DSC05356,2154.8447,1639.5496
target 143,DSC05357,2105.9014,1605.0107
target 143,DSC05358,2067.384,2050.8704
target 143,DSC05359,2043.8893,1927.8334
target 143,DSC05360,2046.9977,2003.193
target 143,DSC05361,1995.1298,2124.2712
target 143,DSC05362,2082.3345,2197.0369
target 143,DSC05363,2116.156,2456.6614
target 143,DSC05364,2726.3672,2453.7588
target 143,DSC05365,2739.1792,2435.5547
target 143,DSC05366,2768.3,2124.543
target 143,DSC05367,2747.0679,2259.6384
target 143,DSC05368,2780.3193,2260.7168
target 143,DSC05369,2793.3572,2271.3713
target 143,DSC05370,2815.457,2177.4731
target 143,DSC05371,2815.71,2145.406
target 143,DSC05372,2681.134,2764.2268
target 143,DSC05414,1769.6785,1256.1812
target 143,DSC05415,2045.5603,1389.8625
target 143,DSC05417,2211.5806,1383.4456
target 143,DSC05418,2533.0645,1434.4591
target 143,DSC05419,2931.9658,1328.626
target 143,DSC05420,3405.6057,1335.3662
target 143,DSC05422,2389.9451,2240.8589
target 143,DSC05423,2614.4224,2244.9917
target 143,DSC05424,2751.9578,2330.6084
target 143,DSC05425,2903.8962,2369.2688
target 143,DSC05426,3223.0093,2490.2903
target 143,DSC05427,3196.2913,2504.2764
target 143,DSC05428,3337.9124,2488.4858
target 143,DSC05429,3306.8054,2455.1135
target 143,DSC05430,3846.2715,2496.5833
target 143,DSC05431,3867.3625,2296.3
target 143,DSC05432,4534.7012,2379.5784
target 143,DSC05433,3395.9827,2183.8896
target 143,DSC05434,3448.4937,2197.6162
target 143,DSC05476,2216.708,1932.896
target 143,DSC05477,2529.3164,1951.9625
target 143,DSC05478,2827.7102,2084.5376
target 143,DSC05510,3561.0898,2507.6797
target 143,DSC05511,3745.2476,2553.0437
target 143,DSC05512,3927.5796,2327.5796
target 143,DSC05513,3924.3159,2364.9719
target 143,DSC05514,3652.3186,2398.5557
target 143,DSC05515,3542.0762,2449.3411
target 143,DSC05516,3672.1719,2469.3076
target 143,DSC05517,3533.5691,2473.6831
target 143,DSC05518,3505.4583,2621.439
target 143,DSC05519,3157.8184,2708.2268
target 143,DSC05520,2834.125,2629.4246
target 143,DSC05521,2653.908,2568.9026
target 143,DSC05522,2492.0291,2570.8862
target 143,DSC05523,2691.4189,2537.6648
target 143,DSC05524,2541.125,2541.9104
target 144,DSC05255,3560.1418,2118.5879
target 144,DSC05256,3585.6938,1605.7312
target 144,DSC05257,3661.7446,1312.3298
target 144,DSC05258,3653.6768,1259.9641
target 144,DSC05260,3676.8032,984.6436
target 144,DSC05261,3649.3433,1299.8795
target 144,DSC05262,3621.4211,1085.8684
target 144,DSC05333,3801.8125,3012.375
target 144,DSC05338,4343.2559,3171.051
target 144,DSC05341,3853.5371,3234.625
target 144,DSC05342,4306.479,3274.0417
target 144,DSC05343,4367.814,3308.4846
target 144,DSC05344,4112.7549,3273.6992
target 144,DSC05345,3984.0264,3262.4473
target 144,DSC05346,3940.9351,3301.3291
target 144,DSC05348,3613.585,3271.5332
target 144,DSC05349,3370.0681,3233.3755
target 144,DSC05350,3074.1323,3202.7686
target 144,DSC05351,1643.4767,3033.1589
target 144,DSC05352,497.062,2509.8911
target 144,DSC05353,807.0091,2491.8635
target 144,DSC05354,843.873,2285.5193
target 144,DSC05355,886.5726,2451.5396
target 144,DSC05356,859.1993,2368.5229
target 144,DSC05357,809.4082,2383.981
target 144,DSC05358,739.2672,2871.6611
target 144,DSC05359,782.6194,2760.1646
target 144,DSC05360,843.9704,2818.1865
target 144,DSC05361,809.575,2928.4072
target 144,DSC05366,1770.3129,2803.3538
target 144,DSC05367,1679.9381,2978.4485
target 144,DSC05370,1977.464,2660.0134
target 144,DSC05371,1997.8085,2636.1821
target 144,DSC05372,1769.0,3248.5
target 144,DSC05373,1810.9921,2112.9841
target 144,DSC05374,1848.0951,2646.4504
target 144,DSC05375,1860.7477,2824.188
target 144,DSC05376,1837.5702,2641.9299
target 144,DSC05377,1812.9202,2521.1304
target 144,DSC05395,1947.7795,1503.672
target 144,DSC05396,1907.6584,1403.6881
target 144,DSC05397,1903.1697,1473.078
target 144,DSC05398,1885.2788,1513.6416
target 144,DSC05399,1881.1052,1642.5614
target 144,DSC05405,2907.5125,2298.9441
target 144,DSC05406,2965.6418,2233.5305
target 144,DSC05409,3102.5654,2048.2153
target 144,DSC05413,2758.9597,1848.8563
target 144,DSC05414,2966.292,2472.1001
target 144,DSC05419,3725.4944,2439.3281
target 144,DSC05420,4056.8284,2445.5059
target 144,DSC05421,2599.4636,3327.5066
target 144,DSC05422,3123.8604,3501.6658
target 144,DSC05423,3345.7083,3490.4316
target 144,DSC05424,3526.188,3555.2581
target 144,DSC05425,3683.3018,3570.9805
target 144,DSC05426,4006.7402,3685.4805
target 144,DSC05427,3968.2656,3630.2656
target 144,DSC05431,4344.1064,3168.5266
target 144,DSC05432,4912.3291,3270.2236
target 144,DSC05433,3804.459,2949.2192
target 144,DSC05434,3818.8469,2956.8538
target 144,DSC05435,4067.1511,3097.8489
target 144,DSC05436,3912.5449,3058.2114
target 144,DSC05437,4105.9629,3135.6421
target 144,DSC05438,4140.0771,3206.9629
target 144,DSC05455,2819.1606,2641.1055
target 144,DSC05458,2831.3604,2760.5
target 144,DSC05459,2741.0,2967.5
target 144,DSC05460,2639.0508,2967.5
target 144,DSC05461,2750.8757,2927.8069
target 144,DSC05463,3138.9111,2507.0227
target 144,DSC05464,3203.6355,2433.0354
target 144,DSC05465,2970.2168,2325.7942
target 144,DSC05466,2983.238,2320.0312
target 144,DSC05469,2346.3333,2604.4092
target 144,DSC05472,2360.4656,2601.8525
target 144,DSC05473,2704.0369,2515.0452
target 144,DSC05474,3001.9958,2433.0798
target 144,DSC05475,2771.637,2547.7036
target 144,DSC05476,3278.1199,3009.1755
target 144,DSC05478,3587.1069,2884.0571
target 144,DSC05480,3262.6189,2972.5198
target 144,DSC05484,2710.1428,2819.863
target 144,DSC05497,3095.0894,2406.75
target 144,DSC05502,3948.5,2412.0
target 144,DSC05503,3941.7976,2410.624
target 144,DSC05504,4009.7698,2444.8254
target 144,DSC05505,3877.9297,2557.3804
target 144,DSC05506,3950.7349,2620.0234
target 144,DSC05507,4004.8604,2674.9534
target 144,DSC05508,4116.9253,2767.5229
target 144,DSC05509,3827.6921,2780.0762
target 144,DSC05510,4030.2048,3045.1741
target 144,DSC05511,4246.3228,3149.7178
target 144,DSC05517,4205.3618,3326.9849
target 144,DSC05518,4215.6914,3527.4058
target 144,DSC05519,3934.322,3604.4004
target 144,DSC05520,3644.22,3538.1543
target 144,DSC05521,3476.1272,3498.2371
target 144,DSC05522,3331.2366,3529.8767
target 144,DSC05523,3471.9934,3605.5938
target 144,DSC05524,3330.3782,3627.6348
target 144,DSC05525,2966.2236,3636.5388
target 145,DSC05201,5343.2402,2323.1599
target 145,DSC05202,5397.8232,2130.9727
target 145,DSC05203,5499.2212,1819.7471
target 145,DSC05204,4841.7544,1320.1666
target 145,DSC05226,4600.9609,2313.9314
target 145,DSC05227,4650.7271,1910.1818
target 145,DSC05240,3198.3867,1238.3962
target 145,DSC05249,3602.2449,979.9239
target 145,DSC05250,3272.0972,1044.5935
target 145,DSC05266,1546.3802,2499.5261
target 145,DSC05267,1488.3845,2295.6594
target 145,DSC05268,907.0673,1668.931
target 145,DSC05274,1542.7827,1546.9207
target 145,DSC05275,1570.3281,1894.5979
target 145,DSC05276,1558.0804,1958.6315
target 145,DSC05277,1556.0305,1954.7777
target 145,DSC05278,1529.9364,1853.4474
target 145,DSC05279,1586.0253,1906.6735
target 145,DSC05280,1580.0284,1655.7098
target 145,DSC05281,1606.7052,1972.661
target 145,DSC05282,1594.1519,2057.835
target 145,DSC05283,1597.1724,2007.4658
target 145,DSC05284,1594.9023,1853.4446
target 145,DSC05290,1566.6731,2003.7356
target 145,DSC05291,1579.8472,2082.2927
target 145,DSC05292,1575.5839,1925.2426
target 145,DSC05293,1572.118,1796.868
target 145,DSC05294,1568.8252,1633.687
target 145,DSC05314,3536.3403,1093.9791
target 145,DSC05315,3579.3552,1092.4954
target 145,DSC05319,3383.3281,1114.6605
target 145,DSC05320,3580.9988,1117.3901
target 145,DSC05321,3870.2734,1108.5703
target 145,DSC05322,3559.4138,1148.403
target 145,DSC05323,3648.5159,1137.099
target 145,DSC05324,3710.2253,1107.3265
target 145,DSC05325,3388.2905,1113.3524
target 145,DSC05326,3485.7878,1108.3752
target 145,DSC05332,3209.4971,1034.6272
target 145,DSC05333,2935.6787,1021.0988
target 145,DSC05334,3196.1729,1058.6029
target 145,DSC05335,3061.1504,1085.317
target 145,DSC05336,3292.9324,1090.9585
target 145,DSC05337,3488.1633,1072.2194
target 145,DSC05362,2947.4873,2057.5063
target 145,DSC05363,2947.8054,2303.7214
target 145,DSC05364,3558.0195,2306.7571
target 145,DSC05365,3561.1753,2314.2402
target 145,DSC05368,3581.7959,2092.1785
target 145,DSC05369,3575.9187,2086.6255
target 145,DSC05370,3577.4766,1981.0094
target 145,DSC05371,3557.0818,1946.226
target 145,DSC05372,3532.8137,2546.1716
target 145,DSC05429,3190.7371,1455.1208
target 145,DSC05430,3723.4551,1479.751
target 145,DSC05431,3734.2837,1393.6119
target 145,DSC05432,4408.2798,1436.1328
target 145,DSC05433,3198.5068,1320.9795
target 145,DSC05434,3245.2812,1319.6062
target 145,DSC05478,2461.8281,734.8438
target 145,DSC05492,2627.2083,1490.1018
target 145,DSC05493,2728.9033,1442.7097
target 145,DSC05510,3351.6355,1590.1375
target 145,DSC05511,3584.3733,1611.2466
target 145,DSC05512,3839.8279,1429.2222
target 146,DSC05222,5035.478,1653.88
target 146,DSC05224,4916.168,1997.1201
target 146,DSC05241,3678.0105,1087.3906
target 146,DSC05242,3199.5271,1114.9324
target 146,DSC05246,3339.261,1215.1768
target 146,DSC05270,1637.5065,2166.0481
target 146,DSC05271,1587.9022,2067.8442
target 146,DSC05272,1572.1118,2191.3252
target 146,DSC05273,1547.6588,1822.6375
target 146,DSC05274,1584.8616,1914.4302
target 146,DSC05275,1597.9813,2261.4253
target 146,DSC05276,1577.1132,2337.3938
target 146,DSC05277,1566.4182,2341.1455
target 146,DSC05278,1533.4091,2249.3853
target 146,DSC05279,1576.2396,2285.3503
target 146,DSC05280,1567.0184,2029.7004
target 146,DSC05281,1580.1761,2335.1926
target 146,DSC05286,1538.6318,2119.4226
target 146,DSC05287,1537.5354,2079.4971
target 146,DSC05288,1475.9785,2101.3711
target 146,DSC05317,3196.1956,1049.6995
target 146,DSC05323,3281.9038,1145.9407
target 146,DSC05324,3329.0764,1121.7006
target 146,DSC05325,3010.1252,1129.7531
target 146,DSC05326,3114.865,1132.2506
target 146,DSC05327,3186.4023,1127.5897
target 146,DSC05328,3279.9573,1116.1447
target 146,DSC05329,3511.8379,1094.967
target 146,DSC05330,3310.5586,1097.4266
target 146,DSC05362,2974.3582,1892.1028
target 146,DSC05363,2972.7397,2124.3494
target 146,DSC05364,3579.8333,2123.5513
target 146,DSC05365,3583.7615,2155.4614
target 146,DSC05387,3544.2788,1670.4071
target 146,DSC05388,3537.2683,1504.0685
target 146,DSC05389,3544.8254,1548.4642
target 146,DSC05390,3543.5715,1508.6428
target 146,DSC05428,3114.8721,1385.345
target 146,DSC05429,2998.7922,1365.4102
target 146,DSC05510,3053.6106,1437.735
target 147,DSC05205,3981.3169,1500.5952
target 147,DSC05207,4040.1907,1623.7562
target 147,DSC05208,4021.2031,2006.1394
target 147,DSC05210,3992.0073,2150.0664
target 147,DSC05211,3990.9087,2098.6028
target 147,DSC05212,4007.0576,1897.6044
target 147,DSC05213,4029.2273,1695.3502
target 147,DSC05214,4049.8689,1500.1234
target 147,DSC05215,4050.8684,1484.3005
target 147,DSC05216,4075.4146,1461.9598
target 147,DSC05217,4030.6929,1772.9783
target 147,DSC05218,4033.5857,1803.2955
target 147,DSC05219,4021.1069,1876.8787
target 147,DSC05244,2393.7886,1973.3462
target 147,DSC05245,2876.6475,2030.7295
target 147,DSC05246,3433.1353,2057.4739
target 147,DSC05247,3518.8733,2069.0444
target 147,DSC05248,3523.3577,1977.0056
target 147,DSC05269,2555.6736,2194.7561
target 147,DSC05270,2547.9385,1951.0326
target 147,DSC05271,2547.5906,1853.8787
target 147,DSC05272,2550.6372,1983.3445
target 147,DSC05273,2544.0142,1628.3729
target 147,DSC05274,2547.9971,1735.967
target 147,DSC05275,2551.3354,2092.1523
target 147,DSC05276,2549.157,2180.5732
target 147,DSC05277,2548.8315,2202.4199
target 147,DSC05278,2540.3037,2130.7397
target 147,DSC05279,2551.1528,2199.5823
target 147,DSC05280,2545.7603,1970.9591
target 147,DSC05281,2552.9343,2291.2095
target 147,DSC05282,2550.3738,2394.6021
target 147,DSC05283,2545.2715,2353.1975
target 147,DSC05319,3017.7024,2073.3254
target 147,DSC05320,3226.2065,2063.8701
target 147,DSC05323,3380.8174,2041.281
target 147,DSC05324,3447.5728,2048.2666
target 147,DSC05325,3156.509,2064.1042
target 147,DSC05327,3368.3506,2066.5183
target 147,DSC05329,3721.1729,2048.5903
target 147,DSC05330,3535.0151,2047.0662
target 147,DSC05331,3566.4417,2027.2665
target 147,DSC05332,3174.4099,2009.4137
target 147,DSC05376,2604.1182,1908.3513
target 147,DSC05377,2561.0137,1790.8221
target 147,DSC05378,2563.7253,1779.5404
target 147,DSC05379,2565.6162,1716.7239
target 147,DSC05380,2560.7898,1713.6652
target 147,DSC05381,2560.6541,1613.4739
target 147,DSC05384,2588.6423,2015.3444
target 147,DSC05393,2618.342,1821.0088
target 147,DSC05419,2691.241,1177.0714
target 147,DSC05438,3414.72,2412.2507
target 147,DSC05439,3394.3904,2370.916
target 147,DSC05440,3248.2966,2323.344
target 147,DSC05441,3234.0657,2354.6218
target 147,DSC05442,3015.093,2285.4827
target 147,DSC05443,2952.9456,2270.8931
target 147,DSC05450,2478.3391,2070.9348
target 147,DSC05498,2868.4761,2078.0762
target 147,DSC05500,3171.3333,1964.0857
target 147,DSC05501,3127.4661,1954.3689
target 147,DSC05502,3374.7856,1897.7449
target 147,DSC05505,3235.8809,1984.1031
target 147,DSC05506,3296.4841,2013.8671
target 147,DSC05511,3544.3879,2251.5225
target 148,DSC05208,4062.0112,2252.1592
target 148,DSC05210,4025.2595,2404.281
target 148,DSC05211,4014.5779,2360.9785
target 148,DSC05212,4017.5688,2166.1897
target 148,DSC05213,4028.3833,1968.2124
target 148,DSC05214,4035.0051,1775.8229
target 148,DSC05215,4027.5522,1757.936
target 148,DSC05216,4041.1738,1734.0438
target 148,DSC05217,3995.0645,2030.0157
target 148,DSC05218,3992.356,2052.9656
target 148,DSC05219,3974.4807,2114.0691
target 148,DSC05220,3976.6487,2206.5103
target 148,DSC05221,3965.552,2108.1692
target 148,DSC05222,3965.6445,1706.4258
target 148,DSC05225,3855.1028,2104.6506
target 148,DSC05241,3644.3103,2042.5403
target 148,DSC05243,2763.9341,2005.1415
target 148,DSC05244,2620.0725,2024.7473
target 148,DSC05245,3114.2644,2058.2036
target 148,DSC05246,3683.1604,2053.0327
target 148,DSC05247,3757.9038,2044.4275
target 148,DSC05272,2545.3206,1730.1824
target 148,DSC05273,2539.0249,1361.5525
target 148,DSC05274,2543.2346,1475.4358
target 148,DSC05275,2547.2156,1834.8075
target 148,DSC05276,2546.3306,1916.3306
target 148,DSC05277,2546.2769,1934.1804
target 148,DSC05278,2537.5352,1856.8379
target 148,DSC05279,2549.8657,1937.4056
target 148,DSC05280,2543.8018,1711.429
target 148,DSC05281,2552.9495,2038.8102
target 148,DSC05282,2551.0562,2144.635
target 148,DSC05283,2546.4902,2113.6116
target 148,DSC05284,2547.8208,1980.9138
target 148,DSC05285,2544.1094,1851.3795
target 148,DSC05286,2550.0789,2008.1761
target 148,DSC05287,2550.843,1987.7635
target 148,DSC05290,2551.8845,2216.0693
target 148,DSC05317,3310.5293,2070.478
target 148,DSC05318,3219.8552,2064.2173
target 148,DSC05319,3256.1655,2061.7944
target 148,DSC05322,3524.4653,2048.1479
target 148,DSC05323,3637.8345,2040.05
target 148,DSC05324,3714.7441,2049.0403
target 148,DSC05327,3628.1863,2074.1863
target 148,DSC05328,3724.7185,2059.6062
target 148,DSC05378,2556.3223,2064.6174
target 148,DSC05379,2571.7029,2002.3087
target 148,DSC05380,2572.4766,2000.2712
target 148,DSC05381,2582.3879,1898.7153
target 148,DSC05382,2594.897,1924.6261
target 148,DSC05417,2370.5706,1350.4851
target 148,DSC05428,3469.2461,2464.6826
target 148,DSC05439,3679.343,2413.6445
target 148,DSC05440,3524.0913,2339.387
target 148,DSC05441,3514.5098,2362.2744
target 148,DSC05442,3284.5176,2277.9246
target 148,DSC05443,3216.1738,2254.0291
target 148,DSC05444,2978.1917,2240.3835
target 148,DSC05445,2956.4807,2233.0078
target 148,DSC05489,2618.8125,2376.759
target 148,DSC05490,2671.0413,2332.4849
target 148,DSC05496,2868.4189,2068.781
target 148,DSC05497,2924.22,2064.0
target 148,DSC05498,3115.9712,2037.0577
target 148,DSC05499,3197.802,1998.1368
target 148,DSC05500,3420.717,1968.0
target 148,DSC05501,3375.1941,1965.432
target 148,DSC05502,3615.2874,1934.2343
target 148,DSC05503,3593.0437,1921.1699
target 149,DSC05196,3319.5371,2487.7837
target 149,DSC05197,3322.5271,2978.9067
target 149,DSC05198,3323.0334,2889.7834
target 149,DSC05199,3307.8755,3097.9048
target 149,DSC05200,3297.8093,3154.6292
target 149,DSC05201,3298.8921,3140.3735
target 149,DSC05250,4293.1172,3341.3945
target 149,DSC05251,3394.8774,3318.5146
target 149,DSC05252,3328.3528,3332.8831
target 149,DSC05253,3453.9797,3340.8098
target 149,DSC05254,3239.5713,3330.0261
target 149,DSC05255,3975.5,2206.8862
target 149,DSC05256,4013.7244,1696.386
target 149,DSC05257,4133.3706,1388.7117
target 149,DSC05258,4129.4023,1311.6279
target 149,DSC05260,4169.7124,1005.1895
target 149,DSC05261,4129.9487,1302.6735
target 149,DSC05262,4088.929,1075.2759
target 149,DSC05263,4063.1226,709.872
target 149,DSC05264,4071.9265,504.654
target 149,DSC05265,3920.2058,1071.8235
target 149,DSC05266,3825.6348,1562.7876
target 149,DSC05337,4505.127,3583.783
target 149,DSC05338,4414.7876,3648.2815
target 149,DSC05339,4454.8677,3731.2131
target 149,DSC05340,4320.8311,3715.4817
target 149,DSC05341,3866.6685,3729.4575
target 149,DSC05342,4301.6514,3782.4622
target 149,DSC05343,4348.7319,3826.9102
target 149,DSC05344,4078.2102,3775.3484
target 149,DSC05345,3939.5588,3757.7012
target 149,DSC05346,3869.1345,3804.9473
target 149,DSC05348,3509.1084,3760.0154
target 149,DSC05349,3253.6667,3704.1111
target 149,DSC05350,2946.5659,3658.4717
target 149,DSC05351,1173.0317,2897.5457
target 149,DSC05353,333.2106,2382.6865
target 149,DSC05354,368.5693,2193.1113
target 149,DSC05355,415.7764,2366.4629
target 149,DSC05356,373.7925,2303.5674
target 149,DSC05357,307.9619,2337.9075
target 149,DSC05358,215.7299,2847.6401
target 149,DSC05359,267.3192,2765.8997
target 149,DSC05360,340.8254,2851.1619
target 149,DSC05361,299.4585,2987.4602
target 149,DSC05362,578.6189,2963.1135
target 149,DSC05365,1366.8334,3118.2354
target 149,DSC05366,1379.6726,2837.5767
target 149,DSC05367,1269.5406,2990.7539
target 149,DSC05414,3029.3359,2937.8262
target 149,DSC05415,3259.6926,3036.3533
target 149,DSC05421,2518.5488,3720.1138
target 149,DSC05422,3041.8469,3918.3611
target 149,DSC05423,3268.2529,3906.113
target 149,DSC05435,4144.5239,3444.907
target 149,DSC05436,3999.7258,3393.2371
target 149,DSC05437,4197.5073,3476.9302
target 149,DSC05438,4246.5835,3545.7168
target 149,DSC05439,4139.6953,3391.978
target 149,DSC05476,3295.814,3446.8118
target 149,DSC05477,3493.8318,3278.9077
target 149,DSC05502,4036.3733,2652.0352
target 149,DSC05503,4028.1108,2654.1646
target 149,DSC05504,4092.6018,2694.2898
target 149,DSC05505,3964.9343,2814.3401
target 149,DSC05506,4033.7888,2885.885
target 149,DSC05507,4083.7114,2948.9277
target 149,DSC05508,4188.3281,3053.2395
target 149,DSC05509,3909.0935,3065.9155
target 149,DSC05514,4245.7422,3459.1331
target 149,DSC05515,4175.2974,3556.062
target 149,DSC05516,4294.1929,3640.9558
target 149,DSC05517,4180.96,3678.092
target 149,DSC05518,4179.1177,3891.2644
target 149,DSC05520,3617.8228,3899.7939
target 149,DSC05521,3446.6477,3855.396
target 149,DSC05522,3297.1748,3887.3616
point 1,DSC05203,3256.5593,3518.467
point 1,DSC05204,2658.905,2901.4446
point 1,DSC05205,2636.5874,3085.8755
point 1,DSC05207,2635.2043,3114.0706
point 1,DSC05208,2635.6619,3388.8516
point 1,DSC05210,2627.4072,3381.1614
point 1,DSC05211,2619.1936,3181.9268
point 1,DSC05212,2620.8979,2832.3457
point 1,DSC05213,2627.9268,2524.4163
point 1,DSC05214,2636.1357,2181.5671
point 1,DSC05215,2634.76,2046.2023
point 1,DSC05216,2639.6174,1878.3705
point 1,DSC05217,2628.1345,2032.4202
point 1,DSC05218,2632.105,1957.6837
point 1,DSC05219,2630.8611,1899.717
point 1,DSC05266,3654.7952,460.1432
point 1,DSC05267,3740.979,193.9572
point 1,DSC05269,3532.79,762.3787
point 1,DSC05270,3545.0693,546.2035
point 1,DSC05271,3572.7573,470.7698
point 1,DSC05272,3556.7754,687.7596
point 1,DSC05273,3572.1702,378.4316
point 1,DSC05274,3527.604,600.2969
point 1,DSC05275,3485.9397,1066.1993
point 1,DSC05276,3478.6284,1240.8367
point 1,DSC05277,3467.8496,1376.5336
point 1,DSC05278,3463.9668,1409.7982
point 1,DSC05279,3442.7217,1648.3046
point 1,DSC05280,3437.7754,1538.3051
point 1,DSC05281,3433.7109,1954.8397
point 1,DSC05282,3442.1206,2174.2512
point 1,DSC05283,3438.3022,2258.0098
point 1,DSC05284,3445.7979,2239.3918
point 1,DSC05285,3452.2776,2251.531
point 1,DSC05286,3468.2041,2526.5461
point 1,DSC05287,3474.3108,2560.2463
point 1,DSC05317,2775.5901,2877.6221
point 1,DSC05318,2872.2007,2848.791
point 1,DSC05319,3029.075,2834.9575
point 1,DSC05320,3421.1104,2821.9048
point 1,DSC05322,3791.7314,2806.2188
point 1,DSC05323,4053.6963,2815.8145
point 1,DSC05324,4235.0591,2855.9839
point 1,DSC05325,4072.1809,2879.7896
point 1,DSC05326,4349.1484,2917.2615
point 1,DSC05327,4573.8447,2966.8242
point 1,DSC05328,4788.1768,2988.9253
point 1,DSC05329,5209.1099,3062.4333
point 1,DSC05330,5112.1357,3075.8381
point 1,DSC05331,5216.1694,3088.2996
point 1,DSC05332,4885.2969,3060.8691
point 1,DSC05333,4788.1226,3102.0613
point 1,DSC05334,5141.3462,3177.6526
point 1,DSC05335,5072.7441,3200.9775
point 1,DSC05368,1821.2712,3799.1699
point 1,DSC05369,1896.0596,3679.4324
point 1,DSC05370,1977.5942,3483.9067
point 1,DSC05371,2001.7506,3458.4858
point 1,DSC05373,2002.1206,2656.7942
point 1,DSC05374,2004.9476,3164.5352
point 1,DSC05375,2014.151,3299.2744
point 1,DSC05376,2028.2581,3022.9722
point 1,DSC05377,2033.1101,2817.8545
point 1,DSC05378,2070.5088,2660.8113
point 1,DSC05379,2114.7107,2397.9209
point 1,DSC05380,2125.6294,2325.3213
point 1,DSC05381,2144.123,2086.8013
point 1,DSC05382,2155.9453,1979.6953
point 1,DSC05383,2173.2488,1829.1927
point 1,DSC05384,2176.448,2070.9255
point 1,DSC05385,2184.0486,1861.0914
point 1,DSC05386,2167.6736,1432.0074
point 1,DSC05406,1158.1047,3183.0649
point 1,DSC05408,1916.0569,3115.5308
point 1,DSC05414,4543.043,2508.3813
point 1,DSC05415,4650.9639,2483.9021
point 1,DSC05417,4643.0557,2401.4558
point 1,DSC05418,4841.5103,2439.2236
point 1,DSC05419,4906.8662,2284.2166
point 1,DSC05420,5170.2676,2290.908
point 1,DSC05428,5458.2388,3753.8745
point 1,DSC05429,5203.4595,3519.2371
point 1,DSC05430,5623.4395,3547.7021
point 1,DSC05431,5359.1777,3219.468
point 1,DSC05432,5890.3521,3318.7151
point 1,DSC05433,4573.5635,2856.5105
point 1,DSC05434,4542.5303,2842.9854
point 1,DSC05435,4757.1338,2951.0566
point 1,DSC05436,4538.1284,2878.8506
point 1,DSC05437,4694.6333,2935.8418
point 1,DSC05439,4286.6602,2782.8394
point 1,DSC05440,3908.4119,2653.2571
point 1,DSC05441,3802.8008,2646.6792
point 1,DSC05442,3465.3801,2551.3018
point 1,DSC05444,2980.7295,2502.2412
point 1,DSC05445,2864.4492,2500.0281
point 1,DSC05447,2818.469,2386.4619
point 1,DSC05448,2613.8296,2354.1367
point 1,DSC05449,2433.2341,2338.7668
point 1,DSC05450,2129.5059,2304.6223
point 1,DSC05451,2155.4355,2324.033
point 1,DSC05452,1953.38,2433.1421
point 1,DSC05453,2187.8486,2496.3586
point 1,DSC05454,1859.2465,2514.9895
point 1,DSC05463,1526.1233,3236.5581
point 1,DSC05464,1523.7128,2922.3438
point 1,DSC05466,1382.5457,2693.1494
point 1,DSC05469,745.0308,3081.8965
point 1,DSC05472,762.161,3073.0471
point 1,DSC05473,1206.55,2815.3831
point 1,DSC05474,1462.5226,2893.5188
point 1,DSC05475,1147.5854,3327.9866
point 1,DSC05476,4939.0254,3215.0127
point 1,DSC05477,4774.0186,2773.0149
point 1,DSC05478,4692.7129,2610.3945
point 1,DSC05487,1650.4426,2649.0308
point 1,DSC05488,1789.1703,2500.396
point 1,DSC05489,1811.3699,2455.0283
point 1,DSC05490,1972.3048,2369.115
point 1,DSC05491,1953.7456,2326.5959
point 1,DSC05492,1979.9843,2280.2231
point 1,DSC05498,3213.3323,2003.1501
point 1,DSC05499,3437.7979,1992.1554
point 1,DSC05500,3806.0415,2008.1774
point 1,DSC05501,3840.481,2021.6691
point 1,DSC05502,4231.9917,2072.8813
point 1,DSC05506,4444.2485,2290.8186
point 1,DSC05507,4558.7446,2357.1814
point 1,DSC05508,4749.6338,2465.5569
point 1,DSC05509,4498.7979,2459.4253
point 1,DSC05510,4917.0024,2811.6277
point 1,DSC05511,5256.2754,3005.9929
point 1,DSC05512,5532.4443,3039.5061
point 1,DSC05513,5626.5952,3155.4077
point 1,DSC05514,5452.7188,3217.9358
point 1,DSC05515,5479.3599,3379.4377
point 1,DSC05517,5654.1094,3684.0171
point 2,DSC05196,3258.7805,1696.9714
point 2,DSC05197,3264.8059,1958.1163
point 2,DSC05198,3268.3865,1780.2369
point 2,DSC05199,3258.0842,1842.7721
point 2,DSC05200,3252.4443,1836.2277
point 2,DSC05201,3258.9697,1724.0426
point 2,DSC05202,3273.3171,1461.8569
point 2,DSC05203,3281.812,1071.7976
point 2,DSC05210,2662.6543,1284.2216
point 2,DSC05211,2655.6387,1254.2198
point 2,DSC05212,2659.6975,1067.776
point 2,DSC05213,2668.802,874.545
point 2,DSC05214,2676.3325,720.3553
point 2,DSC05215,2676.6804,760.3979
point 2,DSC05216,2681.9487,809.0762
point 2,DSC05217,2663.9016,1263.3801
point 2,DSC05218,2668.6785,1365.8926
point 2,DSC05219,2665.4939,1539.5535
point 2,DSC05220,2661.4136,1754.5648
point 2,DSC05226,2647.6694,2503.7969
point 2,DSC05227,2647.5342,2152.0938
point 2,DSC05228,2649.0015,2421.8179
point 2,DSC05229,2658.4214,2409.2483
point 2,DSC05230,2661.3391,2361.8391
point 2,DSC05231,2658.9824,2767.9285
point 2,DSC05232,2658.6121,3056.3225
point 2,DSC05233,2659.0098,2995.083
point 2,DSC05234,2651.478,3412.0579
point 2,DSC05235,2652.7104,3313.4536
point 2,DSC05236,4041.8152,3380.5002
point 2,DSC05237,4258.5713,3392.291
point 2,DSC05238,3737.3069,3379.4727
point 2,DSC05239,3641.4897,3379.7817
point 2,DSC05241,3888.3467,3393.738
point 2,DSC05243,2291.6423,3339.9885
point 2,DSC05244,1923.3563,3319.3325
point 2,DSC05245,2284.7969,3329.2087
point 2,DSC05246,2716.8354,3338.1912
point 2,DSC05247,2706.176,3338.5173
point 2,DSC05248,2616.4319,3311.8237
point 2,DSC05249,2744.7009,3313.8967
point 2,DSC05250,2587.2058,3313.5371
point 2,DSC05251,2169.3499,3300.1311
point 2,DSC05252,2492.3472,3327.5349
point 2,DSC05253,2759.1589,3340.1484
point 2,DSC05255,3582.3418,2487.7051
point 2,DSC05256,3592.0212,2039.3055
point 2,DSC05257,3653.5986,1963.7864
point 2,DSC05258,3665.0991,2081.7097
point 2,DSC05260,3704.4236,2054.6833
point 2,DSC05261,3718.7014,2418.655
point 2,DSC05263,3720.8792,2114.4451
point 2,DSC05265,3714.4587,2547.6313
point 2,DSC05266,3713.4858,3082.6509
point 2,DSC05267,3831.6826,2975.071
point 2,DSC05268,3901.4314,2636.4839
point 2,DSC05269,3838.8989,2951.0518
point 2,DSC05270,3873.6174,2725.3147
point 2,DSC05271,3950.4475,2662.3513
point 2,DSC05272,3999.1929,2792.281
point 2,DSC05273,4016.3857,2442.1274
point 2,DSC05274,3987.5823,2504.1785
point 2,DSC05276,4044.6978,2899.7998
point 2,DSC05277,4079.5593,2883.822
point 2,DSC05278,4120.9443,2780.5942
point 2,DSC05279,4102.334,2754.7883
point 2,DSC05280,4106.4033,2470.1001
point 2,DSC05281,4127.4966,2721.1106
point 2,DSC05282,4177.2607,2755.8633
point 2,DSC05283,4176.9429,2630.729
point 2,DSC05284,4197.1431,2411.615
point 2,DSC05285,4216.5142,2164.7849
point 2,DSC05286,4220.3623,2192.8062
point 2,DSC05287,4224.8081,2121.8618
point 2,DSC05288,4345.1548,2081.4087
point 2,DSC05289,4352.3301,1943.2335
point 2,DSC05290,4346.9971,2021.7501
point 2,DSC05291,4329.2661,2041.2382
point 2,DSC05292,4312.8906,1794.4396
point 2,DSC05293,4313.6895,1614.9902
point 2,DSC05294,4315.0493,1384.2302
point 2,DSC05295,4320.0225,1141.1
point 2,DSC05296,4281.7812,1148.5811
point 2,DSC05297,4397.1025,1095.3584
point 2,DSC05298,4401.0503,1066.0311
point 2,DSC05299,4347.9888,1058.0283
point 2,DSC05300,4291.2808,1095.3677
point 2,DSC05301,4276.8354,880.6631
point 2,DSC05302,4220.0142,899.9724
point 2,DSC05303,4166.2666,852.6098
point 2,DSC05305,4211.5845,3391.3037
point 2,DSC05306,4264.0854,3464.9756
point 2,DSC05307,4224.9829,3522.9966
point 2,DSC05308,4192.0518,3576.0374
point 2,DSC05309,4323.8989,3635.5542
point 2,DSC05310,4239.5273,3703.4905
point 2,DSC05311,3662.116,3730.0596
point 2,DSC05312,3946.2739,3833.1184
point 2,DSC05313,3897.4553,3958.2209
point 2,DSC05314,3664.1804,3986.2358
point 2,DSC05318,2837.9036,3903.9089
point 2,DSC05319,2773.0342,3853.0459
point 2,DSC05320,2846.8618,3764.0349
point 2,DSC05321,3063.2732,3621.208
point 2,DSC05322,2745.5176,3583.9307
point 2,DSC05323,2786.1382,3525.7253
point 2,DSC05324,2789.6377,3566.3027
point 2,DSC05325,2451.5725,3591.5439
point 2,DSC05326,2534.7273,3550.4092
point 2,DSC05327,2577.8235,3523.4111
point 2,DSC05328,2663.0271,3462.0398
point 2,DSC05329,2880.4299,3453.5012
point 2,DSC05330,2694.5957,3435.1787
point 2,DSC05331,2736.5498,3354.1396
point 2,DSC05332,2356.0122,3344.8999
point 2,DSC05333,2131.1257,3367.7087
point 2,DSC05334,2431.1387,3290.4329
point 2,DSC05335,2349.1394,3278.1409
point 2,DSC05336,2616.574,3271.0911
point 2,DSC05337,2850.7742,3247.3245
point 2,DSC05338,2835.7444,3238.0725
point 2,DSC05339,2954.293,3228.0596
point 2,DSC05340,2956.0691,3193.9351
point 2,DSC05341,2661.6194,3197.8909
point 2,DSC05344,3157.1541,3142.6631
point 2,DSC05345,3112.0852,3129.3445
point 2,DSC05346,3221.7698,3129.1921
point 2,DSC05348,3151.073,3083.9067
point 2,DSC05349,3054.0674,3054.9429
point 2,DSC05350,2936.1514,3032.2952
point 2,DSC05351,1808.4374,2746.0977
point 2,DSC05352,993.2679,2146.2676
point 2,DSC05353,1274.9034,2138.407
point 2,DSC05354,1274.2747,1827.6833
point 2,DSC05355,1302.5354,1912.6539
point 2,DSC05356,1252.4111,1677.6776
point 2,DSC05358,1128.8469,1844.0117
point 2,DSC05359,1074.8604,1581.9938
point 2,DSC05360,1041.2932,1492.4897
point 2,DSC05361,934.6072,1449.3718
point 2,DSC05362,991.5112,1387.2169
point 2,DSC05363,1043.3593,1618.2279
point 2,DSC05364,1704.7367,1639.6902
point 2,DSC05365,1751.8087,1686.079
point 2,DSC05366,1821.4565,1546.9663
point 2,DSC05367,1838.0917,1807.55
point 2,DSC05368,1729.7004,1405.9542
point 2,DSC05369,1719.9922,1377.413
point 2,DSC05370,1725.246,1272.4166
point 2,DSC05371,1736.7252,1281.127
point 2,DSC05372,1551.3802,1717.2357
point 2,DSC05373,1115.665,520.7923
point 2,DSC05374,1264.2888,1123.0598
point 2,DSC05375,1277.1967,1324.8536
point 2,DSC05376,1114.5103,1149.2007
point 2,DSC05377,955.4838,1037.5669
point 2,DSC05378,883.2983,1057.9033
point 2,DSC05379,809.5002,1079.2198
point 2,DSC05380,763.6777,1111.722
point 2,DSC05381,691.5652,1085.1311
point 2,DSC05382,668.0779,1197.0585
point 2,DSC05383,676.9574,1273.4585
point 2,DSC05384,711.496,1714.644
point 2,DSC05385,732.0074,1719.2009
point 2,DSC05386,710.9731,1598.4939
point 2,DSC05387,726.4507,1624.6643
point 2,DSC05388,691.6592,1560.6824
point 2,DSC05389,767.9843,1659.8325
point 2,DSC05390,769.5171,1683.4491
point 2,DSC05391,780.1793,1883.3008
point 2,DSC05392,755.915,1963.7644
point 2,DSC05393,853.0051,2260.8201
point 2,DSC05394,771.188,2365.6333
point 2,DSC05395,759.9775,2413.5618
point 2,DSC05396,737.033,2428.0212
point 2,DSC05397,771.0205,2594.562
point 2,DSC05398,770.1157,2712.261
point 2,DSC05399,800.6016,2919.5747
point 2,DSC05400,834.2501,3025.0195
point 2,DSC05401,929.4376,3188.5159
point 2,DSC05402,915.1373,3180.4355
point 2,DSC05403,919.8238,3101.9546
point 2,DSC05404,931.8589,3191.552
point 2,DSC05405,4857.7388,3002.0186
point 2,DSC05406,4845.1685,2805.4631
point 2,DSC05408,5097.4751,2322.1782
point 2,DSC05409,4967.5386,2645.2891
point 2,DSC05410,4493.5425,2371.8438
point 2,DSC05411,4512.8018,2511.458
point 2,DSC05412,4121.6553,2644.6587
point 2,DSC05413,4316.7939,2922.6641
point 2,DSC05414,1338.488,2390.8943
point 2,DSC05415,1363.743,2578.3845
point 2,DSC05417,1399.0732,2616.2637
point 2,DSC05418,1568.9353,2668.8098
point 2,DSC05419,1787.798,2600.9309
point 2,DSC05420,2078.6062,2604.1719
point 2,DSC05421,2180.749,2822.6907
point 2,DSC05422,2545.8853,2931.522
point 2,DSC05423,2661.7344,2935.2297
point 2,DSC05424,2648.0002,3020.323
point 2,DSC05425,2683.9539,3063.3833
point 2,DSC05427,2640.0359,3228.0359
point 2,DSC05428,2592.0437,3261.0437
point 2,DSC05429,2450.3521,3279.8735
point 2,DSC05430,2819.4128,3322.6418
point 2,DSC05431,2853.4417,3153.3486
point 2,DSC05432,3303.9834,3228.3069
point 2,DSC05433,2345.937,3169.6746
point 2,DSC05434,2334.9602,3209.4844
point 2,DSC05435,2510.6609,3372.436
point 2,DSC05436,2383.1689,3425.0374
point 2,DSC05437,2550.2498,3530.5083
point 2,DSC05438,2562.2922,3795.7334
point 2,DSC05439,2601.4446,3823.552
point 2,DSC05440,2586.4436,3835.531
point 2,DSC05441,2601.9028,3939.3789
point 2,DSC05442,2475.8386,3892.9817
point 2,DSC05443,2476.7383,3901.0271
point 2,DSC05444,2334.0857,3960.0093
point 2,DSC05445,2387.1077,3972.9666
point 2,DSC05450,2512.5254,3847.897
point 2,DSC05451,2818.5535,3872.228
point 2,DSC05452,2804.6465,3852.0918
point 2,DSC05453,3199.8899,3953.9944
point 2,DSC05454,3193.74,3859.4524
point 2,DSC05455,3649.0452,3840.0051
point 2,DSC05456,4102.3354,3977.4856
point 2,DSC05457,4029.6152,3807.4233
point 2,DSC05458,4170.0176,3679.9893
point 2,DSC05459,4279.0674,3837.9954
point 2,DSC05460,4203.5151,3673.4465
point 2,DSC05461,4331.5659,3551.1653
point 2,DSC05462,4257.5083,3407.2
point 2,DSC05463,5049.0454,3220.4443
point 2,DSC05464,5128.0425,3492.3064
point 2,DSC05465,4759.9678,3467.9351
point 2,DSC05466,4783.6973,3478.3958
point 2,DSC05469,4084.4075,3610.8621
point 2,DSC05472,4095.5952,3613.3879
point 2,DSC05473,4341.542,3698.5295
point 2,DSC05474,4701.3711,3349.6528
point 2,DSC05475,4545.8091,3164.4814
point 2,DSC05477,1787.5049,2787.8235
point 2,DSC05478,1770.6299,3051.8201
point 2,DSC05493,2513.2839,3917.1636
point 2,DSC05494,2416.113,3813.2063
point 2,DSC05495,2497.1655,3731.5793
point 2,DSC05496,2504.1724,3661.2324
point 2,DSC05497,2472.594,3618.5496
point 2,DSC05498,2546.5898,3513.3721
point 2,DSC05499,2545.4209,3382.8215
point 2,DSC05500,2670.6838,3238.811
point 2,DSC05501,2607.1094,3201.9324
point 2,DSC05502,2767.5134,3040.7839
point 2,DSC05503,2740.4595,2995.5144
point 2,DSC05504,2774.8701,2978.9878
point 2,DSC05505,2587.1963,3082.4302
point 2,DSC05506,2619.3933,3085.1189
point 2,DSC05507,2639.4695,3078.7322
point 2,DSC05508,2702.9797,3085.6187
point 2,DSC05509,2414.4968,3122.2446
point 2,DSC05510,2557.8298,3134.6694
point 2,DSC05511,2768.7375,3086.9827
point 2,DSC05512,3049.334,2818.3162
point 2,DSC05513,3084.1438,2824.3149
point 2,DSC05514,2909.0591,2843.3992
point 2,DSC05515,2882.5491,2853.657
point 2,DSC05516,3049.835,2834.0308
point 2,DSC05517,3004.5774,2823.3267
point 2,DSC05518,3029.4812,2911.5015
point 2,DSC05519,2778.1062,2977.7324
point 2,DSC05523,2754.0161,2811.6165
point 2,DSC05524,2681.7522,2812.925
point 2,DSC05525,2423.1965,2815.8816
point 3,DSC05200,4797.4131,2324.5354
point 3,DSC05203,4950.0127,1668.9778
point 3,DSC05204,4348.7397,1139.0107
point 3,DSC05205,4468.3921,1336.026
point 3,DSC05206,4525.0928,1304.9768
point 3,DSC05207,4556.0928,1454.0981
point 3,DSC05208,4532.9556,1837.1177
point 3,DSC05209,4500.1167,1988.0598
point 3,DSC05210,4502.0884,1987.4568
point 3,DSC05211,4511.4512,1944.0519
point 3,DSC05215,4621.915,1376.0776
point 3,DSC05217,4602.4731,1694.559
point 3,DSC05245,2812.0667,1537.9526
point 3,DSC05246,3310.0486,1586.9669
point 3,DSC05247,3369.5227,1614.6204
point 3,DSC05248,3351.551,1521.5145
point 3,DSC05249,3452.1023,1505.5458
point 3,DSC05272,2024.6494,2167.98
point 3,DSC05325,2999.0022,1559.5613
point 3,DSC05327,3195.5266,1557.5071
point 3,DSC05328,3296.9941,1542.6243
point 3,DSC05329,3537.5,1530.0013
point 3,DSC05377,3061.5115,1607.0292
point 3,DSC05378,3068.5525,1607.5376
point 3,DSC05379,3067.0137,1564.0128
point 3,DSC05440,3126.5359,1867.5133
point 3,DSC05441,3119.0269,1893.9799
point 3,DSC05442,2909.0186,1836.968
point 3,DSC05494,2298.5125,1907.4603
point 4,DSC05198,4992.9897,2251.4841
point 4,DSC05208,4640.5708,2272.3228
point 4,DSC05211,4576.5244,2411.5017
point 4,DSC05215,4571.0015,1868.0087
point 4,DSC05217,4521.042,2156.092
point 4,DSC05218,4512.0439,2184.5159
point 4,DSC05219,4483.4648,2250.7312
point 4,DSC05220,4482.0288,2349.0205
point 4,DSC05221,4456.4858,2258.4888
point 4,DSC05242,3352.448,1618.5651
point 4,DSC05243,2924.0701,1552.0143
point 4,DSC05245,3231.0181,1594.0135
point 4,DSC05246,3746.519,1565.5605
point 4,DSC05247,3782.8337,1546.0217
point 4,DSC05263,1958.011,1517.056
point 4,DSC05268,1517.3295,1471.3729
point 4,DSC05276,2005.5259,1858.0051
point 4,DSC05281,2039.0537,1929.0209
point 4,DSC05282,2032.9868,2025.1375
point 4,DSC05283,2032.001,1988.0098
point 4,DSC05293,2018.0317,1873.6278
point 4,DSC05294,2014.9941,1718.9468
point 4,DSC05314,3456.3918,1528.9888
point 4,DSC05320,3608.0039,1544.9507
point 4,DSC05321,3913.0071,1528.0229
point 4,DSC05333,3090.385,1474.7305
point 4,DSC05340,3502.9946,1516.0815
point 4,DSC05377,3047.5664,2127.5032
point 4,DSC05379,3076.4097,2102.4495
point 4,DSC05381,3094.4507,2018.0214
point 4,DSC05382,3105.5779,2055.0352
point 4,DSC05383,3122.5779,2031.5566
point 4,DSC05384,3124.0278,2420.9658
point 4,DSC05385,3135.053,2313.04
point 4,DSC05390,3166.8601,1656.8682
point 4,DSC05391,3165.1321,1772.6241
point 4,DSC05392,3162.6763,1785.5449
point 4,DSC05432,4491.0063,1892.0231
point 4,DSC05433,3313.6277,1739.5387
point 4,DSC05434,3355.0598,1745.4407
point 4,DSC05439,3801.0361,1950.0049
point 4,DSC05440,3652.4631,1889.0475
point 4,DSC05441,3655.6082,1903.9559
point 4,DSC05442,3423.5178,1826.4801
point 4,DSC05443,3356.5234,1802.524
point 4,DSC05444,3117.5286,1784.944
point 4,DSC05445,3100.0447,1778.0166
point 4,DSC05450,2849.5601,1509.4025
point 4,DSC05452,2885.9902,1563.9722
point 4,DSC05453,3254.1763,1627.0657
point 6,DSC05196,5934.0347,2069.0181
point 6,DSC05201,5792.2729,2991.9592
point 6,DSC05202,5793.2212,2855.9021
point 6,DSC05203,5844.1045,2599.9573
point 6,DSC05208,5223.2612,3044.3008
point 6,DSC05210,5126.8394,3189.6519
point 6,DSC05211,5058.7026,3142.1079
point 6,DSC05212,4996.0049,2936.5676
point 6,DSC05213,4957.7148,2729.8525
point 6,DSC05246,4352.2026,1203.7891
point 6,DSC05247,4448.4609,1086.3749
point 6,DSC05250,3908.9866,574.9936
point 6,DSC05251,3031.5215,539.4639
point 6,DSC05260,1038.3817,1512.2261
point 6,DSC05261,1059.7924,1798.7061
point 6,DSC05262,1093.403,1511.8379
point 6,DSC05264,1098.4332,796.591
point 6,DSC05265,1231.0078,1300.0217
point 6,DSC05269,1449.9839,1274.1852
point 6,DSC05270,1403.7684,959.1984
point 6,DSC05271,1351.1331,779.4984
point 6,DSC05275,1472.6008,1044.5201
point 6,DSC05276,1482.1813,1128.3788
point 6,DSC05277,1500.5646,1160.8478
point 6,DSC05278,1490.4956,1084.6965
point 6,DSC05281,1618.532,1396.4675
point 6,DSC05282,1623.7701,1531.7418
point 6,DSC05283,1635.7996,1540.6595
point 6,DSC05284,1641.0875,1440.2107
point 6,DSC05296,1670.7303,1680.4388
point 6,DSC05310,3358.4146,1144.088
point 6,DSC05311,2952.1182,1142.9208
point 6,DSC05318,3750.4973,1100.1425
point 6,DSC05320,4120.2886,1083.792
point 6,DSC05322,4223.0684,1080.1058
point 6,DSC05323,4378.4224,1052.1097
point 6,DSC05324,4507.959,1008.338
point 6,DSC05325,4218.645,1008.0961
point 6,DSC05326,4369.3574,980.9794
point 6,DSC05327,4481.6021,955.3796
point 6,DSC05328,4588.9004,924.1579
point 6,DSC05329,4886.4946,859.6177
point 6,DSC05330,4649.8779,852.809
point 6,DSC05331,4635.0444,851.6108
point 6,DSC05332,4164.231,822.9658
point 6,DSC05333,3878.7031,788.5062
point 6,DSC05337,4315.6968,775.3541
point 6,DSC05338,4153.4307,753.8899
point 6,DSC05339,4122.5679,721.2373
point 6,DSC05340,3931.4016,750.3702
point 6,DSC05341,3401.5659,771.4221
point 6,DSC05342,3814.2002,759.335
point 6,DSC05343,3834.1042,750.4679
point 6,DSC05344,3547.0044,793.1613
point 6,DSC05345,3394.4634,812.0988
point 6,DSC05346,3289.5898,806.9025
point 6,DSC05348,2930.3689,813.6868
point 6,DSC05349,2686.3777,845.7772
point 6,DSC05350,2382.137,881.259
point 6,DSC05359,2994.5505,2380.5298
point 6,DSC05360,3012.2844,2550.8105
point 6,DSC05365,3648.5088,3081.5383
point 6,DSC05391,3703.8132,1862.0754
point 6,DSC05394,3702.5391,2008.979
point 6,DSC05426,3866.9314,1590.6276
point 6,DSC05430,4817.6255,1536.7308
point 6,DSC05431,4722.3809,1412.8439
point 6,DSC05432,5560.3086,1474.5978
point 6,DSC05433,4155.1895,1291.5779
point 6,DSC05434,4232.3193,1291.4663
point 6,DSC05435,4607.0049,1379.0029
point 6,DSC05436,4407.2422,1361.7262
point 6,DSC05437,4671.5684,1413.1915
point 6,DSC05438,4808.8877,1435.1699
point 6,DSC05439,4738.0186,1385.2244
point 6,DSC05440,4451.5894,1319.9883
point 6,DSC05441,4435.1133,1313.5927
point 6,DSC05442,4120.0288,1239.2576
point 6,DSC05452,3074.7185,935.8613
point 6,DSC05455,3261.428,945.6429
point 6,DSC05456,3543.4949,981.2737
point 6,DSC05476,2856.5496,761.8309
point 6,DSC05477,3487.2827,690.529
point 6,DSC05478,3981.4209,719.4975
point 6,DSC05481,3156.7168,1136.9381
point 6,DSC05482,3253.1646,1159.0115
point 6,DSC05483,2867.3457,1127.609
point 6,DSC05485,3080.3662,1076.5156
point 6,DSC05486,2977.3821,1099.0682
point 6,DSC05501,4230.1641,1056.9205
point 6,DSC05502,4526.77,1092.6476
point 6,DSC05505,4395.9048,1229.7515
point 6,DSC05506,4480.188,1289.0035
point 6,DSC05507,4536.1841,1340.4359
point 6,DSC05508,4671.7397,1425.9327
point 6,DSC05509,4258.5444,1436.396
point 6,DSC05510,4455.4917,1700.2843
point 6,DSC05511,4690.3618,1795.7909
point 6,DSC05512,4817.4336,1641.6183
point 6,DSC05513,4812.1772,1695.5601
point 6,DSC05514,4469.5513,1737.5869
point 6,DSC05515,4321.8848,1812.3345
point 6,DSC05516,4454.3682,1865.668
point 6,DSC05517,4242.6548,1887.3398
point 6,DSC05519,3775.5776,2163.4136
point 6,DSC05520,3294.5945,2084.7292
point 6,DSC05521,3008.1826,2030.295
point 6,DSC05522,2749.5012,2046.8896
point 6,DSC05524,2642.5784,2061.4729
point 6,DSC05525,2089.1921,2071.9236
point 5,DSC05196,3002.5029,2095.0398
point 5,DSC05197,3009.5874,2639.4924
point 5,DSC05198,3016.0371,2589.0518
point 5,DSC05199,3002.6667,2847.8672
point 5,DSC05200,2999.5171,2945.7148
point 5,DSC05201,3002.7251,2985.5618
point 5,DSC05202,3015.634,2848.3865
point 5,DSC05248,4667.4243,3749.5459
point 5,DSC05249,4692.8306,3788.1292
point 5,DSC05250,4065.2939,3777.8213
point 5,DSC05252,2763.6631,3776.6252
point 5,DSC05253,2850.6455,3795.8113
point 5,DSC05254,2640.4866,3757.5999
point 5,DSC05255,4313.9448,2642.0115
point 5,DSC05256,4349.5801,2146.2974
point 5,DSC05257,4518.5063,1874.1479
point 5,DSC05258,4545.3477,1781.5294
point 5,DSC05260,4630.6597,1452.9923
point 5,DSC05262,4558.397,1452.7039
point 5,DSC05263,4539.2104,1021.3895
point 5,DSC05264,4561.7705,782.5545
point 5,DSC05265,4375.0254,1276.0773
point 5,DSC05331,4580.8276,3906.4507
point 5,DSC05333,3895.7983,3959.1582
point 5,DSC05334,4087.1641,3968.9961
point 5,DSC05335,3923.387,3969.7634
point 5,DSC05350,2483.054,3968.5386
point 5,DSC05353,20.1401,1915.4076
point 5,DSC05354,9.9226,1731.7593
point 5,DSC05355,53.8027,1909.6066
point 5,DSC05363,103.5878,3054.2595
point 5,DSC05364,885.3857,2989.2002
point 5,DSC05365,889.9829,2946.3374
point 5,DSC05366,924.2714,2610.9075
point 5,DSC05367,825.8255,2700.9226
point 5,DSC05414,2762.5044,3544.3098
point 5,DSC05476,2967.7144,3979.9634
point 5,DSC05477,3292.4854,3856.0818
point 5,DSC05510,4008.8555,3836.1516
point 5,DSC05511,4158.3398,3955.7798
point 5,DSC05512,4261.5332,3769.7573
point 5,DSC05513,4256.3604,3839.6558
point 5,DSC05514,4028.6863,3886.0654
point 5,DSC05515,3927.2136,3978.0381
