label,x,y,z,n_obs,mean_err_px,max_err_px,obs_cameras
target 1,-0.6215,0.2508,-2.3123,79,,,DSC05196;DSC05197;DSC05198;DSC05199;DSC05200;DSC05201;DSC05202;DSC05203;DSC05204;DSC05205;DSC05207;DSC05208;DSC05210;DSC05211;DSC05247;DSC05248;DSC05249;DSC05250;DSC05251;DSC05252;DSC05253;DSC05254;DSC05255;DSC05256;DSC05257;DSC05258;DSC05260;DSC05261;DSC05262;DSC05263;DSC05264;DSC05265;DSC05266;DSC05267;DSC05268;DSC05269;DSC05270;DSC05271;DSC05330;DSC05331;DSC05332;DSC05333;DSC05334;DSC05335;DSC05336;DSC05337;DSC05338;DSC05339;DSC05340;DSC05341;DSC05342;DSC05343;DSC05344;DSC05345;DSC05346;DSC05348;DSC05349;DSC05350;DSC05351;DSC05352;DSC05354;DSC05355;DSC05356;DSC05357;DSC05358;DSC05359;DSC05360;DSC05361;DSC05362;DSC05363;DSC05364;DSC05365;DSC05366;DSC05367;DSC05368;DSC05369;DSC05370;DSC05371;DSC05414
target 2,0.2194,-0.4158,-3.1115,123,,,DSC05216;DSC05217;DSC05218;DSC05219;DSC05220;DSC05221;DSC05222;DSC05224;DSC05225;DSC05226;DSC05227;DSC05228;DSC05229;DSC05230;DSC05231;DSC05232;DSC05233;DSC05234;DSC05236;DSC05237;DSC05238;DSC05239;DSC05240;DSC05241;DSC05242;DSC05243;DSC05244;DSC05245;DSC05279;DSC05280;DSC05281;DSC05282;DSC05283;DSC05284;DSC05285;DSC05286;DSC05287;DSC05288;DSC05289;DSC05290;DSC05291;DSC05292;DSC05293;DSC05294;DSC05295;DSC05296;DSC05297;DSC05298;DSC05299;DSC05300;DSC05301;DSC05302;DSC05303;DSC05304;DSC05305;DSC05306;DSC05307;DSC05308;DSC05309;DSC05310;DSC05311;DSC05312;DSC05313;DSC05314;DSC05315;DSC05316;DSC05317;DSC05318;DSC05319;DSC05320;DSC05321;DSC05322;DSC05382;DSC05383;DSC05384;DSC05385;DSC05386;DSC05387;DSC05388;DSC05389;DSC05390;DSC05391;DSC05392;DSC05393;DSC05394;DSC05395;DSC05396;DSC05397;DSC05398;DSC05399;DSC05400;DSC05401;DSC05402;DSC05403;DSC05413;DSC05443;DSC05444;DSC05445;DSC05447;DSC05448;DSC05449;DSC05450;DSC05451;DSC05452;DSC05453;DSC05454;DSC05455;DSC05456;DSC05457;DSC05458;DSC05484;DSC05485;DSC05486;DSC05487;DSC05488;DSC05489;DSC05490;DSC05491;DSC05492;DSC05493;DSC05494;DSC05495;DSC05496
target 3,-1.0755,-0.4178,-2.4677,113,,,DSC05207;DSC05208;DSC05210;DSC05211;DSC05212;DSC05213;DSC05214;DSC05215;DSC05216;DSC05219;DSC05220;DSC05243;DSC05244;DSC05246;DSC05247;DSC05272;DSC05273;DSC05274;DSC05275;DSC05276;DSC05277;DSC05278;DSC05279;DSC05280;DSC05282;DSC05283;DSC05284;DSC05285;DSC05286;DSC05316;DSC05317;DSC05318;DSC05319;DSC05320;DSC05321;DSC05322;DSC05323;DSC05324;DSC05325;DSC05326;DSC05327;DSC05330;DSC05331;DSC05332;DSC05369;DSC05370;DSC05371;DSC05372;DSC05373;DSC05374;DSC05375;DSC05376;DSC05377;DSC05378;DSC05379;DSC05380;DSC05381;DSC05382;DSC05383;DSC05384;DSC05385;DSC05386;DSC05387;DSC05388;DSC05389;DSC05431;DSC05432;DSC05433;DSC05434;DSC05435;DSC05436;DSC05437;DSC05438;DSC05439;DSC05440;DSC05441;DSC05442;DSC05443;DSC05444;DSC05445;DSC05447;DSC05448;DSC05449;DSC05450;DSC05451;DSC05452;DSC05453;DSC05488;DSC05489;DSC05490;DSC05491;DSC05492;DSC05493;DSC05494;DSC05495;DSC05496;DSC05497;DSC05498;DSC05499;DSC05500;DSC05501;DSC05502;DSC05503;DSC05504;DSC05505;DSC05506;DSC05507;DSC05508;DSC05509;DSC05510;DSC05511;DSC05512;DSC05513
target 4,-0.6884,0.2939,-2.3569,78,,,DSC05196;DSC05197;DSC05198;DSC05199;DSC05200;DSC05201;DSC05202;DSC05249;DSC05250;DSC05251;DSC05252;DSC05253;DSC05254;DSC05255;DSC05256;DSC05257;DSC05258;DSC05260;DSC05261;DSC05262;DSC05263;DSC05264;DSC05265;DSC05266;DSC05267;DSC05334;DSC05335;DSC05336;DSC05337;DSC05338;DSC05339;DSC05340;DSC05341;DSC05342;DSC05343;DSC05344;DSC05345;DSC05346;DSC05348;DSC05349;DSC05350;DSC05351;DSC05352;DSC05353;DSC05354;DSC05355;DSC05356;DSC05357;DSC05358;DSC05359;DSC05360;DSC05361;DSC05362;DSC05364;DSC05365;DSC05366;DSC05367;DSC05414;DSC05415;DSC05417;DSC05418;DSC05421;DSC05422;DSC05423;DSC05424;DSC05425;DSC05426;DSC05427;DSC05428;DSC05476;DSC05477;DSC05517;DSC05520;DSC05521;DSC05522;DSC05523;DSC05524;DSC05525
target 5,0.3277,-0.3688,-3.1226,85,,,DSC05215;DSC05216;DSC05217;DSC05218;DSC05219;DSC05220;DSC05221;DSC05222;DSC05224;DSC05225;DSC05226;DSC05227;DSC05228;DSC05229;DSC05230;DSC05231;DSC05232;DSC05233;DSC05234;DSC05236;DSC05237;DSC05238;DSC05239;DSC05240;DSC05241;DSC05242;DSC05243;DSC05244;DSC05245;DSC05280;DSC05281;DSC05282;DSC05283;DSC05284;DSC05285;DSC05286;DSC05287;DSC05288;DSC05289;DSC05290;DSC05291;DSC05292;DSC05293;DSC05294;DSC05295;DSC05296;DSC05297;DSC05298;DSC05299;DSC05300;DSC05301;DSC05302;DSC05303;DSC05304;DSC05307;DSC05308;DSC05309;DSC05310;DSC05311;DSC05312;DSC05313;DSC05314;DSC05315;DSC05316;DSC05317;DSC05318;DSC05319;DSC05320;DSC05385;DSC05386;DSC05387;DSC05388;DSC05389;DSC05390;DSC05391;DSC05392;DSC05393;DSC05394;DSC05395;DSC05396;DSC05397;DSC05398;DSC05399;DSC05400;DSC05455
target 6,-1.0762,-0.3108,-2.393,113,,,DSC05207;DSC05208;DSC05210;DSC05211;DSC05212;DSC05213;DSC05214;DSC05217;DSC05218;DSC05219;DSC05220;DSC05243;DSC05244;DSC05246;DSC05247;DSC05271;DSC05272;DSC05273;DSC05274;DSC05275;DSC05276;DSC05277;DSC05278;DSC05279;DSC05281;DSC05282;DSC05283;DSC05284;DSC05285;DSC05316;DSC05317;DSC05318;DSC05319;DSC05320;DSC05321;DSC05322;DSC05323;DSC05324;DSC05325;DSC05326;DSC05327;DSC05328;DSC05331;DSC05332;DSC05333;DSC05369;DSC05370;DSC05371;DSC05372;DSC05373;DSC05374;DSC05375;DSC05376;DSC05377;DSC05378;DSC05379;DSC05380;DSC05381;DSC05382;DSC05383;DSC05384;DSC05385;DSC05386;DSC05387;DSC05388;DSC05430;DSC05431;DSC05432;DSC05433;DSC05434;DSC05435;DSC05436;DSC05437;DSC05438;DSC05439;DSC05440;DSC05441;DSC05442;DSC05443;DSC05444;DSC05445;DSC05447;DSC05448;DSC05449;DSC05450;DSC05451;DSC05452;DSC05453;DSC05489;DSC05490;DSC05491;DSC05492;DSC05493;DSC05494;DSC05495;DSC05496;DSC05497;DSC05498;DSC05499;DSC05500;DSC05501;DSC05502;DSC05503;DSC05504;DSC05505;DSC05506;DSC05507;DSC05508;DSC05509;DSC05510;DSC05511;DSC05512;DSC05513
target 7,-0.6435,0.2241,-2.2253,87,,,DSC05196;DSC05197;DSC05198;DSC05199;DSC05200;DSC05201;DSC05202;DSC05203;DSC05204;DSC05205;DSC05207;DSC05208;DSC05210;DSC05211;DSC05212;DSC05213;DSC05246;DSC05247;DSC05248;DSC05249;DSC05250;DSC05251;DSC05252;DSC05253;DSC05254;DSC05255;DSC05256;DSC05257;DSC05258;DSC05260;DSC05261;DSC05262;DSC05263;DSC05264;DSC05265;DSC05266;DSC05267;DSC05268;DSC05269;DSC05270;DSC05271;DSC05272;DSC05273;DSC05274;DSC05275;DSC05276;DSC05277;DSC05323;DSC05324;DSC05325;DSC05326;DSC05327;DSC05328;DSC05329;DSC05330;DSC05331;DSC05332;DSC05333;DSC05334;DSC05335;DSC05336;DSC05337;DSC05338;DSC05339;DSC05340;DSC05341;DSC05342;DSC05343;DSC05344;DSC05345;DSC05346;DSC05357;DSC05359;DSC05360;DSC05361;DSC05362;DSC05363;DSC05364;DSC05365;DSC05366;DSC05367;DSC05368;DSC05369;DSC05370;DSC05371;DSC05426;DSC05431
target 8,0.0824,-0.4005,-2.9947,141,,,DSC05212;DSC05213;DSC05214;DSC05215;DSC05216;DSC05217;DSC05218;DSC05219;DSC05220;DSC05221;DSC05222;DSC05224;DSC05225;DSC05226;DSC05227;DSC05228;DSC05229;DSC05230;DSC05231;DSC05238;DSC05239;DSC05240;DSC05241;DSC05242;DSC05243;DSC05244;DSC05245;DSC05246;DSC05274;DSC05275;DSC05276;DSC05277;DSC05278;DSC05279;DSC05280;DSC05281;DSC05282;DSC05283;DSC05284;DSC05285;DSC05286;DSC05287;DSC05288;DSC05289;DSC05290;DSC05291;DSC05292;DSC05293;DSC05294;DSC05295;DSC05296;DSC05297;DSC05298;DSC05299;DSC05300;DSC05301;DSC05302;DSC05308;DSC05309;DSC05310;DSC05311;DSC05312;DSC05313;DSC05314;DSC05315;DSC05316;DSC05317;DSC05318;DSC05319;DSC05320;DSC05321;DSC05322;DSC05323;DSC05324;DSC05325;DSC05326;DSC05327;DSC05375;DSC05376;DSC05377;DSC05379;DSC05380;DSC05381;DSC05382;DSC05383;DSC05384;DSC05385;DSC05386;DSC05387;DSC05388;DSC05389;DSC05390;DSC05391;DSC05392;DSC05393;DSC05394;DSC05395;DSC05396;DSC05397;DSC05398;DSC05399;DSC05400;DSC05401;DSC05402;DSC05413;DSC05438;DSC05440;DSC05441;DSC05442;DSC05443;DSC05444;DSC05445;DSC05447;DSC05448;DSC05449;DSC05450;DSC05451;DSC05452;DSC05453;DSC05454;DSC05455;DSC05456;DSC05457;DSC05458;DSC05481;DSC05482;DSC05483;DSC05484;DSC05485;DSC05486;DSC05487;DSC05488;DSC05489;DSC05490;DSC05491;DSC05492;DSC05493;DSC05494;DSC05495;DSC05496;DSC05497
target 9,-1.079,-0.199,-2.3175,113,,,DSC05208;DSC05210;DSC05211;DSC05212;DSC05213;DSC05217;DSC05218;DSC05219;DSC05220;DSC05244;DSC05246;DSC05247;DSC05270;DSC05271;DSC05272;DSC05273;DSC05274;DSC05275;DSC05276;DSC05277;DSC05278;DSC05279;DSC05280;DSC05281;DSC05282;DSC05283;DSC05284;DSC05285;DSC05316;DSC05317;DSC05318;DSC05319;DSC05320;DSC05321;DSC05322;DSC05323;DSC05324;DSC05325;DSC05326;DSC05327;DSC05328;DSC05329;DSC05332;DSC05333;DSC05369;DSC05370;DSC05371;DSC05372;DSC05373;DSC05374;DSC05375;DSC05376;DSC05377;DSC05378;DSC05379;DSC05380;DSC05381;DSC05382;DSC05383;DSC05384;DSC05385;DSC05386;DSC05387;DSC05388;DSC05389;DSC05430;DSC05431;DSC05432;DSC05433;DSC05434;DSC05435;DSC05436;DSC05437;DSC05438;DSC05439;DSC05440;DSC05441;DSC05442;DSC05443;DSC05444;DSC05445;DSC05447;DSC05448;DSC05449;DSC05450;DSC05451;DSC05452;DSC05453;DSC05489;DSC05490;DSC05491;DSC05492;DSC05493;DSC05494;DSC05495;DSC05496;DSC05497;DSC05498;DSC05499;DSC05500;DSC05501;DSC05502;DSC05503;DSC05504;DSC05505;DSC05506;DSC05507;DSC05508;DSC05509;DSC05510;DSC05511;DSC05512;DSC05513
target 10,-0.7004,0.1595,-2.1667,126,,,DSC05196;DSC05197;DSC05198;DSC05199;DSC05200;DSC05201;DSC05202;DSC05203;DSC05204;DSC05205;DSC05207;DSC05208;DSC05210;DSC05211;DSC05212;DSC05213;DSC05214;DSC05215;DSC05245;DSC05246;DSC05247;DSC05248;DSC05249;DSC05250;DSC05261;DSC05262;DSC05263;DSC05264;DSC05265;DSC05266;DSC05267;DSC05268;DSC05269;DSC05270;DSC05271;DSC05272;DSC05273;DSC05274;DSC05275;DSC05276;DSC05277;DSC05278;DSC05279;DSC05322;DSC05323;DSC05324;DSC05325;DSC05326;DSC05327;DSC05328;DSC05329;DSC05330;DSC05331;DSC05332;DSC05333;DSC05334;DSC05335;DSC05336;DSC05337;DSC05338;DSC05339;DSC05340;DSC05341;DSC05342;DSC05343;DSC05358;DSC05359;DSC05360;DSC05361;DSC05362;DSC05363;DSC05364;DSC05365;DSC05366;DSC05367;DSC05368;DSC05369;DSC05370;DSC05371;DSC05372;DSC05373;DSC05374;DSC05375;DSC05376;DSC05377;DSC05378;DSC05379;DSC05418;DSC05419;DSC05420;DSC05425;DSC05426;DSC05427;DSC05428;DSC05429;DSC05430;DSC05431;DSC05432;DSC05433;DSC05434;DSC05435;DSC05436;DSC05437;DSC05438;DSC05439;DSC05440;DSC05476;DSC05477;DSC05478;DSC05501;DSC05502;DSC05503;DSC05504;DSC05505;DSC05506;DSC05507;DSC05508;DSC05509;DSC05510;DSC05511;DSC05512;DSC05513;DSC05514;DSC05515;DSC05516;DSC05517
target 11,0.049,-0.4045,-3.1397,150,,,DSC05219;DSC05220;DSC05221;DSC05222;DSC05224;DSC05225;DSC05226;DSC05227;DSC05228;DSC05229;DSC05230;DSC05231;DSC05232;DSC05233;DSC05234;DSC05235;DSC05236;DSC05237;DSC05238;DSC05239;DSC05240;DSC05241;DSC05242;DSC05243;DSC05244;DSC05279;DSC05280;DSC05281;DSC05282;DSC05283;DSC05284;DSC05285;DSC05286;DSC05287;DSC05288;DSC05289;DSC05290;DSC05291;DSC05292;DSC05293;DSC05294;DSC05295;DSC05296;DSC05297;DSC05298;DSC05299;DSC05300;DSC05301;DSC05302;DSC05303;DSC05304;DSC05305;DSC05306;DSC05307;DSC05308;DSC05309;DSC05310;DSC05311;DSC05312;DSC05313;DSC05314;DSC05315;DSC05316;DSC05317;DSC05318;DSC05319;DSC05320;DSC05321;DSC05322;DSC05380;DSC05381;DSC05382;DSC05383;DSC05384;DSC05385;DSC05386;DSC05387;DSC05388;DSC05389;DSC05390;DSC05391;DSC05392;DSC05393;DSC05394;DSC05395;DSC05396;DSC05397;DSC05398;DSC05399;DSC05400;DSC05401;DSC05402;DSC05403;DSC05404;DSC05405;DSC05409;DSC05410;DSC05411;DSC05412;DSC05413;DSC05440;DSC05441;DSC05442;DSC05443;DSC05444;DSC05445;DSC05447;DSC05448;DSC05449;DSC05450;DSC05451;DSC05452;DSC05453;DSC05454;DSC05455;DSC05456;DSC05457;DSC05458;DSC05459;DSC05460;DSC05461;DSC05462;DSC05463;DSC05464;DSC05465;DSC05466;DSC05469;DSC05472;DSC05473;DSC05474;DSC05475;DSC05480;DSC05481;DSC05482;DSC05483;DSC05484;DSC05485;DSC05486;DSC05487;DSC05488;DSC05489;DSC05490;DSC05491;DSC05492;DSC05493;DSC05494;DSC05495;DSC05496;DSC05497;DSC05498
target 12,-1.0798,-0.0907,-2.2427,119,,,DSC05205;DSC05207;DSC05208;DSC05210;DSC05211;DSC05212;DSC05213;DSC05216;DSC05217;DSC05218;DSC05219;DSC05220;DSC05243;DSC05244;DSC05245;DSC05246;DSC05247;DSC05270;DSC05271;DSC05272;DSC05273;DSC05274;DSC05275;DSC05276;DSC05277;DSC05278;DSC05280;DSC05281;DSC05282;DSC05283;DSC05284;DSC05288;DSC05316;DSC05317;DSC05318;DSC05319;DSC05320;DSC05321;DSC05322;DSC05323;DSC05324;DSC05325;DSC05326;DSC05327;DSC05328;DSC05329;DSC05332;DSC05333;DSC05334;DSC05369;DSC05370;DSC05371;DSC05372;DSC05373;DSC05374;DSC05375;DSC05376;DSC05377;DSC05378;DSC05379;DSC05380;DSC05381;DSC05382;DSC05383;DSC05384;DSC05385;DSC05386;DSC05387;DSC05388;DSC05389;DSC05430;DSC05431;DSC05432;DSC05433;DSC05434;DSC05435;DSC05436;DSC05437;DSC05438;DSC05439;DSC05440;DSC05441;DSC05442;DSC05443;DSC05444;DSC05445;DSC05447;DSC05448;DSC05449;DSC05450;DSC05451;DSC05452;DSC05478;DSC05489;DSC05490;DSC05491;DSC05492;DSC05493;DSC05494;DSC05495;DSC05496;DSC05497;DSC05498;DSC05499;DSC05500;DSC05501;DSC05502;DSC05503;DSC05504;DSC05505;DSC05506;DSC05507;DSC05508;DSC05509;DSC05510;DSC05511;DSC05512;DSC05513;DSC05514
target 13,-0.7909,0.2077,-2.1844,131,,,DSC05198;DSC05199;DSC05200;DSC05201;DSC05207;DSC05208;DSC05210;DSC05211;DSC05212;DSC05247;DSC05250;DSC05260;DSC05261;DSC05262;DSC05263;DSC05264;DSC05265;DSC05266;DSC05267;DSC05269;DSC05270;DSC05271;DSC05272;DSC05273;DSC05274;DSC05275;DSC05276;DSC05277;DSC05278;DSC05279;DSC05322;DSC05323;DSC05324;DSC05325;DSC05326;DSC05327;DSC05328;DSC05329;DSC05330;DSC05331;DSC05332;DSC05333;DSC05334;DSC05335;DSC05336;DSC05337;DSC05338;DSC05339;DSC05340;DSC05341;DSC05342;DSC05343;DSC05344;DSC05358;DSC05359;DSC05360;DSC05361;DSC05362;DSC05363;DSC05364;DSC05365;DSC05366;DSC05367;DSC05368;DSC05369;DSC05370;DSC05371;DSC05372;DSC05373;DSC05374;DSC05375;DSC05376;DSC05377;DSC05378;DSC05379;DSC05380;DSC05417;DSC05418;DSC05419;DSC05420;DSC05423;DSC05424;DSC05425;DSC05426;DSC05427;DSC05428;DSC05429;DSC05430;DSC05431;DSC05432;DSC05433;DSC05434;DSC05435;DSC05436;DSC05437;DSC05438;DSC05439;DSC05440;DSC05441;DSC05442;DSC05443;DSC05476;DSC05477;DSC05478;DSC05498;DSC05499;DSC05500;DSC05501;DSC05502;DSC05503;DSC05504;DSC05505;DSC05506;DSC05507;DSC05508;DSC05509;DSC05510;DSC05511;DSC05512;DSC05513;DSC05514;DSC05515;DSC05516;DSC05517;DSC05518;DSC05519;DSC05520;DSC05521;DSC05522;DSC05523;DSC05524
target 14,0.2137,-0.3986,-2.9853,130,,,DSC05211;DSC05212;DSC05213;DSC05214;DSC05215;DSC05216;DSC05217;DSC05218;DSC05219;DSC05220;DSC05221;DSC05222;DSC05224;DSC05225;DSC05226;DSC05227;DSC05228;DSC05229;DSC05230;DSC05231;DSC05237;DSC05238;DSC05239;DSC05240;DSC05241;DSC05242;DSC05243;DSC05244;DSC05245;DSC05246;DSC05274;DSC05275;DSC05276;DSC05277;DSC05278;DSC05279;DSC05280;DSC05281;DSC05282;DSC05283;DSC05284;DSC05285;DSC05286;DSC05287;DSC05288;DSC05289;DSC05290;DSC05291;DSC05292;DSC05293;DSC05294;DSC05295;DSC05296;DSC05297;DSC05298;DSC05299;DSC05300;DSC05301;DSC05309;DSC05310;DSC05311;DSC05312;DSC05313;DSC05314;DSC05315;DSC05316;DSC05317;DSC05318;DSC05319;DSC05320;DSC05321;DSC05322;DSC05323;DSC05324;DSC05325;DSC05326;DSC05378;DSC05379;DSC05380;DSC05381;DSC05382;DSC05383;DSC05384;DSC05385;DSC05386;DSC05387;DSC05388;DSC05389;DSC05390;DSC05391;DSC05392;DSC05393;DSC05394;DSC05395;DSC05396;DSC05397;DSC05398;DSC05399;DSC05400;DSC05440;DSC05441;DSC05442;DSC05443;DSC05444;DSC05445;DSC05447;DSC05448;DSC05449;DSC05450;DSC05451;DSC05452;DSC05453;DSC05454;DSC05455;DSC05456;DSC05485;DSC05486;DSC05487;DSC05488;DSC05489;DSC05490;DSC05491;DSC05492;DSC05493;DSC05494;DSC05495;DSC05496;DSC05497;DSC05498;DSC05500
target 15,-1.1876,-0.0452,-2.327,88,,,DSC05269;DSC05284;DSC05285;DSC05318;DSC05319;DSC05320;DSC05321;DSC05322;DSC05323;DSC05324;DSC05325;DSC05326;DSC05327;DSC05328;DSC05329;DSC05330;DSC05333;DSC05334;DSC05335;DSC05368;DSC05369;DSC05370;DSC05371;DSC05372;DSC05373;DSC05374;DSC05375;DSC05376;DSC05377;DSC05378;DSC05379;DSC05380;DSC05381;DSC05382;DSC05383;DSC05384;DSC05385;DSC05386;DSC05387;DSC05388;DSC05430;DSC05431;DSC05432;DSC05433;DSC05434;DSC05435;DSC05436;DSC05437;DSC05438;DSC05439;DSC05440;DSC05441;DSC05442;DSC05443;DSC05444;DSC05445;DSC05447;DSC05448;DSC05449;DSC05450;DSC05451;DSC05478;DSC05489;DSC05490;DSC05491;DSC05492;DSC05493;DSC05494;DSC05495;DSC05496;DSC05497;DSC05498;DSC05499;DSC05500;DSC05501;DSC05502;DSC05503;DSC05504;DSC05505;DSC05506;DSC05507;DSC05508;DSC05509;DSC05510;DSC05511;DSC05512;DSC05513;DSC05514
target 16,-0.8348,0.2769,-2.3152,91,,,DSC05196;DSC05197;DSC05198;DSC05199;DSC05251;DSC05252;DSC05253;DSC05254;DSC05260;DSC05261;DSC05262;DSC05263;DSC05264;DSC05265;DSC05266;DSC05267;DSC05334;DSC05335;DSC05336;DSC05337;DSC05338;DSC05339;DSC05340;DSC05341;DSC05342;DSC05343;DSC05344;DSC05345;DSC05346;DSC05348;DSC05349;DSC05350;DSC05351;DSC05352;DSC05353;DSC05354;DSC05355;DSC05356;DSC05357;DSC05358;DSC05359;DSC05360;DSC05361;DSC05362;DSC05363;DSC05364;DSC05365;DSC05366;DSC05367;DSC05372;DSC05414;DSC05415;DSC05417;DSC05418;DSC05419;DSC05420;DSC05421;DSC05422;DSC05423;DSC05424;DSC05425;DSC05426;DSC05427;DSC05428;DSC05429;DSC05430;DSC05431;DSC05432;DSC05433;DSC05434;DSC05476;DSC05477;DSC05478;DSC05508;DSC05509;DSC05510;DSC05511;DSC05512;DSC05513;DSC05514;DSC05515;DSC05516;DSC05517;DSC05518;DSC05519;DSC05520;DSC05521;DSC05522;DSC05523;DSC05524;DSC05525
target 17,0.1563,-0.4006,-3.2167,130,,,DSC05218;DSC05219;DSC05220;DSC05221;DSC05222;DSC05224;DSC05225;DSC05226;DSC05227;DSC05228;DSC05229;DSC05230;DSC05231;DSC05232;DSC05233;DSC05234;DSC05236;DSC05237;DSC05238;DSC05239;DSC05240;DSC05241;DSC05242;DSC05243;DSC05244;DSC05282;DSC05283;DSC05284;DSC05285;DSC05286;DSC05287;DSC05288;DSC05289;DSC05290;DSC05291;DSC05292;DSC05293;DSC05294;DSC05295;DSC05296;DSC05297;DSC05298;DSC05299;DSC05300;DSC05301;DSC05302;DSC05303;DSC05304;DSC05305;DSC05306;DSC05307;DSC05308;DSC05309;DSC05310;DSC05311;DSC05312;DSC05313;DSC05314;DSC05315;DSC05316;DSC05317;DSC05318;DSC05319;DSC05320;DSC05384;DSC05385;DSC05386;DSC05387;DSC05388;DSC05389;DSC05390;DSC05391;DSC05392;DSC05393;DSC05394;DSC05395;DSC05396;DSC05397;DSC05398;DSC05399;DSC05400;DSC05401;DSC05402;DSC05403;DSC05404;DSC05409;DSC05410;DSC05411;DSC05412;DSC05413;DSC05447;DSC05448;DSC05449;DSC05450;DSC05451;DSC05452;DSC05453;DSC05454;DSC05455;DSC05456;DSC05457;DSC05458;DSC05459;DSC05460;DSC05461;DSC05462;DSC05463;DSC05464;DSC05465;DSC05466;DSC05469;DSC05472;DSC05473;DSC05474;DSC05475;DSC05480;DSC05481;DSC05482;DSC05483;DSC05484;DSC05485;DSC05486;DSC05487;DSC05488;DSC05489;DSC05490;DSC05491;DSC05492;DSC05493;DSC05494
target 18,-1.1983,-0.171,-2.368,109,,,DSC05210;DSC05211;DSC05212;DSC05213;DSC05217;DSC05218;DSC05219;DSC05244;DSC05246;DSC05247;DSC05270;DSC05271;DSC05272;DSC05273;DSC05274;DSC05275;DSC05276;DSC05277;DSC05278;DSC05281;DSC05282;DSC05283;DSC05284;DSC05285;DSC05318;DSC05319;DSC05320;DSC05321;DSC05322;DSC05323;DSC05324;DSC05325;DSC05326;DSC05327;DSC05328;DSC05329;DSC05332;DSC05333;DSC05334;DSC05368;DSC05369;DSC05370;DSC05371;DSC05372;DSC05373;DSC05374;DSC05375;DSC05376;DSC05377;DSC05378;DSC05379;DSC05380;DSC05381;DSC05382;DSC05383;DSC05384;DSC05385;DSC05386;DSC05387;DSC05388;DSC05430;DSC05431;DSC05432;DSC05433;DSC05434;DSC05435;DSC05436;DSC05437;DSC05438;DSC05439;DSC05440;DSC05441;DSC05442;DSC05443;DSC05444;DSC05445;DSC05447;DSC05448;DSC05449;DSC05450;DSC05451;DSC05452;DSC05478;DSC05489;DSC05490;DSC05491;DSC05492;DSC05493;DSC05494;DSC05495;DSC05496;DSC05497;DSC05498;DSC05499;DSC05500;DSC05501;DSC05502;DSC05503;DSC05504;DSC05505;DSC05506;DSC05507;DSC05508;DSC05509;DSC05510;DSC05511;DSC05512;DSC05513;DSC05514
target 19,-0.8591,0.2235,-2.2459,120,,,DSC05197;DSC05199;DSC05200;DSC05201;DSC05202;DSC05256;DSC05257;DSC05258;DSC05260;DSC05261;DSC05262;DSC05263;DSC05264;DSC05265;DSC05266;DSC05267;DSC05268;DSC05269;DSC05270;DSC05271;DSC05328;DSC05329;DSC05330;DSC05331;DSC05332;DSC05333;DSC05334;DSC05335;DSC05336;DSC05337;DSC05338;DSC05339;DSC05340;DSC05341;DSC05342;DSC05343;DSC05344;DSC05345;DSC05346;DSC05348;DSC05349;DSC05352;DSC05353;DSC05354;DSC05355;DSC05356;DSC05357;DSC05358;DSC05359;DSC05360;DSC05361;DSC05362;DSC05363;DSC05364;DSC05365;DSC05366;DSC05367;DSC05368;DSC05369;DSC05370;DSC05371;DSC05372;DSC05373;DSC05374;DSC05375;DSC05376;DSC05377;DSC05417;DSC05418;DSC05419;DSC05420;DSC05421;DSC05422;DSC05423;DSC05424;DSC05425;DSC05426;DSC05427;DSC05428;DSC05429;DSC05430;DSC05431;DSC05432;DSC05433;DSC05434;DSC05435;DSC05436;DSC05437;DSC05438;DSC05439;DSC05476;DSC05477;DSC05478;DSC05499;DSC05500;DSC05501;DSC05502;DSC05503;DSC05504;DSC05505;DSC05506;DSC05507;DSC05508;DSC05509;DSC05510;DSC05511;DSC05512;DSC05513;DSC05514;DSC05515;DSC05516;DSC05517;DSC05518;DSC05519;DSC05520;DSC05521;DSC05522;DSC05523;DSC05524;DSC05525
target 20,0.2864,-0.3389,-3.2632,83,,,DSC05219;DSC05220;DSC05221;DSC05222;DSC05224;DSC05225;DSC05226;DSC05227;DSC05228;DSC05229;DSC05230;DSC05231;DSC05232;DSC05233;DSC05234;DSC05235;DSC05236;DSC05237;DSC05238;DSC05239;DSC05240;DSC05241;DSC05242;DSC05243;DSC05285;DSC05286;DSC05287;DSC05288;DSC05289;DSC05290;DSC05291;DSC05292;DSC05293;DSC05294;DSC05295;DSC05296;DSC05297;DSC05298;DSC05299;DSC05300;DSC05301;DSC05302;DSC05303;DSC05304;DSC05305;DSC05306;DSC05307;DSC05308;DSC05309;DSC05310;DSC05311;DSC05312;DSC05313;DSC05314;DSC05315;DSC05316;DSC05317;DSC05389;DSC05390;DSC05391;DSC05392;DSC05393;DSC05394;DSC05395;DSC05396;DSC05397;DSC05398;DSC05399;DSC05400;DSC05401;DSC05402;DSC05403;DSC05404;DSC05410;DSC05411;DSC05412;DSC05413;DSC05453;DSC05454;DSC05455;DSC05456;DSC05457;DSC05458
target 21,-1.2084,-0.2959,-2.4091,113,,,DSC05208;DSC05210;DSC05211;DSC05212;DSC05213;DSC05218;DSC05219;DSC05220;DSC05243;DSC05244;DSC05246;DSC05247;DSC05270;DSC05271;DSC05272;DSC05273;DSC05274;DSC05275;DSC05276;DSC05277;DSC05278;DSC05279;DSC05282;DSC05283;DSC05284;DSC05285;DSC05286;DSC05318;DSC05319;DSC05320;DSC05321;DSC05322;DSC05323;DSC05324;DSC05325;DSC05326;DSC05327;DSC05328;DSC05329;DSC05332;DSC05333;DSC05334;DSC05368;DSC05369;DSC05370;DSC05371;DSC05372;DSC05373;DSC05374;DSC05375;DSC05376;DSC05377;DSC05378;DSC05379;DSC05380;DSC05381;DSC05382;DSC05383;DSC05384;DSC05385;DSC05386;DSC05387;DSC05388;DSC05429;DSC05430;DSC05431;DSC05432;DSC05433;DSC05434;DSC05435;DSC05436;DSC05437;DSC05438;DSC05439;DSC05440;DSC05441;DSC05442;DSC05443;DSC05444;DSC05445;DSC05447;DSC05448;DSC05449;DSC05450;DSC05451;DSC05452;DSC05478;DSC05489;DSC05490;DSC05491;DSC05492;DSC05493;DSC05494;DSC05495;DSC05496;DSC05497;DSC05498;DSC05499;DSC05500;DSC05501;DSC05502;DSC05503;DSC05504;DSC05505;DSC05506;DSC05507;DSC05508;DSC05509;DSC05510;DSC05511;DSC05512;DSC05513;DSC05514
target 23,0.3348,-0.3461,-2.9969,87,,,DSC05210;DSC05211;DSC05212;DSC05213;DSC05214;DSC05215;DSC05216;DSC05217;DSC05218;DSC05219;DSC05220;DSC05221;DSC05222;DSC05224;DSC05225;DSC05226;DSC05227;DSC05228;DSC05229;DSC05230;DSC05231;DSC05237;DSC05238;DSC05239;DSC05240;DSC05241;DSC05242;DSC05243;DSC05244;DSC05245;DSC05246;DSC05247;DSC05275;DSC05276;DSC05277;DSC05278;DSC05279;DSC05280;DSC05281;DSC05282;DSC05283;DSC05284;DSC05285;DSC05286;DSC05287;DSC05288;DSC05289;DSC05290;DSC05291;DSC05292;DSC05293;DSC05294;DSC05295;DSC05296;DSC05297;DSC05298;DSC05311;DSC05312;DSC05313;DSC05314;DSC05315;DSC05316;DSC05317;DSC05318;DSC05319;DSC05320;DSC05321;DSC05322;DSC05323;DSC05324;DSC05325;DSC05381;DSC05382;DSC05383;DSC05384;DSC05385;DSC05386;DSC05387;DSC05388;DSC05389;DSC05390;DSC05391;DSC05392;DSC05393;DSC05450;DSC05451;DSC05452
target 24,-0.7382,0.2775,-2.2576,121,,,DSC05196;DSC05197;DSC05198;DSC05199;DSC05200;DSC05201;DSC05202;DSC05203;DSC05204;DSC05205;DSC05207;DSC05208;DSC05248;DSC05249;DSC05250;DSC05251;DSC05252;DSC05253;DSC05254;DSC05255;DSC05256;DSC05257;DSC05258;DSC05260;DSC05261;DSC05262;DSC05263;DSC05264;DSC05265;DSC05266;DSC05267;DSC05268;DSC05269;DSC05270;DSC05271;DSC05328;DSC05329;DSC05330;DSC05331;DSC05332;DSC05333;DSC05334;DSC05335;DSC05336;DSC05337;DSC05338;DSC05339;DSC05340;DSC05341;DSC05342;DSC05343;DSC05344;DSC05345;DSC05346;DSC05348;DSC05349;DSC05350;DSC05351;DSC05352;DSC05353;DSC05354;DSC05355;DSC05356;DSC05357;DSC05358;DSC05359;DSC05360;DSC05361;DSC05362;DSC05363;DSC05364;DSC05365;DSC05366;DSC05367;DSC05368;DSC05369;DSC05370;DSC05371;DSC05372;DSC05373;DSC05415;DSC05417;DSC05418;DSC05419;DSC05420;DSC05421;DSC05422;DSC05423;DSC05424;DSC05425;DSC05426;DSC05427;DSC05428;DSC05429;DSC05430;DSC05431;DSC05432;DSC05433;DSC05434;DSC05435;DSC05436;DSC05476;DSC05477;DSC05478;DSC05509;DSC05510;DSC05511;DSC05512;DSC05513;DSC05514;DSC05515;DSC05516;DSC05517;DSC05518;DSC05519;DSC05520;DSC05521;DSC05522;DSC05523;DSC05524;DSC05525
target 27,-0.7811,0.2848,-2.4029,84,,,DSC05196;DSC05197;DSC05198;DSC05199;DSC05200;DSC05250;DSC05251;DSC05252;DSC05253;DSC05254;DSC05255;DSC05256;DSC05257;DSC05258;DSC05260;DSC05261;DSC05262;DSC05263;DSC05264;DSC05265;DSC05266;DSC05267;DSC05336;DSC05337;DSC05338;DSC05339;DSC05340;DSC05341;DSC05342;DSC05343;DSC05344;DSC05345;DSC05346;DSC05348;DSC05349;DSC05350;DSC05351;DSC05352;DSC05353;DSC05354;DSC05355;DSC05356;DSC05357;DSC05358;DSC05359;DSC05360;DSC05361;DSC05362;DSC05364;DSC05365;DSC05366;DSC05367;DSC05414;DSC05415;DSC05417;DSC05418;DSC05419;DSC05421;DSC05422;DSC05423;DSC05424;DSC05425;DSC05426;DSC05427;DSC05428;DSC05429;DSC05430;DSC05476;DSC05477;DSC05478;DSC05512;DSC05513;DSC05514;DSC05515;DSC05516;DSC05517;DSC05518;DSC05519;DSC05520;DSC05521;DSC05522;DSC05523;DSC05524;DSC05525
target 28,0.3893,0.3694,-2.8613,54,,,DSC05196;DSC05197;DSC05198;DSC05199;DSC05200;DSC05201;DSC05202;DSC05203;DSC05204;DSC05205;DSC05207;DSC05208;DSC05210;DSC05211;DSC05247;DSC05248;DSC05249;DSC05250;DSC05251;DSC05252;DSC05253;DSC05254;DSC05255;DSC05256;DSC05257;DSC05258;DSC05260;DSC05261;DSC05262;DSC05263;DSC05264;DSC05265;DSC05266;DSC05267;DSC05269;DSC05333;DSC05334;DSC05335;DSC05336;DSC05337;DSC05338;DSC05339;DSC05340;DSC05341;DSC05342;DSC05343;DSC05344;DSC05345;DSC05346;DSC05348;DSC05349;DSC05351;DSC05358;DSC05367
target 29,0.2614,0.4322,-2.8209,113,,,DSC05196;DSC05197;DSC05198;DSC05199;DSC05200;DSC05201;DSC05202;DSC05203;DSC05204;DSC05205;DSC05207;DSC05208;DSC05210;DSC05247;DSC05248;DSC05249;DSC05250;DSC05251;DSC05252;DSC05253;DSC05254;DSC05255;DSC05256;DSC05257;DSC05258;DSC05260;DSC05261;DSC05262;DSC05263;DSC05264;DSC05265;DSC05266;DSC05267;DSC05268;DSC05269;DSC05270;DSC05271;DSC05328;DSC05329;DSC05330;DSC05331;DSC05332;DSC05333;DSC05334;DSC05335;DSC05336;DSC05337;DSC05338;DSC05339;DSC05340;DSC05341;DSC05342;DSC05343;DSC05344;DSC05345;DSC05346;DSC05348;DSC05349;DSC05351;DSC05352;DSC05353;DSC05354;DSC05355;DSC05356;DSC05357;DSC05358;DSC05359;DSC05360;DSC05361;DSC05362;DSC05363;DSC05364;DSC05365;DSC05366;DSC05367;DSC05368;DSC05369;DSC05370;DSC05371;DSC05372;DSC05373;DSC05414;DSC05415;DSC05417;DSC05418;DSC05419;DSC05420;DSC05421;DSC05422;DSC05423;DSC05424;DSC05425;DSC05426;DSC05427;DSC05428;DSC05429;DSC05430;DSC05431;DSC05432;DSC05433;DSC05434;DSC05476;DSC05477;DSC05478;DSC05512;DSC05513;DSC05514;DSC05515;DSC05516;DSC05517;DSC05518;DSC05519;DSC05520
target 30,0.1344,0.4417,-2.8166,132,,,DSC05196;DSC05197;DSC05198;DSC05199;DSC05200;DSC05201;DSC05202;DSC05203;DSC05204;DSC05205;DSC05207;DSC05248;DSC05249;DSC05250;DSC05251;DSC05252;DSC05253;DSC05254;DSC05255;DSC05256;DSC05257;DSC05258;DSC05260;DSC05261;DSC05262;DSC05263;DSC05264;DSC05265;DSC05266;DSC05267;DSC05268;DSC05269;DSC05270;DSC05271;DSC05272;DSC05327;DSC05328;DSC05329;DSC05330;DSC05331;DSC05332;DSC05333;DSC05334;DSC05335;DSC05336;DSC05337;DSC05338;DSC05339;DSC05340;DSC05341;DSC05342;DSC05343;DSC05344;DSC05345;DSC05346;DSC05348;DSC05349;DSC05351;DSC05352;DSC05353;DSC05354;DSC05355;DSC05356;DSC05357;DSC05358;DSC05359;DSC05360;DSC05361;DSC05362;DSC05363;DSC05364;DSC05365;DSC05366;DSC05367;DSC05368;DSC05369;DSC05370;DSC05371;DSC05372;DSC05373;DSC05374;DSC05375;DSC05376;DSC05414;DSC05415;DSC05417;DSC05418;DSC05419;DSC05420;DSC05421;DSC05422;DSC05423;DSC05424;DSC05425;DSC05426;DSC05427;DSC05428;DSC05429;DSC05430;DSC05431;DSC05432;DSC05433;DSC05434;DSC05435;DSC05436;DSC05437;DSC05438;DSC05476;DSC05477;DSC05478;DSC05504;DSC05505;DSC05506;DSC05507;DSC05508;DSC05509;DSC05510;DSC05511;DSC05512;DSC05513;DSC05514;DSC05515;DSC05516;DSC05517;DSC05518;DSC05519;DSC05520;DSC05521;DSC05522;DSC05523;DSC05524;DSC05525
target 31,0.1345,0.3521,-2.7222,158,,,DSC05196;DSC05197;DSC05198;DSC05199;DSC05200;DSC05201;DSC05202;DSC05203;DSC05204;DSC05205;DSC05207;DSC05208;DSC05210;DSC05211;DSC05212;DSC05213;DSC05246;DSC05247;DSC05248;DSC05249;DSC05250;DSC05251;DSC05252;DSC05253;DSC05254;DSC05255;DSC05256;DSC05257;DSC05258;DSC05260;DSC05261;DSC05262;DSC05263;DSC05264;DSC05265;DSC05266;DSC05267;DSC05268;DSC05269;DSC05270;DSC05271;DSC05272;DSC05273;DSC05274;DSC05275;DSC05276;DSC05277;DSC05278;DSC05322;DSC05323;DSC05324;DSC05325;DSC05326;DSC05327;DSC05328;DSC05329;DSC05330;DSC05331;DSC05332;DSC05333;DSC05334;DSC05335;DSC05336;DSC05337;DSC05338;DSC05339;DSC05340;DSC05341;DSC05342;DSC05343;DSC05344;DSC05345;DSC05346;DSC05348;DSC05349;DSC05351;DSC05352;DSC05353;DSC05354;DSC05355;DSC05356;DSC05357;DSC05358;DSC05359;DSC05360;DSC05361;DSC05362;DSC05363;DSC05364;DSC05365;DSC05366;DSC05367;DSC05368;DSC05369;DSC05370;DSC05371;DSC05372;DSC05373;DSC05374;DSC05375;DSC05376;DSC05377;DSC05378;DSC05380;DSC05414;DSC05415;DSC05417;DSC05418;DSC05419;DSC05420;DSC05421;DSC05422;DSC05423;DSC05424;DSC05425;DSC05426;DSC05427;DSC05428;DSC05429;DSC05430;DSC05431;DSC05432;DSC05433;DSC05434;DSC05435;DSC05436;DSC05437;DSC05438;DSC05439;DSC05440;DSC05441;DSC05476;DSC05477;DSC05478;DSC05502;DSC05503;DSC05504;DSC05505;DSC05506;DSC05507;DSC05508;DSC05509;DSC05510;DSC05511;DSC05512;DSC05513;DSC05514;DSC05515;DSC05516;DSC05517;DSC05518;DSC05519;DSC05520;DSC05521;DSC05522;DSC05523;DSC05524;DSC05525
target 32,0.1421,0.2311,-2.6726,150,,,DSC05197;DSC05198;DSC05199;DSC05200;DSC05201;DSC05202;DSC05203;DSC05204;DSC05205;DSC05207;DSC05208;DSC05210;DSC05211;DSC05212;DSC05213;DSC05214;DSC05215;DSC05216;DSC05245;DSC05246;DSC05247;DSC05248;DSC05249;DSC05250;DSC05260;DSC05261;DSC05262;DSC05263;DSC05264;DSC05265;DSC05266;DSC05267;DSC05268;DSC05269;DSC05270;DSC05271;DSC05272;DSC05273;DSC05274;DSC05275;DSC05276;DSC05277;DSC05278;DSC05279;DSC05280;DSC05281;DSC05282;DSC05283;DSC05320;DSC05321;DSC05322;DSC05323;DSC05324;DSC05325;DSC05326;DSC05327;DSC05328;DSC05329;DSC05330;DSC05331;DSC05332;DSC05333;DSC05334;DSC05335;DSC05336;DSC05337;DSC05338;DSC05339;DSC05340;DSC05341;DSC05342;DSC05343;DSC05344;DSC05345;DSC05357;DSC05358;DSC05359;DSC05360;DSC05361;DSC05362;DSC05363;DSC05364;DSC05365;DSC05366;DSC05367;DSC05368;DSC05369;DSC05370;DSC05371;DSC05372;DSC05373;DSC05374;DSC05375;DSC05376;DSC05377;DSC05378;DSC05379;DSC05380;DSC05381;DSC05382;DSC05414;DSC05415;DSC05417;DSC05418;DSC05419;DSC05420;DSC05424;DSC05425;DSC05426;DSC05427;DSC05428;DSC05429;DSC05430;DSC05431;DSC05432;DSC05433;DSC05434;DSC05435;DSC05436;DSC05437;DSC05438;DSC05439;DSC05441;DSC05442;DSC05443;DSC05444;DSC05445;DSC05476;DSC05477;DSC05478;DSC05503;DSC05504;DSC05505;DSC05506;DSC05507;DSC05508;DSC05509;DSC05510;DSC05511;DSC05512;DSC05513;DSC05514;DSC05515;DSC05516;DSC05517;DSC05518;DSC05519;DSC05520;DSC05521;DSC05522
target 33,0.2832,0.1891,-2.6869,129,,,DSC05197;DSC05198;DSC05199;DSC05200;DSC05201;DSC05202;DSC05203;DSC05204;DSC05205;DSC05207;DSC05208;DSC05210;DSC05211;DSC05212;DSC05213;DSC05214;DSC05215;DSC05216;DSC05217;DSC05218;DSC05219;DSC05220;DSC05243;DSC05244;DSC05245;DSC05246;DSC05247;DSC05248;DSC05249;DSC05250;DSC05263;DSC05264;DSC05265;DSC05266;DSC05267;DSC05268;DSC05269;DSC05270;DSC05271;DSC05272;DSC05273;DSC05274;DSC05275;DSC05276;DSC05277;DSC05278;DSC05279;DSC05280;DSC05281;DSC05282;DSC05283;DSC05319;DSC05320;DSC05321;DSC05322;DSC05323;DSC05324;DSC05325;DSC05326;DSC05327;DSC05328;DSC05329;DSC05330;DSC05331;DSC05332;DSC05333;DSC05334;DSC05335;DSC05336;DSC05337;DSC05338;DSC05339;DSC05340;DSC05360;DSC05361;DSC05362;DSC05363;DSC05364;DSC05365;DSC05366;DSC05367;DSC05368;DSC05369;DSC05370;DSC05371;DSC05372;DSC05373;DSC05374;DSC05375;DSC05376;DSC05377;DSC05378;DSC05379;DSC05380;DSC05381;DSC05415;DSC05417;DSC05418;DSC05419;DSC05420;DSC05428;DSC05429;DSC05430;DSC05431;DSC05432;DSC05433;DSC05434;DSC05435;DSC05436;DSC05437;DSC05438;DSC05439;DSC05440;DSC05441;DSC05442;DSC05478;DSC05502;DSC05503;DSC05504;DSC05505;DSC05506;DSC05507;DSC05508;DSC05509;DSC05510;DSC05511;DSC05512;DSC05513;DSC05514
target 34,0.3555,0.2772,-2.7461,92,,,DSC05196;DSC05197;DSC05198;DSC05199;DSC05200;DSC05201;DSC05202;DSC05203;DSC05204;DSC05205;DSC05207;DSC05208;DSC05210;DSC05211;DSC05212;DSC05213;DSC05214;DSC05215;DSC05216;DSC05245;DSC05246;DSC05247;DSC05248;DSC05249;DSC05250;DSC05251;DSC05252;DSC05260;DSC05261;DSC05262;DSC05263;DSC05264;DSC05265;DSC05266;DSC05267;DSC05268;DSC05269;DSC05270;DSC05271;DSC05272;DSC05273;DSC05274;DSC05275;DSC05276;DSC05277;DSC05278;DSC05324;DSC05325;DSC05326;DSC05327;DSC05328;DSC05329;DSC05330;DSC05331;DSC05332;DSC05333;DSC05334;DSC05335;DSC05336;DSC05337;DSC05338;DSC05339;DSC05340;DSC05341;DSC05342;DSC05343;DSC05361;DSC05362;DSC05363;DSC05364;DSC05365;DSC05366;DSC05367;DSC05368;DSC05369;DSC05370;DSC05371;DSC05372;DSC05373;DSC05374;DSC05375;DSC05376;DSC05377;DSC05429;DSC05430;DSC05431;DSC05432;DSC05433;DSC05434;DSC05435;DSC05436;DSC05437
target 35,0.2587,0.3511,-2.7345,138,,,DSC05196;DSC05197;DSC05198;DSC05199;DSC05200;DSC05201;DSC05202;DSC05203;DSC05204;DSC05205;DSC05207;DSC05208;DSC05210;DSC05211;DSC05212;DSC05213;DSC05214;DSC05246;DSC05247;DSC05248;DSC05249;DSC05250;DSC05251;DSC05252;DSC05253;DSC05254;DSC05255;DSC05256;DSC05257;DSC05258;DSC05260;DSC05261;DSC05262;DSC05263;DSC05264;DSC05265;DSC05266;DSC05267;DSC05268;DSC05269;DSC05270;DSC05271;DSC05272;DSC05273;DSC05274;DSC05275;DSC05276;DSC05277;DSC05323;DSC05324;DSC05325;DSC05326;DSC05327;DSC05328;DSC05329;DSC05330;DSC05331;DSC05332;DSC05333;DSC05334;DSC05335;DSC05336;DSC05337;DSC05338;DSC05339;DSC05340;DSC05341;DSC05342;DSC05343;DSC05344;DSC05345;DSC05346;DSC05348;DSC05355;DSC05356;DSC05357;DSC05358;DSC05359;DSC05360;DSC05361;DSC05362;DSC05363;DSC05364;DSC05365;DSC05366;DSC05367;DSC05368;DSC05369;DSC05370;DSC05371;DSC05372;DSC05373;DSC05374;DSC05375;DSC05376;DSC05377;DSC05414;DSC05415;DSC05417;DSC05418;DSC05419;DSC05420;DSC05422;DSC05423;DSC05424;DSC05425;DSC05426;DSC05427;DSC05428;DSC05429;DSC05430;DSC05431;DSC05432;DSC05433;DSC05434;DSC05435;DSC05436;DSC05437;DSC05438;DSC05476;DSC05477;DSC05478;DSC05505;DSC05506;DSC05507;DSC05508;DSC05509;DSC05510;DSC05511;DSC05512;DSC05513;DSC05514;DSC05515;DSC05516;DSC05517;DSC05518;DSC05519;DSC05521
target 36,-1.2198,-0.4237,-2.4517,116,,,DSC05208;DSC05210;DSC05211;DSC05212;DSC05220;DSC05243;DSC05246;DSC05247;DSC05269;DSC05270;DSC05271;DSC05272;DSC05273;DSC05274;DSC05275;DSC05276;DSC05277;DSC05278;DSC05279;DSC05280;DSC05281;DSC05282;DSC05283;DSC05284;DSC05285;DSC05286;DSC05317;DSC05318;DSC05319;DSC05320;DSC05321;DSC05322;DSC05323;DSC05324;DSC05325;DSC05326;DSC05327;DSC05328;DSC05329;DSC05330;DSC05331;DSC05332;DSC05333;DSC05334;DSC05368;DSC05369;DSC05370;DSC05371;DSC05372;DSC05373;DSC05374;DSC05375;DSC05376;DSC05377;DSC05378;DSC05379;DSC05380;DSC05381;DSC05382;DSC05383;DSC05384;DSC05385;DSC05386;DSC05387;DSC05388;DSC05389;DSC05390;DSC05431;DSC05432;DSC05433;DSC05434;DSC05435;DSC05436;DSC05437;DSC05438;DSC05439;DSC05440;DSC05441;DSC05442;DSC05443;DSC05444;DSC05445;DSC05447;DSC05448;DSC05449;DSC05450;DSC05451;DSC05452;DSC05453;DSC05488;DSC05489;DSC05490;DSC05491;DSC05492;DSC05493;DSC05494;DSC05495;DSC05496;DSC05497;DSC05498;DSC05499;DSC05500;DSC05501;DSC05502;DSC05503;DSC05504;DSC05505;DSC05506;DSC05507;DSC05508;DSC05509;DSC05510;DSC05511;DSC05512;DSC05513;DSC05514
target 43,-1.4856,-0.1217,-2.4416,80,,,DSC05199;DSC05200;DSC05263;DSC05264;DSC05265;DSC05266;DSC05267;DSC05330;DSC05331;DSC05332;DSC05333;DSC05334;DSC05335;DSC05336;DSC05337;DSC05338;DSC05339;DSC05340;DSC05357;DSC05358;DSC05359;DSC05360;DSC05361;DSC05362;DSC05363;DSC05364;DSC05365;DSC05366;DSC05367;DSC05368;DSC05369;DSC05370;DSC05371;DSC05372;DSC05373;DSC05374;DSC05375;DSC05376;DSC05422;DSC05423;DSC05424;DSC05425;DSC05426;DSC05427;DSC05428;DSC05429;DSC05430;DSC05431;DSC05432;DSC05433;DSC05434;DSC05435;DSC05436;DSC05437;DSC05438;DSC05501;DSC05502;DSC05503;DSC05504;DSC05505;DSC05506;DSC05507;DSC05508;DSC05509;DSC05510;DSC05511;DSC05512;DSC05513;DSC05514;DSC05515;DSC05516;DSC05517;DSC05518;DSC05519;DSC05520;DSC05521;DSC05522;DSC05523;DSC05524;DSC05525
target 44,0.5587,-0.1446,-3.8605,57,,,DSC05229;DSC05230;DSC05231;DSC05232;DSC05233;DSC05234;DSC05235;DSC05236;DSC05237;DSC05238;DSC05239;DSC05298;DSC05299;DSC05300;DSC05301;DSC05302;DSC05303;DSC05304;DSC05305;DSC05306;DSC05307;DSC05308;DSC05309;DSC05310;DSC05311;DSC05397;DSC05398;DSC05399;DSC05400;DSC05401;DSC05402;DSC05403;DSC05404;DSC05405;DSC05406;DSC05408;DSC05409;DSC05410;DSC05411;DSC05412;DSC05413;DSC05456;DSC05457;DSC05458;DSC05459;DSC05460;DSC05461;DSC05462;DSC05463;DSC05464;DSC05465;DSC05466;DSC05469;DSC05472;DSC05473;DSC05474;DSC05475
target 45,-1.0195,0.2324,-2.4259,123,,,DSC05196;DSC05197;DSC05198;DSC05199;DSC05200;DSC05201;DSC05202;DSC05203;DSC05204;DSC05249;DSC05250;DSC05251;DSC05254;DSC05255;DSC05256;DSC05257;DSC05258;DSC05260;DSC05261;DSC05262;DSC05263;DSC05264;DSC05265;DSC05266;DSC05267;DSC05268;DSC05269;DSC05270;DSC05271;DSC05328;DSC05329;DSC05330;DSC05331;DSC05332;DSC05333;DSC05334;DSC05335;DSC05336;DSC05337;DSC05338;DSC05339;DSC05340;DSC05341;DSC05342;DSC05343;DSC05344;DSC05345;DSC05346;DSC05348;DSC05349;DSC05350;DSC05351;DSC05352;DSC05353;DSC05354;DSC05355;DSC05356;DSC05357;DSC05358;DSC05359;DSC05360;DSC05361;DSC05362;DSC05363;DSC05364;DSC05365;DSC05366;DSC05367;DSC05368;DSC05369;DSC05370;DSC05371;DSC05372;DSC05373;DSC05374;DSC05375;DSC05376;DSC05421;DSC05422;DSC05423;DSC05424;DSC05425;DSC05426;DSC05427;DSC05428;DSC05429;DSC05430;DSC05431;DSC05432;DSC05433;DSC05434;DSC05435;DSC05436;DSC05437;DSC05438;DSC05476;DSC05477;DSC05478;DSC05501;DSC05502;DSC05503;DSC05504;DSC05505;DSC05506;DSC05507;DSC05508;DSC05509;DSC05510;DSC05511;DSC05512;DSC05513;DSC05514;DSC05515;DSC05516;DSC05517;DSC05518;DSC05519;DSC05520;DSC05521;DSC05522;DSC05523;DSC05524;DSC05525
target 46,0.5321,-0.2156,-2.9362,173,,,DSC05204;DSC05205;DSC05207;DSC05208;DSC05210;DSC05211;DSC05212;DSC05213;DSC05214;DSC05215;DSC05216;DSC05217;DSC05218;DSC05219;DSC05220;DSC05221;DSC05222;DSC05243;DSC05244;DSC05245;DSC05246;DSC05247;DSC05248;DSC05265;DSC05266;DSC05267;DSC05268;DSC05269;DSC05270;DSC05271;DSC05272;DSC05273;DSC05274;DSC05275;DSC05276;DSC05277;DSC05278;DSC05279;DSC05280;DSC05281;DSC05282;DSC05283;DSC05284;DSC05285;DSC05286;DSC05287;DSC05288;DSC05289;DSC05290;DSC05291;DSC05314;DSC05315;DSC05316;DSC05317;DSC05318;DSC05319;DSC05320;DSC05321;DSC05322;DSC05323;DSC05324;DSC05325;DSC05326;DSC05327;DSC05328;DSC05329;DSC05330;DSC05331;DSC05332;DSC05333;DSC05334;DSC05335;DSC05336;DSC05337;DSC05338;DSC05339;DSC05361;DSC05362;DSC05363;DSC05364;DSC05365;DSC05366;DSC05368;DSC05369;DSC05370;DSC05371;DSC05372;DSC05373;DSC05374;DSC05375;DSC05376;DSC05377;DSC05378;DSC05379;DSC05380;DSC05381;DSC05382;DSC05383;DSC05384;DSC05385;DSC05386;DSC05387;DSC05388;DSC05389;DSC05390;DSC05391;DSC05392;DSC05393;DSC05394;DSC05395;DSC05396;DSC05397;DSC05417;DSC05418;DSC05419;DSC05420;DSC05428;DSC05429;DSC05430;DSC05431;DSC05432;DSC05433;DSC05434;DSC05435;DSC05436;DSC05437;DSC05438;DSC05439;DSC05440;DSC05441;DSC05442;DSC05443;DSC05444;DSC05445;DSC05447;DSC05448;DSC05449;DSC05450;DSC05451;DSC05452;DSC05453;DSC05454;DSC05455;DSC05456;DSC05477;DSC05478;DSC05488;DSC05489;DSC05490;DSC05491;DSC05492;DSC05493;DSC05494;DSC05495;DSC05496;DSC05497;DSC05498;DSC05499;DSC05501;DSC05502;DSC05503;DSC05504;DSC05510;DSC05511;DSC05512;DSC05513;DSC05514;DSC05515;DSC05516;DSC05517;DSC05518;DSC05519;DSC05524
target 47,0.0422,0.2215,-3.1175,81,,,DSC05211;DSC05212;DSC05213;DSC05214;DSC05215;DSC05216;DSC05217;DSC05218;DSC05219;DSC05220;DSC05243;DSC05244;DSC05245;DSC05246;DSC05272;DSC05273;DSC05274;DSC05275;DSC05276;DSC05277;DSC05278;DSC05279;DSC05280;DSC05281;DSC05282;DSC05283;DSC05284;DSC05285;DSC05286;DSC05287;DSC05295;DSC05296;DSC05306;DSC05307;DSC05316;DSC05317;DSC05318;DSC05319;DSC05320;DSC05321;DSC05322;DSC05323;DSC05324;DSC05325;DSC05326;DSC05327;DSC05328;DSC05329;DSC05330;DSC05373;DSC05374;DSC05375;DSC05376;DSC05377;DSC05378;DSC05379;DSC05380;DSC05381;DSC05385;DSC05386;DSC05387;DSC05388;DSC05394;DSC05435;DSC05436;DSC05437;DSC05449;DSC05450;DSC05454;DSC05459;DSC05461;DSC05462;DSC05464;DSC05474;DSC05496;DSC05497;DSC05498;DSC05499;DSC05500;DSC05501;DSC05502
target 48,-0.4513,-0.4987,-2.3006,124,,,DSC05269;DSC05270;DSC05271;DSC05272;DSC05273;DSC05274;DSC05275;DSC05276;DSC05277;DSC05278;DSC05279;DSC05280;DSC05281;DSC05282;DSC05283;DSC05284;DSC05317;DSC05318;DSC05319;DSC05320;DSC05321;DSC05322;DSC05323;DSC05324;DSC05325;DSC05326;DSC05327;DSC05328;DSC05329;DSC05330;DSC05331;DSC05332;DSC05362;DSC05363;DSC05364;DSC05368;DSC05369;DSC05370;DSC05371;DSC05372;DSC05373;DSC05374;DSC05375;DSC05376;DSC05377;DSC05378;DSC05379;DSC05380;DSC05381;DSC05382;DSC05383;DSC05384;DSC05385;DSC05386;DSC05387;DSC05388;DSC05389;DSC05390;DSC05391;DSC05419;DSC05420;DSC05428;DSC05429;DSC05430;DSC05431;DSC05432;DSC05433;DSC05434;DSC05435;DSC05436;DSC05437;DSC05438;DSC05439;DSC05440;DSC05441;DSC05442;DSC05443;DSC05444;DSC05445;DSC05447;DSC05448;DSC05449;DSC05450;DSC05451;DSC05452;DSC05453;DSC05454;DSC05477;DSC05478;DSC05485;DSC05486;DSC05487;DSC05488;DSC05489;DSC05490;DSC05491;DSC05492;DSC05493;DSC05494;DSC05495;DSC05496;DSC05497;DSC05498;DSC05499;DSC05500;DSC05501;DSC05502;DSC05503;DSC05504;DSC05505;DSC05506;DSC05507;DSC05508;DSC05509;DSC05510;DSC05511;DSC05512;DSC05513;DSC05514;DSC05515;DSC05516;DSC05517;DSC05518;DSC05519
target 49,-1.1563,0.3492,-2.7435,123,,,DSC05196;DSC05197;DSC05198;DSC05199;DSC05200;DSC05201;DSC05202;DSC05203;DSC05204;DSC05205;DSC05248;DSC05249;DSC05250;DSC05251;DSC05255;DSC05256;DSC05257;DSC05258;DSC05260;DSC05261;DSC05262;DSC05263;DSC05264;DSC05265;DSC05266;DSC05267;DSC05268;DSC05269;DSC05270;DSC05271;DSC05272;DSC05273;DSC05328;DSC05329;DSC05330;DSC05331;DSC05332;DSC05333;DSC05334;DSC05335;DSC05336;DSC05337;DSC05338;DSC05339;DSC05340;DSC05341;DSC05342;DSC05343;DSC05344;DSC05345;DSC05346;DSC05348;DSC05352;DSC05353;DSC05354;DSC05355;DSC05356;DSC05357;DSC05358;DSC05359;DSC05360;DSC05361;DSC05362;DSC05363;DSC05364;DSC05365;DSC05366;DSC05367;DSC05368;DSC05369;DSC05370;DSC05371;DSC05372;DSC05373;DSC05374;DSC05375;DSC05376;DSC05377;DSC05421;DSC05422;DSC05423;DSC05424;DSC05425;DSC05426;DSC05427;DSC05428;DSC05429;DSC05430;DSC05431;DSC05432;DSC05433;DSC05434;DSC05435;DSC05436;DSC05437;DSC05438;DSC05476;DSC05477;DSC05478;DSC05502;DSC05503;DSC05504;DSC05505;DSC05506;DSC05507;DSC05508;DSC05509;DSC05510;DSC05511;DSC05512;DSC05513;DSC05514;DSC05515;DSC05516;DSC05517;DSC05518;DSC05519;DSC05520;DSC05521;DSC05522;DSC05523;DSC05524;DSC05525
target 50,0.528,0.1013,-2.8024,77,,,DSC05313;DSC05314;DSC05315;DSC05316;DSC05330;DSC05331;DSC05372;DSC05373;DSC05374;DSC05375;DSC05376;DSC05377;DSC05378;DSC05379;DSC05380;DSC05381;DSC05382;DSC05383;DSC05384;DSC05385;DSC05386;DSC05387;DSC05388;DSC05389;DSC05390;DSC05391;DSC05392;DSC05393;DSC05420;DSC05431;DSC05432;DSC05433;DSC05434;DSC05435;DSC05436;DSC05437;DSC05438;DSC05439;DSC05440;DSC05441;DSC05442;DSC05443;DSC05444;DSC05445;DSC05447;DSC05448;DSC05449;DSC05450;DSC05451;DSC05452;DSC05453;DSC05478;DSC05480;DSC05485;DSC05486;DSC05487;DSC05488;DSC05489;DSC05490;DSC05491;DSC05492;DSC05496;DSC05498;DSC05499;DSC05500;DSC05501;DSC05502;DSC05503;DSC05504;DSC05505;DSC05506;DSC05507;DSC05508;DSC05509;DSC05510;DSC05511;DSC05512
target 51,-0.3972,-0.3374,-2.2317,97,,,DSC05207;DSC05208;DSC05210;DSC05211;DSC05212;DSC05213;DSC05214;DSC05215;DSC05216;DSC05217;DSC05218;DSC05245;DSC05246;DSC05247;DSC05269;DSC05270;DSC05271;DSC05272;DSC05273;DSC05274;DSC05275;DSC05276;DSC05277;DSC05278;DSC05279;DSC05280;DSC05281;DSC05282;DSC05283;DSC05284;DSC05285;DSC05317;DSC05318;DSC05319;DSC05320;DSC05321;DSC05322;DSC05323;DSC05324;DSC05325;DSC05326;DSC05327;DSC05328;DSC05329;DSC05330;DSC05331;DSC05332;DSC05333;DSC05334;DSC05368;DSC05369;DSC05370;DSC05371;DSC05372;DSC05373;DSC05374;DSC05375;DSC05376;DSC05377;DSC05378;DSC05379;DSC05380;DSC05381;DSC05382;DSC05383;DSC05384;DSC05385;DSC05386;DSC05387;DSC05432;DSC05433;DSC05434;DSC05435;DSC05436;DSC05437;DSC05438;DSC05439;DSC05440;DSC05441;DSC05442;DSC05443;DSC05444;DSC05445;DSC05447;DSC05448;DSC05449;DSC05498;DSC05499;DSC05500;DSC05501;DSC05502;DSC05503;DSC05504;DSC05505;DSC05506;DSC05507;DSC05508
target 52,0.7483,-0.2381,-2.8433,91,,,DSC05217;DSC05245;DSC05269;DSC05270;DSC05280;DSC05281;DSC05282;DSC05283;DSC05284;DSC05285;DSC05317;DSC05318;DSC05319;DSC05320;DSC05321;DSC05322;DSC05330;DSC05331;DSC05332;DSC05333;DSC05368;DSC05369;DSC05370;DSC05371;DSC05372;DSC05373;DSC05380;DSC05381;DSC05382;DSC05383;DSC05384;DSC05385;DSC05386;DSC05387;DSC05388;DSC05389;DSC05419;DSC05420;DSC05430;DSC05431;DSC05432;DSC05433;DSC05434;DSC05435;DSC05436;DSC05437;DSC05440;DSC05442;DSC05443;DSC05444;DSC05445;DSC05447;DSC05448;DSC05449;DSC05450;DSC05451;DSC05452;DSC05453;DSC05478;DSC05483;DSC05484;DSC05485;DSC05486;DSC05487;DSC05488;DSC05489;DSC05490;DSC05491;DSC05492;DSC05493;DSC05494;DSC05495;DSC05496;DSC05497;DSC05498;DSC05499;DSC05500;DSC05501;DSC05502;DSC05503;DSC05504;DSC05505;DSC05506;DSC05507;DSC05508;DSC05509;DSC05510;DSC05511;DSC05512;DSC05513;DSC05514
target 53,-0.0792,-0.0564,-3.6788,134,,,DSC05218;DSC05219;DSC05220;DSC05221;DSC05222;DSC05224;DSC05225;DSC05226;DSC05227;DSC05228;DSC05229;DSC05230;DSC05231;DSC05232;DSC05233;DSC05234;DSC05235;DSC05236;DSC05237;DSC05238;DSC05239;DSC05240;DSC05241;DSC05242;DSC05243;DSC05244;DSC05281;DSC05282;DSC05283;DSC05284;DSC05285;DSC05286;DSC05287;DSC05288;DSC05289;DSC05290;DSC05291;DSC05292;DSC05293;DSC05294;DSC05295;DSC05296;DSC05297;DSC05298;DSC05299;DSC05300;DSC05301;DSC05302;DSC05303;DSC05304;DSC05305;DSC05306;DSC05307;DSC05308;DSC05309;DSC05310;DSC05311;DSC05312;DSC05313;DSC05314;DSC05315;DSC05316;DSC05317;DSC05318;DSC05319;DSC05320;DSC05383;DSC05384;DSC05385;DSC05386;DSC05387;DSC05388;DSC05389;DSC05390;DSC05391;DSC05392;DSC05393;DSC05394;DSC05395;DSC05396;DSC05397;DSC05398;DSC05399;DSC05400;DSC05401;DSC05402;DSC05403;DSC05404;DSC05405;DSC05409;DSC05410;DSC05411;DSC05412;DSC05413;DSC05447;DSC05448;DSC05449;DSC05450;DSC05451;DSC05452;DSC05453;DSC05454;DSC05455;DSC05456;DSC05457;DSC05458;DSC05459;DSC05460;DSC05461;DSC05462;DSC05463;DSC05464;DSC05465;DSC05466;DSC05469;DSC05472;DSC05473;DSC05474;DSC05475;DSC05480;DSC05481;DSC05482;DSC05483;DSC05484;DSC05485;DSC05486;DSC05487;DSC05488;DSC05489;DSC05490;DSC05491;DSC05492;DSC05493;DSC05494
target 54,0.2859,0.091,-2.9916,30,,,DSC05346;DSC05356;DSC05399;DSC05400;DSC05423;DSC05451;DSC05452;DSC05453;DSC05457;DSC05478;DSC05483;DSC05484;DSC05485;DSC05488;DSC05489;DSC05490;DSC05491;DSC05492;DSC05508;DSC05509;DSC05510;DSC05511;DSC05512;DSC05513;DSC05514;DSC05520;DSC05521;DSC05522;DSC05523;DSC05524
target 55,-0.1455,0.5817,-3.4386,58,,,DSC05304;DSC05305;DSC05306;DSC05307;DSC05349;DSC05350;DSC05351;DSC05352;DSC05353;DSC05354;DSC05355;DSC05356;DSC05400;DSC05401;DSC05402;DSC05403;DSC05404;DSC05405;DSC05406;DSC05408;DSC05409;DSC05410;DSC05411;DSC05412;DSC05413;DSC05421;DSC05422;DSC05423;DSC05424;DSC05456;DSC05457;DSC05458;DSC05459;DSC05460;DSC05461;DSC05462;DSC05463;DSC05464;DSC05465;DSC05466;DSC05469;DSC05472;DSC05473;DSC05474;DSC05475;DSC05480;DSC05481;DSC05482;DSC05483;DSC05484;DSC05485;DSC05519;DSC05520;DSC05521;DSC05522;DSC05523;DSC05524;DSC05525
target 56,-0.4528,-0.284,-3.2125,120,,,DSC05221;DSC05222;DSC05224;DSC05225;DSC05226;DSC05227;DSC05228;DSC05229;DSC05230;DSC05231;DSC05232;DSC05233;DSC05234;DSC05235;DSC05236;DSC05237;DSC05238;DSC05239;DSC05240;DSC05241;DSC05242;DSC05243;DSC05284;DSC05285;DSC05286;DSC05287;DSC05288;DSC05289;DSC05290;DSC05291;DSC05292;DSC05293;DSC05294;DSC05295;DSC05296;DSC05297;DSC05298;DSC05299;DSC05300;DSC05301;DSC05302;DSC05303;DSC05304;DSC05305;DSC05306;DSC05307;DSC05308;DSC05309;DSC05310;DSC05311;DSC05312;DSC05313;DSC05314;DSC05315;DSC05316;DSC05317;DSC05318;DSC05386;DSC05387;DSC05388;DSC05389;DSC05390;DSC05391;DSC05392;DSC05393;DSC05394;DSC05395;DSC05396;DSC05397;DSC05398;DSC05399;DSC05400;DSC05401;DSC05402;DSC05403;DSC05404;DSC05405;DSC05406;DSC05408;DSC05409;DSC05410;DSC05411;DSC05412;DSC05413;DSC05449;DSC05450;DSC05451;DSC05452;DSC05453;DSC05454;DSC05455;DSC05456;DSC05457;DSC05458;DSC05459;DSC05460;DSC05461;DSC05462;DSC05463;DSC05464;DSC05465;DSC05466;DSC05469;DSC05472;DSC05473;DSC05474;DSC05475;DSC05480;DSC05481;DSC05482;DSC05483;DSC05484;DSC05485;DSC05486;DSC05487;DSC05488;DSC05489;DSC05490;DSC05491;DSC05492
target 57,-0.4968,-0.1942,-2.1462,100,,,DSC05269;DSC05270;DSC05271;DSC05272;DSC05273;DSC05274;DSC05275;DSC05276;DSC05277;DSC05278;DSC05279;DSC05280;DSC05281;DSC05282;DSC05320;DSC05321;DSC05322;DSC05323;DSC05324;DSC05325;DSC05326;DSC05327;DSC05328;DSC05329;DSC05330;DSC05331;DSC05332;DSC05362;DSC05363;DSC05364;DSC05368;DSC05369;DSC05370;DSC05371;DSC05372;DSC05373;DSC05374;DSC05375;DSC05376;DSC05377;DSC05378;DSC05379;DSC05380;DSC05381;DSC05382;DSC05383;DSC05384;DSC05419;DSC05420;DSC05428;DSC05429;DSC05430;DSC05431;DSC05432;DSC05433;DSC05434;DSC05435;DSC05436;DSC05437;DSC05438;DSC05439;DSC05440;DSC05441;DSC05442;DSC05443;DSC05444;DSC05445;DSC05447;DSC05477;DSC05478;DSC05491;DSC05492;DSC05493;DSC05494;DSC05495;DSC05496;DSC05497;DSC05498;DSC05499;DSC05500;DSC05501;DSC05502;DSC05503;DSC05504;DSC05505;DSC05506;DSC05507;DSC05508;DSC05509;DSC05510;DSC05511;DSC05512;DSC05513;DSC05514;DSC05515;DSC05516;DSC05517;DSC05518;DSC05519;DSC05520
target 58,0.7763,-0.2765,-2.691,90,,,DSC05226;DSC05227;DSC05228;DSC05229;DSC05230;DSC05238;DSC05239;DSC05240;DSC05289;DSC05290;DSC05291;DSC05292;DSC05293;DSC05294;DSC05295;DSC05296;DSC05297;DSC05298;DSC05299;DSC05300;DSC05301;DSC05302;DSC05303;DSC05304;DSC05305;DSC05306;DSC05307;DSC05308;DSC05309;DSC05310;DSC05311;DSC05312;DSC05313;DSC05314;DSC05315;DSC05316;DSC05317;DSC05387;DSC05388;DSC05389;DSC05390;DSC05391;DSC05392;DSC05393;DSC05394;DSC05395;DSC05396;DSC05397;DSC05398;DSC05399;DSC05400;DSC05401;DSC05402;DSC05403;DSC05404;DSC05411;DSC05412;DSC05413;DSC05449;DSC05450;DSC05451;DSC05452;DSC05453;DSC05454;DSC05455;DSC05456;DSC05457;DSC05458;DSC05459;DSC05460;DSC05465;DSC05466;DSC05469;DSC05472;DSC05473;DSC05474;DSC05480;DSC05481;DSC05482;DSC05483;DSC05484;DSC05485;DSC05486;DSC05487;DSC05488;DSC05489;DSC05490;DSC05491;DSC05492;DSC05493
target 59,-0.0844,0.42,-3.0321,105,,,DSC05196;DSC05197;DSC05198;DSC05199;DSC05200;DSC05201;DSC05202;DSC05203;DSC05204;DSC05205;DSC05248;DSC05249;DSC05250;DSC05251;DSC05260;DSC05261;DSC05262;DSC05263;DSC05264;DSC05265;DSC05266;DSC05267;DSC05268;DSC05269;DSC05270;DSC05271;DSC05272;DSC05329;DSC05330;DSC05331;DSC05332;DSC05333;DSC05334;DSC05335;DSC05336;DSC05337;DSC05338;DSC05339;DSC05340;DSC05341;DSC05342;DSC05343;DSC05344;DSC05345;DSC05349;DSC05350;DSC05351;DSC05352;DSC05353;DSC05357;DSC05358;DSC05359;DSC05360;DSC05361;DSC05362;DSC05363;DSC05364;DSC05365;DSC05366;DSC05367;DSC05368;DSC05369;DSC05370;DSC05371;DSC05372;DSC05373;DSC05374;DSC05414;DSC05415;DSC05417;DSC05418;DSC05419;DSC05420;DSC05424;DSC05425;DSC05426;DSC05427;DSC05428;DSC05429;DSC05430;DSC05431;DSC05432;DSC05433;DSC05434;DSC05435;DSC05436;DSC05437;DSC05476;DSC05477;DSC05478;DSC05508;DSC05509;DSC05510;DSC05511;DSC05512;DSC05513;DSC05514;DSC05515;DSC05516;DSC05517;DSC05518;DSC05519;DSC05520;DSC05521;DSC05522
target 60,1.3763,0.9183,-3.1393,37,,,DSC05196;DSC05197;DSC05198;DSC05199;DSC05200;DSC05201;DSC05202;DSC05203;DSC05204;DSC05205;DSC05207;DSC05255;DSC05256;DSC05257;DSC05258;DSC05260;DSC05261;DSC05262;DSC05263;DSC05264;DSC05265;DSC05266;DSC05267;DSC05268;DSC05269;DSC05351;DSC05364;DSC05365;DSC05366;DSC05367;DSC05368;DSC05369;DSC05370;DSC05371;DSC05372;DSC05414;DSC05419
target 61,-1.2634,0.169,-2.5991,118,,,DSC05196;DSC05197;DSC05198;DSC05199;DSC05200;DSC05201;DSC05202;DSC05255;DSC05256;DSC05257;DSC05258;DSC05260;DSC05261;DSC05262;DSC05263;DSC05264;DSC05265;DSC05266;DSC05267;DSC05268;DSC05269;DSC05270;DSC05271;DSC05328;DSC05329;DSC05330;DSC05331;DSC05332;DSC05333;DSC05334;DSC05335;DSC05336;DSC05337;DSC05338;DSC05339;DSC05340;DSC05341;DSC05342;DSC05343;DSC05344;DSC05345;DSC05346;DSC05348;DSC05349;DSC05351;DSC05352;DSC05353;DSC05354;DSC05355;DSC05356;DSC05357;DSC05358;DSC05359;DSC05360;DSC05361;DSC05362;DSC05363;DSC05364;DSC05365;DSC05366;DSC05367;DSC05368;DSC05369;DSC05370;DSC05371;DSC05372;DSC05373;DSC05374;DSC05375;DSC05376;DSC05421;DSC05422;DSC05423;DSC05424;DSC05425;DSC05426;DSC05427;DSC05428;DSC05429;DSC05430;DSC05431;DSC05432;DSC05433;DSC05434;DSC05435;DSC05436;DSC05437;DSC05438;DSC05439;DSC05476;DSC05477;DSC05478;DSC05500;DSC05501;DSC05502;DSC05503;DSC05504;DSC05505;DSC05506;DSC05507;DSC05508;DSC05509;DSC05510;DSC05511;DSC05512;DSC05513;DSC05514;DSC05515;DSC05516;DSC05517;DSC05518;DSC05519;DSC05520;DSC05521;DSC05522;DSC05523;DSC05524;DSC05525
target 62,-1.6458,-0.0831,-2.7457,42,,,DSC05441;DSC05442;DSC05443;DSC05444;DSC05445;DSC05447;DSC05448;DSC05449;DSC05450;DSC05451;DSC05452;DSC05481;DSC05482;DSC05483;DSC05484;DSC05485;DSC05486;DSC05487;DSC05488;DSC05489;DSC05490;DSC05491;DSC05492;DSC05493;DSC05494;DSC05495;DSC05496;DSC05497;DSC05498;DSC05499;DSC05500;DSC05501;DSC05502;DSC05503;DSC05504;DSC05505;DSC05506;DSC05507;DSC05508;DSC05509;DSC05510;DSC05511
target 63,0.2602,0.7588,-3.9779,67,,,DSC05255;DSC05256;DSC05305;DSC05306;DSC05307;DSC05348;DSC05349;DSC05350;DSC05351;DSC05352;DSC05353;DSC05354;DSC05355;DSC05356;DSC05357;DSC05400;DSC05401;DSC05402;DSC05403;DSC05404;DSC05405;DSC05406;DSC05408;DSC05409;DSC05410;DSC05411;DSC05412;DSC05413;DSC05421;DSC05422;DSC05423;DSC05424;DSC05425;DSC05456;DSC05457;DSC05458;DSC05459;DSC05460;DSC05461;DSC05462;DSC05463;DSC05464;DSC05465;DSC05466;DSC05469;DSC05472;DSC05473;DSC05474;DSC05475;DSC05476;DSC05480;DSC05481;DSC05482;DSC05483;DSC05484;DSC05485;DSC05486;DSC05487;DSC05516;DSC05518;DSC05519;DSC05520;DSC05521;DSC05522;DSC05523;DSC05524;DSC05525
target 64,-0.5754,0.277,-2.9022,53,,,DSC05213;DSC05214;DSC05215;DSC05216;DSC05217;DSC05218;DSC05219;DSC05220;DSC05221;DSC05222;DSC05224;DSC05241;DSC05242;DSC05243;DSC05244;DSC05245;DSC05246;DSC05286;DSC05287;DSC05288;DSC05289;DSC05295;DSC05300;DSC05309;DSC05319;DSC05320;DSC05321;DSC05322;DSC05324;DSC05379;DSC05380;DSC05381;DSC05382;DSC05383;DSC05384;DSC05385;DSC05394;DSC05395;DSC05399;DSC05440;DSC05441;DSC05442;DSC05443;DSC05444;DSC05445;DSC05447;DSC05448;DSC05454;DSC05487;DSC05488;DSC05489;DSC05498;DSC05499
target 65,-0.7286,-0.5827,-2.7865,121,,,DSC05221;DSC05222;DSC05224;DSC05225;DSC05226;DSC05227;DSC05228;DSC05229;DSC05230;DSC05231;DSC05232;DSC05233;DSC05234;DSC05235;DSC05236;DSC05237;DSC05238;DSC05239;DSC05240;DSC05241;DSC05242;DSC05243;DSC05284;DSC05285;DSC05286;DSC05287;DSC05288;DSC05289;DSC05290;DSC05291;DSC05292;DSC05293;DSC05294;DSC05295;DSC05296;DSC05297;DSC05298;DSC05299;DSC05300;DSC05301;DSC05302;DSC05303;DSC05304;DSC05305;DSC05306;DSC05307;DSC05308;DSC05309;DSC05310;DSC05311;DSC05312;DSC05313;DSC05314;DSC05315;DSC05316;DSC05317;DSC05318;DSC05385;DSC05386;DSC05387;DSC05388;DSC05389;DSC05390;DSC05391;DSC05392;DSC05393;DSC05394;DSC05395;DSC05396;DSC05397;DSC05398;DSC05399;DSC05400;DSC05401;DSC05402;DSC05403;DSC05404;DSC05405;DSC05406;DSC05409;DSC05410;DSC05411;DSC05412;DSC05413;DSC05448;DSC05449;DSC05450;DSC05451;DSC05452;DSC05453;DSC05454;DSC05455;DSC05456;DSC05457;DSC05458;DSC05459;DSC05460;DSC05461;DSC05462;DSC05463;DSC05465;DSC05466;DSC05469;DSC05472;DSC05473;DSC05474;DSC05475;DSC05480;DSC05481;DSC05482;DSC05483;DSC05484;DSC05485;DSC05486;DSC05487;DSC05488;DSC05489;DSC05490;DSC05491;DSC05492;DSC05493
target 66,-0.7726,0.1591,-2.519,23,,,DSC05224;DSC05225;DSC05226;DSC05227;DSC05228;DSC05237;DSC05240;DSC05241;DSC05301;DSC05302;DSC05308;DSC05309;DSC05388;DSC05389;DSC05397;DSC05398;DSC05399;DSC05400;DSC05401;DSC05449;DSC05450;DSC05452;DSC05456
target 67,0.6084,-0.0681,-2.8401,141,,,DSC05202;DSC05203;DSC05204;DSC05208;DSC05210;DSC05211;DSC05212;DSC05213;DSC05214;DSC05215;DSC05216;DSC05219;DSC05221;DSC05222;DSC05224;DSC05225;DSC05241;DSC05242;DSC05243;DSC05244;DSC05245;DSC05246;DSC05247;DSC05249;DSC05266;DSC05267;DSC05268;DSC05269;DSC05270;DSC05271;DSC05272;DSC05273;DSC05274;DSC05275;DSC05276;DSC05277;DSC05278;DSC05279;DSC05280;DSC05281;DSC05282;DSC05283;DSC05284;DSC05285;DSC05286;DSC05287;DSC05288;DSC05289;DSC05290;DSC05291;DSC05315;DSC05316;DSC05317;DSC05318;DSC05319;DSC05320;DSC05321;DSC05322;DSC05323;DSC05324;DSC05325;DSC05326;DSC05327;DSC05328;DSC05329;DSC05330;DSC05331;DSC05332;DSC05333;DSC05334;DSC05335;DSC05336;DSC05337;DSC05363;DSC05364;DSC05368;DSC05369;DSC05370;DSC05371;DSC05372;DSC05373;DSC05374;DSC05375;DSC05376;DSC05377;DSC05378;DSC05379;DSC05380;DSC05381;DSC05382;DSC05383;DSC05384;DSC05385;DSC05386;DSC05387;DSC05388;DSC05389;DSC05390;DSC05420;DSC05430;DSC05431;DSC05432;DSC05433;DSC05434;DSC05435;DSC05436;DSC05437;DSC05438;DSC05439;DSC05440;DSC05441;DSC05442;DSC05443;DSC05444;DSC05445;DSC05447;DSC05448;DSC05449;DSC05450;DSC05451;DSC05452;DSC05491;DSC05492;DSC05493;DSC05494;DSC05495;DSC05496;DSC05497;DSC05498;DSC05499;DSC05500;DSC05501;DSC05502;DSC05503;DSC05504;DSC05505;DSC05506;DSC05507;DSC05508;DSC05509;DSC05510
target 68,0.6742,1.2318,-4.1668,100,,,DSC05196;DSC05198;DSC05201;DSC05202;DSC05203;DSC05204;DSC05205;DSC05207;DSC05248;DSC05249;DSC05250;DSC05251;DSC05252;DSC05253;DSC05254;DSC05255;DSC05256;DSC05265;DSC05266;DSC05267;DSC05269;DSC05270;DSC05271;DSC05272;DSC05274;DSC05275;DSC05326;DSC05328;DSC05329;DSC05330;DSC05331;DSC05332;DSC05333;DSC05334;DSC05335;DSC05336;DSC05337;DSC05338;DSC05339;DSC05340;DSC05341;DSC05342;DSC05356;DSC05357;DSC05362;DSC05363;DSC05364;DSC05365;DSC05366;DSC05368;DSC05369;DSC05370;DSC05371;DSC05372;DSC05373;DSC05374;DSC05376;DSC05377;DSC05378;DSC05381;DSC05414;DSC05415;DSC05417;DSC05418;DSC05419;DSC05420;DSC05428;DSC05429;DSC05430;DSC05431;DSC05432;DSC05433;DSC05434;DSC05435;DSC05436;DSC05437;DSC05438;DSC05439;DSC05476;DSC05477;DSC05478;DSC05498;DSC05502;DSC05503;DSC05504;DSC05507;DSC05508;DSC05509;DSC05510;DSC05511;DSC05512;DSC05513;DSC05514;DSC05515;DSC05516;DSC05517;DSC05518;DSC05519;DSC05520;DSC05521
target 69,0.866,0.0189,-2.3121,83,,,DSC05216;DSC05217;DSC05218;DSC05219;DSC05220;DSC05221;DSC05222;DSC05224;DSC05225;DSC05226;DSC05227;DSC05240;DSC05241;DSC05242;DSC05243;DSC05244;DSC05245;DSC05280;DSC05281;DSC05282;DSC05283;DSC05284;DSC05285;DSC05286;DSC05287;DSC05288;DSC05289;DSC05290;DSC05291;DSC05292;DSC05293;DSC05294;DSC05295;DSC05296;DSC05297;DSC05298;DSC05310;DSC05311;DSC05312;DSC05313;DSC05314;DSC05315;DSC05316;DSC05317;DSC05318;DSC05319;DSC05320;DSC05321;DSC05382;DSC05383;DSC05384;DSC05385;DSC05386;DSC05387;DSC05388;DSC05389;DSC05390;DSC05391;DSC05392;DSC05393;DSC05394;DSC05395;DSC05396;DSC05397;DSC05398;DSC05448;DSC05449;DSC05450;DSC05451;DSC05452;DSC05453;DSC05454;DSC05455;DSC05488;DSC05489;DSC05490;DSC05491;DSC05492;DSC05493;DSC05494;DSC05495;DSC05496;DSC05497
target 70,-0.6784,-0.445,-3.0128,119,,,DSC05221;DSC05222;DSC05224;DSC05225;DSC05226;DSC05227;DSC05228;DSC05229;DSC05230;DSC05231;DSC05232;DSC05233;DSC05234;DSC05235;DSC05236;DSC05237;DSC05238;DSC05239;DSC05240;DSC05241;DSC05242;DSC05285;DSC05286;DSC05287;DSC05288;DSC05289;DSC05290;DSC05291;DSC05292;DSC05293;DSC05294;DSC05295;DSC05296;DSC05297;DSC05298;DSC05299;DSC05300;DSC05301;DSC05302;DSC05303;DSC05304;DSC05305;DSC05306;DSC05307;DSC05308;DSC05309;DSC05310;DSC05311;DSC05312;DSC05313;DSC05314;DSC05315;DSC05316;DSC05317;DSC05318;DSC05386;DSC05387;DSC05388;DSC05389;DSC05390;DSC05391;DSC05392;DSC05393;DSC05394;DSC05395;DSC05396;DSC05397;DSC05398;DSC05399;DSC05400;DSC05401;DSC05402;DSC05403;DSC05404;DSC05405;DSC05406;DSC05408;DSC05409;DSC05410;DSC05411;DSC05412;DSC05413;DSC05449;DSC05450;DSC05451;DSC05452;DSC05453;DSC05454;DSC05455;DSC05456;DSC05457;DSC05458;DSC05459;DSC05460;DSC05461;DSC05462;DSC05463;DSC05464;DSC05465;DSC05466;DSC05469;DSC05472;DSC05473;DSC05474;DSC05475;DSC05480;DSC05481;DSC05482;DSC05483;DSC05484;DSC05485;DSC05486;DSC05487;DSC05488;DSC05489;DSC05490;DSC05491;DSC05492;DSC05493
target 71,0.661,1.3119,-4.3663,86,,,DSC05255;DSC05267;DSC05329;DSC05330;DSC05331;DSC05332;DSC05333;DSC05334;DSC05335;DSC05336;DSC05337;DSC05338;DSC05339;DSC05340;DSC05341;DSC05362;DSC05366;DSC05368;DSC05369;DSC05370;DSC05371;DSC05372;DSC05373;DSC05374;DSC05376;DSC05377;DSC05378;DSC05383;DSC05406;DSC05408;DSC05409;DSC05414;DSC05415;DSC05417;DSC05418;DSC05419;DSC05420;DSC05427;DSC05428;DSC05429;DSC05430;DSC05431;DSC05432;DSC05433;DSC05434;DSC05435;DSC05436;DSC05437;DSC05438;DSC05439;DSC05442;DSC05443;DSC05462;DSC05465;DSC05466;DSC05469;DSC05472;DSC05473;DSC05476;DSC05477;DSC05478;DSC05480;DSC05481;DSC05482;DSC05488;DSC05489;DSC05490;DSC05502;DSC05503;DSC05504;DSC05507;DSC05508;DSC05509;DSC05510;DSC05511;DSC05512;DSC05513;DSC05514;DSC05515;DSC05516;DSC05517;DSC05518;DSC05519;DSC05520;DSC05521;DSC05522
target 72,-1.4865,-0.2758,-2.5131,83,,,DSC05224;DSC05225;DSC05241;DSC05242;DSC05285;DSC05286;DSC05287;DSC05288;DSC05289;DSC05290;DSC05291;DSC05292;DSC05293;DSC05294;DSC05295;DSC05296;DSC05311;DSC05312;DSC05313;DSC05314;DSC05315;DSC05316;DSC05317;DSC05318;DSC05319;DSC05382;DSC05383;DSC05384;DSC05385;DSC05386;DSC05387;DSC05388;DSC05389;DSC05390;DSC05391;DSC05392;DSC05393;DSC05394;DSC05395;DSC05396;DSC05397;DSC05398;DSC05399;DSC05400;DSC05401;DSC05442;DSC05443;DSC05444;DSC05445;DSC05447;DSC05448;DSC05449;DSC05450;DSC05451;DSC05452;DSC05453;DSC05454;DSC05455;DSC05456;DSC05457;DSC05458;DSC05459;DSC05460;DSC05480;DSC05481;DSC05482;DSC05483;DSC05484;DSC05485;DSC05486;DSC05487;DSC05488;DSC05489;DSC05490;DSC05491;DSC05492;DSC05493;DSC05494;DSC05495;DSC05496;DSC05497;DSC05498;DSC05499
target 73,-0.1534,0.375,-2.743,99,,,DSC05196;DSC05197;DSC05198;DSC05199;DSC05200;DSC05201;DSC05202;DSC05250;DSC05251;DSC05252;DSC05253;DSC05254;DSC05255;DSC05256;DSC05257;DSC05258;DSC05260;DSC05261;DSC05262;DSC05263;DSC05264;DSC05265;DSC05266;DSC05267;DSC05268;DSC05332;DSC05333;DSC05334;DSC05335;DSC05337;DSC05338;DSC05339;DSC05340;DSC05341;DSC05342;DSC05343;DSC05344;DSC05345;DSC05346;DSC05348;DSC05349;DSC05350;DSC05351;DSC05352;DSC05353;DSC05354;DSC05355;DSC05356;DSC05357;DSC05358;DSC05359;DSC05360;DSC05361;DSC05362;DSC05363;DSC05364;DSC05365;DSC05366;DSC05367;DSC05368;DSC05369;DSC05370;DSC05371;DSC05372;DSC05414;DSC05415;DSC05417;DSC05418;DSC05419;DSC05420;DSC05421;DSC05422;DSC05423;DSC05424;DSC05425;DSC05426;DSC05427;DSC05428;DSC05429;DSC05430;DSC05431;DSC05476;DSC05477;DSC05478;DSC05511;DSC05512;DSC05513;DSC05514;DSC05515;DSC05516;DSC05517;DSC05518;DSC05519;DSC05520;DSC05521;DSC05522;DSC05523;DSC05524;DSC05525
target 74,-0.6468,-0.3843,-2.8306,23,,,DSC05197;DSC05198;DSC05199;DSC05200;DSC05250;DSC05265;DSC05346;DSC05356;DSC05357;DSC05358;DSC05369;DSC05370;DSC05371;DSC05424;DSC05425;DSC05431;DSC05476;DSC05477;DSC05512;DSC05519;DSC05520;DSC05521;DSC05522
target 76,0.5654,0.2534,-2.9701,84,,,DSC05196;DSC05197;DSC05198;DSC05199;DSC05200;DSC05201;DSC05202;DSC05203;DSC05204;DSC05205;DSC05207;DSC05208;DSC05248;DSC05249;DSC05250;DSC05251;DSC05252;DSC05253;DSC05257;DSC05258;DSC05260;DSC05261;DSC05262;DSC05263;DSC05264;DSC05265;DSC05266;DSC05267;DSC05268;DSC05269;DSC05270;DSC05271;DSC05272;DSC05273;DSC05274;DSC05327;DSC05328;DSC05329;DSC05330;DSC05331;DSC05332;DSC05333;DSC05334;DSC05335;DSC05336;DSC05337;DSC05338;DSC05339;DSC05340;DSC05341;DSC05342;DSC05343;DSC05344;DSC05345;DSC05359;DSC05360;DSC05361;DSC05362;DSC05363;DSC05364;DSC05365;DSC05366;DSC05367;DSC05368;DSC05369;DSC05370;DSC05371;DSC05372;DSC05373;DSC05374;DSC05375;DSC05376;DSC05414;DSC05415;DSC05417;DSC05426;DSC05427;DSC05428;DSC05429;DSC05430;DSC05431;DSC05432;DSC05433;DSC05434
target 77,-0.3261,-0.0964,-3.4488,109,,,DSC05222;DSC05224;DSC05225;DSC05226;DSC05227;DSC05228;DSC05229;DSC05230;DSC05231;DSC05232;DSC05233;DSC05234;DSC05235;DSC05236;DSC05237;DSC05238;DSC05239;DSC05240;DSC05241;DSC05242;DSC05288;DSC05289;DSC05290;DSC05291;DSC05292;DSC05293;DSC05294;DSC05295;DSC05296;DSC05297;DSC05298;DSC05299;DSC05300;DSC05301;DSC05302;DSC05303;DSC05304;DSC05305;DSC05306;DSC05307;DSC05308;DSC05309;DSC05310;DSC05311;DSC05312;DSC05313;DSC05314;DSC05315;DSC05316;DSC05387;DSC05388;DSC05389;DSC05390;DSC05391;DSC05392;DSC05393;DSC05394;DSC05395;DSC05396;DSC05397;DSC05398;DSC05399;DSC05400;DSC05401;DSC05402;DSC05403;DSC05404;DSC05405;DSC05406;DSC05409;DSC05410;DSC05411;DSC05412;DSC05413;DSC05450;DSC05451;DSC05452;DSC05453;DSC05454;DSC05455;DSC05456;DSC05457;DSC05458;DSC05459;DSC05460;DSC05461;DSC05462;DSC05463;DSC05464;DSC05465;DSC05466;DSC05469;DSC05472;DSC05473;DSC05474;DSC05475;DSC05480;DSC05481;DSC05482;DSC05483;DSC05484;DSC05485;DSC05486;DSC05487;DSC05488;DSC05489;DSC05490;DSC05491;DSC05492
target 78,0.8941,-0.0608,-2.5358,107,,,DSC05208;DSC05210;DSC05211;DSC05212;DSC05213;DSC05214;DSC05215;DSC05216;DSC05217;DSC05218;DSC05219;DSC05220;DSC05221;DSC05222;DSC05224;DSC05242;DSC05243;DSC05244;DSC05245;DSC05246;DSC05247;DSC05272;DSC05273;DSC05274;DSC05275;DSC05276;DSC05277;DSC05278;DSC05279;DSC05280;DSC05281;DSC05282;DSC05283;DSC05284;DSC05285;DSC05286;DSC05287;DSC05288;DSC05289;DSC05315;DSC05316;DSC05317;DSC05318;DSC05319;DSC05320;DSC05321;DSC05322;DSC05323;DSC05324;DSC05328;DSC05333;DSC05369;DSC05370;DSC05371;DSC05372;DSC05373;DSC05374;DSC05375;DSC05376;DSC05377;DSC05378;DSC05379;DSC05380;DSC05381;DSC05382;DSC05383;DSC05384;DSC05385;DSC05386;DSC05387;DSC05388;DSC05389;DSC05390;DSC05419;DSC05420;DSC05431;DSC05432;DSC05433;DSC05434;DSC05448;DSC05449;DSC05450;DSC05451;DSC05452;DSC05491;DSC05492;DSC05493;DSC05494;DSC05495;DSC05496;DSC05497;DSC05498;DSC05499;DSC05500;DSC05501;DSC05502;DSC05503;DSC05504;DSC05505;DSC05506;DSC05507;DSC05508;DSC05509;DSC05510;DSC05511;DSC05512;DSC05513
target 79,-1.4181,-0.1052,-2.969,29,,,DSC05234;DSC05235;DSC05236;DSC05254;DSC05256;DSC05302;DSC05303;DSC05304;DSC05305;DSC05306;DSC05307;DSC05308;DSC05354;DSC05401;DSC05402;DSC05403;DSC05421;DSC05458;DSC05459;DSC05460;DSC05461;DSC05462;DSC05480;DSC05481;DSC05482;DSC05522;DSC05523;DSC05524;DSC05525
target 80,-0.4996,-0.657,-2.5587,131,,,DSC05217;DSC05218;DSC05219;DSC05220;DSC05221;DSC05222;DSC05224;DSC05225;DSC05226;DSC05227;DSC05228;DSC05229;DSC05230;DSC05231;DSC05232;DSC05233;DSC05234;DSC05235;DSC05236;DSC05237;DSC05238;DSC05239;DSC05240;DSC05241;DSC05242;DSC05243;DSC05244;DSC05281;DSC05282;DSC05283;DSC05284;DSC05285;DSC05286;DSC05287;DSC05288;DSC05289;DSC05290;DSC05291;DSC05292;DSC05293;DSC05294;DSC05295;DSC05296;DSC05297;DSC05298;DSC05299;DSC05300;DSC05301;DSC05302;DSC05303;DSC05304;DSC05305;DSC05306;DSC05307;DSC05308;DSC05309;DSC05310;DSC05311;DSC05312;DSC05313;DSC05314;DSC05315;DSC05316;DSC05317;DSC05318;DSC05319;DSC05320;DSC05321;DSC05382;DSC05383;DSC05384;DSC05385;DSC05386;DSC05387;DSC05388;DSC05389;DSC05390;DSC05391;DSC05392;DSC05393;DSC05394;DSC05395;DSC05396;DSC05397;DSC05398;DSC05399;DSC05400;DSC05401;DSC05402;DSC05403;DSC05404;DSC05410;DSC05411;DSC05412;DSC05413;DSC05444;DSC05445;DSC05447;DSC05448;DSC05449;DSC05450;DSC05451;DSC05452;DSC05453;DSC05454;DSC05455;DSC05456;DSC05457;DSC05458;DSC05459;DSC05460;DSC05461;DSC05462;DSC05469;DSC05472;DSC05473;DSC05474;DSC05480;DSC05481;DSC05482;DSC05483;DSC05484;DSC05485;DSC05486;DSC05487;DSC05488;DSC05489;DSC05490;DSC05491;DSC05492;DSC05493
target 81,0.7908,0.0407,-2.5353,81,,,DSC05201;DSC05202;DSC05203;DSC05204;DSC05249;DSC05264;DSC05265;DSC05266;DSC05267;DSC05268;DSC05332;DSC05333;DSC05334;DSC05335;DSC05336;DSC05337;DSC05338;DSC05339;DSC05340;DSC05341;DSC05342;DSC05343;DSC05352;DSC05353;DSC05354;DSC05355;DSC05356;DSC05357;DSC05358;DSC05359;DSC05360;DSC05361;DSC05362;DSC05363;DSC05364;DSC05365;DSC05366;DSC05367;DSC05368;DSC05369;DSC05370;DSC05371;DSC05372;DSC05414;DSC05415;DSC05417;DSC05418;DSC05419;DSC05420;DSC05421;DSC05422;DSC05423;DSC05424;DSC05425;DSC05426;DSC05427;DSC05428;DSC05429;DSC05431;DSC05432;DSC05433;DSC05476;DSC05477;DSC05478;DSC05509;DSC05510;DSC05511;DSC05512;DSC05513;DSC05514;DSC05515;DSC05516;DSC05517;DSC05518;DSC05519;DSC05520;DSC05521;DSC05522;DSC05523;DSC05524;DSC05525
target 82,0.134,-0.0279,-3.4034,90,,,DSC05227;DSC05228;DSC05229;DSC05230;DSC05231;DSC05232;DSC05233;DSC05234;DSC05235;DSC05236;DSC05237;DSC05238;DSC05239;DSC05240;DSC05290;DSC05291;DSC05292;DSC05293;DSC05294;DSC05295;DSC05296;DSC05297;DSC05298;DSC05299;DSC05300;DSC05301;DSC05302;DSC05303;DSC05304;DSC05305;DSC05306;DSC05307;DSC05308;DSC05309;DSC05310;DSC05311;DSC05312;DSC05313;DSC05314;DSC05315;DSC05389;DSC05390;DSC05391;DSC05392;DSC05393;DSC05394;DSC05395;DSC05396;DSC05397;DSC05398;DSC05399;DSC05400;DSC05401;DSC05402;DSC05403;DSC05404;DSC05410;DSC05411;DSC05412;DSC05413;DSC05444;DSC05452;DSC05453;DSC05454;DSC05455;DSC05456;DSC05457;DSC05458;DSC05459;DSC05460;DSC05461;DSC05462;DSC05463;DSC05464;DSC05465;DSC05466;DSC05469;DSC05472;DSC05473;DSC05474;DSC05475;DSC05480;DSC05481;DSC05482;DSC05483;DSC05484;DSC05485;DSC05486;DSC05487;DSC05488
target 83,-0.6437,0.0452,-2.1362,138,,,DSC05203;DSC05204;DSC05205;DSC05207;DSC05208;DSC05211;DSC05212;DSC05213;DSC05214;DSC05215;DSC05216;DSC05217;DSC05245;DSC05246;DSC05248;DSC05249;DSC05265;DSC05266;DSC05267;DSC05268;DSC05269;DSC05270;DSC05271;DSC05272;DSC05273;DSC05274;DSC05275;DSC05276;DSC05277;DSC05278;DSC05279;DSC05280;DSC05281;DSC05282;DSC05283;DSC05284;DSC05285;DSC05318;DSC05319;DSC05320;DSC05321;DSC05322;DSC05323;DSC05324;DSC05325;DSC05326;DSC05327;DSC05328;DSC05329;DSC05330;DSC05331;DSC05332;DSC05333;DSC05334;DSC05335;DSC05336;DSC05337;DSC05361;DSC05362;DSC05363;DSC05364;DSC05365;DSC05366;DSC05368;DSC05369;DSC05370;DSC05371;DSC05372;DSC05373;DSC05374;DSC05375;DSC05376;DSC05377;DSC05378;DSC05379;DSC05380;DSC05381;DSC05382;DSC05383;DSC05384;DSC05385;DSC05386;DSC05418;DSC05419;DSC05420;DSC05427;DSC05428;DSC05429;DSC05430;DSC05431;DSC05432;DSC05433;DSC05434;DSC05435;DSC05436;DSC05437;DSC05438;DSC05439;DSC05440;DSC05441;DSC05442;DSC05443;DSC05444;DSC05445;DSC05447;DSC05448;DSC05449;DSC05450;DSC05477;DSC05478;DSC05491;DSC05492;DSC05493;DSC05494;DSC05495;DSC05496;DSC05497;DSC05498;DSC05499;DSC05500;DSC05501;DSC05502;DSC05503;DSC05504;DSC05505;DSC05506;DSC05507;DSC05508;DSC05509;DSC05510;DSC05511;DSC05512;DSC05513;DSC05514;DSC05515;DSC05516;DSC05517;DSC05518
target 84,0.9579,0.136,-2.4177,26,,,DSC05196;DSC05197;DSC05198;DSC05199;DSC05200;DSC05201;DSC05202;DSC05203;DSC05204;DSC05205;DSC05207;DSC05208;DSC05248;DSC05249;DSC05250;DSC05251;DSC05252;DSC05253;DSC05254;DSC05263;DSC05264;DSC05265;DSC05266;DSC05267;DSC05338;DSC05366
target 85,0.9614,-0.28,-2.6538,50,,,DSC05204;DSC05205;DSC05207;DSC05208;DSC05210;DSC05211;DSC05212;DSC05213;DSC05214;DSC05215;DSC05216;DSC05217;DSC05218;DSC05219;DSC05220;DSC05221;DSC05222;DSC05224;DSC05242;DSC05243;DSC05244;DSC05245;DSC05246;DSC05247;DSC05248;DSC05269;DSC05270;DSC05271;DSC05272;DSC05273;DSC05274;DSC05275;DSC05276;DSC05277;DSC05278;DSC05279;DSC05280;DSC05281;DSC05282;DSC05283;DSC05284;DSC05285;DSC05286;DSC05321;DSC05322;DSC05323;DSC05324;DSC05328;DSC05329;DSC05330
target 86,-0.1109,0.029,-3.7674,59,,,DSC05255;DSC05303;DSC05304;DSC05305;DSC05306;DSC05307;DSC05308;DSC05348;DSC05349;DSC05350;DSC05351;DSC05352;DSC05353;DSC05354;DSC05355;DSC05400;DSC05401;DSC05402;DSC05403;DSC05404;DSC05405;DSC05406;DSC05408;DSC05409;DSC05410;DSC05411;DSC05412;DSC05413;DSC05421;DSC05422;DSC05423;DSC05456;DSC05457;DSC05458;DSC05459;DSC05460;DSC05461;DSC05462;DSC05463;DSC05464;DSC05465;DSC05466;DSC05469;DSC05472;DSC05473;DSC05474;DSC05475;DSC05480;DSC05481;DSC05482;DSC05483;DSC05484;DSC05485;DSC05520;DSC05521;DSC05522;DSC05523;DSC05524;DSC05525
target 87,0.2228,0.3072,-4.1451,64,,,DSC05304;DSC05305;DSC05306;DSC05307;DSC05348;DSC05349;DSC05350;DSC05352;DSC05353;DSC05354;DSC05355;DSC05356;DSC05357;DSC05399;DSC05400;DSC05401;DSC05402;DSC05403;DSC05404;DSC05405;DSC05406;DSC05408;DSC05409;DSC05410;DSC05411;DSC05412;DSC05413;DSC05421;DSC05422;DSC05423;DSC05424;DSC05456;DSC05457;DSC05458;DSC05459;DSC05460;DSC05461;DSC05462;DSC05463;DSC05464;DSC05465;DSC05466;DSC05469;DSC05472;DSC05473;DSC05474;DSC05475;DSC05480;DSC05481;DSC05482;DSC05483;DSC05484;DSC05485;DSC05486;DSC05487;DSC05517;DSC05518;DSC05519;DSC05520;DSC05521;DSC05522;DSC05523;DSC05524;DSC05525
target 88,-0.6172,-0.596,-2.4664,116,,,DSC05196;DSC05197;DSC05198;DSC05205;DSC05207;DSC05208;DSC05210;DSC05211;DSC05212;DSC05213;DSC05246;DSC05247;DSC05248;DSC05251;DSC05253;DSC05260;DSC05265;DSC05269;DSC05270;DSC05271;DSC05272;DSC05273;DSC05274;DSC05275;DSC05276;DSC05277;DSC05278;DSC05279;DSC05280;DSC05321;DSC05322;DSC05323;DSC05324;DSC05325;DSC05326;DSC05327;DSC05328;DSC05329;DSC05330;DSC05331;DSC05332;DSC05333;DSC05334;DSC05335;DSC05336;DSC05337;DSC05338;DSC05352;DSC05353;DSC05361;DSC05362;DSC05363;DSC05364;DSC05365;DSC05366;DSC05368;DSC05369;DSC05370;DSC05371;DSC05372;DSC05373;DSC05374;DSC05375;DSC05376;DSC05377;DSC05378;DSC05379;DSC05380;DSC05381;DSC05382;DSC05419;DSC05420;DSC05421;DSC05428;DSC05429;DSC05430;DSC05431;DSC05432;DSC05433;DSC05434;DSC05435;DSC05436;DSC05437;DSC05438;DSC05439;DSC05440;DSC05441;DSC05442;DSC05443;DSC05444;DSC05477;DSC05478;DSC05496;DSC05497;DSC05498;DSC05499;DSC05500;DSC05501;DSC05502;DSC05503;DSC05504;DSC05505;DSC05506;DSC05507;DSC05508;DSC05509;DSC05510;DSC05511;DSC05512;DSC05513;DSC05514;DSC05515;DSC05516;DSC05517;DSC05518;DSC05525
target 89,0.4241,0.79,-3.4842,115,,,DSC05262;DSC05263;DSC05264;DSC05265;DSC05266;DSC05269;DSC05270;DSC05271;DSC05272;DSC05273;DSC05274;DSC05275;DSC05276;DSC05277;DSC05295;DSC05296;DSC05297;DSC05311;DSC05312;DSC05313;DSC05325;DSC05326;DSC05327;DSC05328;DSC05329;DSC05330;DSC05331;DSC05339;DSC05340;DSC05341;DSC05342;DSC05343;DSC05344;DSC05356;DSC05357;DSC05358;DSC05359;DSC05360;DSC05361;DSC05362;DSC05365;DSC05366;DSC05367;DSC05373;DSC05374;DSC05375;DSC05376;DSC05377;DSC05393;DSC05394;DSC05395;DSC05396;DSC05397;DSC05403;DSC05404;DSC05412;DSC05414;DSC05415;DSC05420;DSC05421;DSC05422;DSC05423;DSC05424;DSC05425;DSC05426;DSC05427;DSC05428;DSC05429;DSC05432;DSC05433;DSC05434;DSC05435;DSC05436;DSC05437;DSC05438;DSC05439;DSC05454;DSC05458;DSC05459;DSC05460;DSC05461;DSC05463;DSC05464;DSC05465;DSC05466;DSC05469;DSC05472;DSC05473;DSC05474;DSC05475;DSC05476;DSC05477;DSC05485;DSC05496;DSC05502;DSC05503;DSC05504;DSC05505;DSC05506;DSC05507;DSC05508;DSC05509;DSC05510;DSC05514;DSC05515;DSC05516;DSC05517;DSC05518;DSC05519;DSC05520;DSC05521;DSC05522;DSC05523;DSC05524;DSC05525
target 90,0.5595,0.8623,-3.5018,44,,,DSC05196;DSC05197;DSC05198;DSC05199;DSC05251;DSC05252;DSC05253;DSC05254;DSC05255;DSC05256;DSC05257;DSC05258;DSC05260;DSC05261;DSC05262;DSC05341;DSC05342;DSC05343;DSC05344;DSC05345;DSC05346;DSC05348;DSC05349;DSC05350;DSC05351;DSC05352;DSC05353;DSC05354;DSC05355;DSC05356;DSC05357;DSC05358;DSC05359;DSC05367;DSC05421;DSC05422;DSC05423;DSC05424;DSC05425;DSC05521;DSC05522;DSC05523;DSC05524;DSC05525
target 91,0.5032,0.6728,-4.7841,38,,,DSC05305;DSC05306;DSC05349;DSC05350;DSC05356;DSC05400;DSC05401;DSC05402;DSC05408;DSC05409;DSC05410;DSC05411;DSC05412;DSC05413;DSC05421;DSC05422;DSC05423;DSC05424;DSC05425;DSC05457;DSC05458;DSC05464;DSC05465;DSC05466;DSC05474;DSC05476;DSC05480;DSC05481;DSC05516;DSC05517;DSC05518;DSC05519;DSC05520;DSC05521;DSC05522;DSC05523;DSC05524;DSC05525
target 92,0.9394,0.0674,-2.251,107,,,DSC05207;DSC05208;DSC05210;DSC05211;DSC05212;DSC05213;DSC05214;DSC05215;DSC05216;DSC05217;DSC05218;DSC05219;DSC05220;DSC05221;DSC05222;DSC05242;DSC05243;DSC05244;DSC05245;DSC05246;DSC05247;DSC05266;DSC05267;DSC05268;DSC05269;DSC05270;DSC05271;DSC05272;DSC05273;DSC05274;DSC05275;DSC05276;DSC05277;DSC05278;DSC05279;DSC05280;DSC05281;DSC05282;DSC05283;DSC05284;DSC05285;DSC05286;DSC05287;DSC05288;DSC05289;DSC05290;DSC05291;DSC05316;DSC05317;DSC05318;DSC05319;DSC05338;DSC05359;DSC05360;DSC05363;DSC05364;DSC05365;DSC05366;DSC05367;DSC05368;DSC05369;DSC05370;DSC05371;DSC05372;DSC05373;DSC05374;DSC05375;DSC05376;DSC05378;DSC05379;DSC05380;DSC05381;DSC05382;DSC05383;DSC05384;DSC05385;DSC05386;DSC05387;DSC05414;DSC05424;DSC05425;DSC05476;DSC05495;DSC05496;DSC05497;DSC05498;DSC05499;DSC05500;DSC05501;DSC05502;DSC05503;DSC05504;DSC05505;DSC05512;DSC05513;DSC05514;DSC05515;DSC05516;DSC05517;DSC05518;DSC05519;DSC05520;DSC05521;DSC05522;DSC05523;DSC05524;DSC05525
target 93,0.379,0.6294,-3.5824,90,,,DSC05199;DSC05203;DSC05204;DSC05205;DSC05207;DSC05208;DSC05248;DSC05249;DSC05251;DSC05254;DSC05255;DSC05256;DSC05257;DSC05258;DSC05260;DSC05261;DSC05262;DSC05263;DSC05268;DSC05269;DSC05270;DSC05271;DSC05328;DSC05329;DSC05330;DSC05331;DSC05332;DSC05334;DSC05335;DSC05339;DSC05340;DSC05341;DSC05342;DSC05343;DSC05344;DSC05345;DSC05346;DSC05348;DSC05349;DSC05350;DSC05351;DSC05352;DSC05353;DSC05354;DSC05355;DSC05356;DSC05357;DSC05358;DSC05359;DSC05360;DSC05361;DSC05366;DSC05367;DSC05368;DSC05369;DSC05370;DSC05371;DSC05372;DSC05414;DSC05418;DSC05419;DSC05420;DSC05421;DSC05422;DSC05423;DSC05424;DSC05425;DSC05426;DSC05427;DSC05430;DSC05431;DSC05432;DSC05433;DSC05434;DSC05435;DSC05476;DSC05478;DSC05510;DSC05511;DSC05512;DSC05513;DSC05517;DSC05518;DSC05519;DSC05520;DSC05521;DSC05522;DSC05523;DSC05524;DSC05525
target 94,-1.5165,-0.2615,-2.736,18,,,DSC05439;DSC05440;DSC05441;DSC05494;DSC05495;DSC05496;DSC05497;DSC05498;DSC05499;DSC05500;DSC05501;DSC05502;DSC05503;DSC05504;DSC05505;DSC05506;DSC05507;DSC05508
target 95,-0.177,-0.4066,-3.1154,53,,,DSC05221;DSC05222;DSC05224;DSC05225;DSC05226;DSC05227;DSC05228;DSC05229;DSC05230;DSC05231;DSC05232;DSC05233;DSC05234;DSC05235;DSC05236;DSC05237;DSC05238;DSC05241;DSC05242;DSC05285;DSC05286;DSC05287;DSC05288;DSC05304;DSC05317;DSC05386;DSC05387;DSC05388;DSC05390;DSC05391;DSC05392;DSC05393;DSC05404;DSC05405;DSC05406;DSC05449;DSC05450;DSC05451;DSC05452;DSC05453;DSC05454;DSC05457;DSC05480;DSC05481;DSC05483;DSC05484;DSC05485;DSC05486;DSC05487;DSC05488;DSC05489;DSC05491;DSC05492
target 96,-0.5271,-0.506,-2.9469,135,,,DSC05215;DSC05216;DSC05217;DSC05218;DSC05219;DSC05220;DSC05221;DSC05222;DSC05224;DSC05225;DSC05226;DSC05227;DSC05228;DSC05229;DSC05230;DSC05231;DSC05232;DSC05233;DSC05234;DSC05235;DSC05236;DSC05237;DSC05238;DSC05239;DSC05240;DSC05241;DSC05242;DSC05243;DSC05244;DSC05245;DSC05279;DSC05280;DSC05281;DSC05282;DSC05283;DSC05284;DSC05285;DSC05286;DSC05287;DSC05288;DSC05289;DSC05290;DSC05291;DSC05292;DSC05293;DSC05294;DSC05295;DSC05296;DSC05297;DSC05298;DSC05299;DSC05300;DSC05301;DSC05302;DSC05303;DSC05304;DSC05305;DSC05306;DSC05307;DSC05308;DSC05309;DSC05310;DSC05311;DSC05312;DSC05313;DSC05314;DSC05315;DSC05316;DSC05317;DSC05318;DSC05319;DSC05320;DSC05321;DSC05322;DSC05382;DSC05383;DSC05384;DSC05385;DSC05386;DSC05387;DSC05388;DSC05389;DSC05390;DSC05391;DSC05392;DSC05393;DSC05394;DSC05395;DSC05396;DSC05397;DSC05398;DSC05399;DSC05400;DSC05401;DSC05402;DSC05403;DSC05412;DSC05413;DSC05442;DSC05443;DSC05444;DSC05445;DSC05447;DSC05448;DSC05449;DSC05450;DSC05451;DSC05452;DSC05453;DSC05454;DSC05455;DSC05456;DSC05457;DSC05458;DSC05459;DSC05469;DSC05473;DSC05481;DSC05482;DSC05483;DSC05484;DSC05485;DSC05486;DSC05487;DSC05488;DSC05489;DSC05490;DSC05491;DSC05492;DSC05493;DSC05494;DSC05495;DSC05496;DSC05497;DSC05498
target 97,-1.0032,-0.3779,-3.0695,121,,,DSC05220;DSC05221;DSC05222;DSC05224;DSC05225;DSC05226;DSC05227;DSC05228;DSC05229;DSC05230;DSC05231;DSC05232;DSC05233;DSC05234;DSC05235;DSC05236;DSC05237;DSC05238;DSC05239;DSC05240;DSC05241;DSC05242;DSC05243;DSC05284;DSC05285;DSC05286;DSC05287;DSC05288;DSC05289;DSC05290;DSC05291;DSC05292;DSC05293;DSC05294;DSC05295;DSC05296;DSC05297;DSC05298;DSC05299;DSC05300;DSC05301;DSC05302;DSC05303;DSC05304;DSC05305;DSC05306;DSC05307;DSC05308;DSC05309;DSC05310;DSC05311;DSC05312;DSC05313;DSC05314;DSC05315;DSC05316;DSC05317;DSC05318;DSC05319;DSC05384;DSC05385;DSC05386;DSC05387;DSC05388;DSC05389;DSC05390;DSC05391;DSC05392;DSC05393;DSC05394;DSC05395;DSC05396;DSC05397;DSC05398;DSC05399;DSC05400;DSC05401;DSC05402;DSC05403;DSC05404;DSC05447;DSC05448;DSC05449;DSC05450;DSC05451;DSC05452;DSC05453;DSC05454;DSC05455;DSC05456;DSC05457;DSC05458;DSC05459;DSC05460;DSC05461;DSC05462;DSC05463;DSC05464;DSC05465;DSC05466;DSC05469;DSC05472;DSC05473;DSC05474;DSC05475;DSC05480;DSC05481;DSC05482;DSC05483;DSC05484;DSC05485;DSC05486;DSC05487;DSC05488;DSC05489;DSC05490;DSC05491;DSC05492;DSC05493;DSC05494;DSC05495
target 98,0.287,0.5691,-4.4063,94,,,DSC05231;DSC05232;DSC05233;DSC05234;DSC05235;DSC05236;DSC05237;DSC05291;DSC05292;DSC05293;DSC05294;DSC05295;DSC05296;DSC05297;DSC05298;DSC05299;DSC05300;DSC05301;DSC05302;DSC05303;DSC05304;DSC05305;DSC05306;DSC05307;DSC05308;DSC05309;DSC05310;DSC05311;DSC05312;DSC05313;DSC05314;DSC05315;DSC05388;DSC05389;DSC05390;DSC05391;DSC05392;DSC05393;DSC05394;DSC05395;DSC05396;DSC05397;DSC05398;DSC05399;DSC05400;DSC05401;DSC05402;DSC05403;DSC05404;DSC05405;DSC05406;DSC05408;DSC05409;DSC05410;DSC05411;DSC05412;DSC05413;DSC05450;DSC05451;DSC05452;DSC05453;DSC05454;DSC05455;DSC05456;DSC05457;DSC05458;DSC05459;DSC05460;DSC05461;DSC05462;DSC05463;DSC05464;DSC05465;DSC05466;DSC05469;DSC05472;DSC05473;DSC05474;DSC05475;DSC05480;DSC05481;DSC05482;DSC05483;DSC05484;DSC05485;DSC05486;DSC05487;DSC05488;DSC05489;DSC05490;DSC05491;DSC05492;DSC05493;DSC05494
target 99,-0.783,0.1023,-2.3651,72,,,DSC05214;DSC05215;DSC05219;DSC05226;DSC05227;DSC05228;DSC05229;DSC05230;DSC05239;DSC05240;DSC05243;DSC05244;DSC05245;DSC05278;DSC05279;DSC05280;DSC05281;DSC05282;DSC05283;DSC05284;DSC05285;DSC05286;DSC05287;DSC05288;DSC05289;DSC05303;DSC05304;DSC05307;DSC05308;DSC05316;DSC05317;DSC05318;DSC05319;DSC05320;DSC05321;DSC05322;DSC05381;DSC05382;DSC05383;DSC05384;DSC05385;DSC05386;DSC05387;DSC05388;DSC05389;DSC05390;DSC05391;DSC05392;DSC05399;DSC05400;DSC05401;DSC05402;DSC05442;DSC05443;DSC05444;DSC05445;DSC05447;DSC05448;DSC05449;DSC05450;DSC05451;DSC05452;DSC05453;DSC05457;DSC05462;DSC05491;DSC05492;DSC05493;DSC05494;DSC05495;DSC05496;DSC05497
target 100,0.5761,1.183,-4.641,63,,,DSC05305;DSC05306;DSC05307;DSC05308;DSC05398;DSC05399;DSC05400;DSC05401;DSC05402;DSC05405;DSC05406;DSC05408;DSC05409;DSC05410;DSC05411;DSC05412;DSC05413;DSC05421;DSC05424;DSC05425;DSC05426;DSC05455;DSC05456;DSC05457;DSC05458;DSC05459;DSC05460;DSC05461;DSC05462;DSC05463;DSC05464;DSC05465;DSC05466;DSC05469;DSC05472;DSC05473;DSC05474;DSC05475;DSC05476;DSC05477;DSC05480;DSC05481;DSC05482;DSC05483;DSC05484;DSC05485;DSC05486;DSC05487;DSC05488;DSC05489;DSC05510;DSC05511;DSC05512;DSC05513;DSC05514;DSC05515;DSC05516;DSC05517;DSC05518;DSC05519;DSC05520;DSC05521;DSC05522
target 101,-1.4398,0.1101,-2.8548,27,,,DSC05234;DSC05235;DSC05236;DSC05257;DSC05303;DSC05304;DSC05306;DSC05307;DSC05308;DSC05346;DSC05349;DSC05350;DSC05351;DSC05401;DSC05402;DSC05403;DSC05423;DSC05458;DSC05459;DSC05461;DSC05462;DSC05480;DSC05481;DSC05482;DSC05522;DSC05523;DSC05524
target 102,-1.0538,0.1001,-2.3224,131,,,DSC05198;DSC05199;DSC05200;DSC05201;DSC05202;DSC05204;DSC05205;DSC05247;DSC05249;DSC05250;DSC05260;DSC05261;DSC05262;DSC05263;DSC05264;DSC05265;DSC05266;DSC05267;DSC05268;DSC05269;DSC05270;DSC05271;DSC05272;DSC05273;DSC05274;DSC05275;DSC05276;DSC05277;DSC05278;DSC05322;DSC05323;DSC05324;DSC05325;DSC05326;DSC05327;DSC05328;DSC05329;DSC05330;DSC05331;DSC05332;DSC05333;DSC05334;DSC05335;DSC05336;DSC05337;DSC05338;DSC05339;DSC05340;DSC05341;DSC05342;DSC05343;DSC05344;DSC05356;DSC05357;DSC05358;DSC05359;DSC05360;DSC05361;DSC05362;DSC05363;DSC05364;DSC05365;DSC05366;DSC05367;DSC05368;DSC05369;DSC05370;DSC05371;DSC05372;DSC05373;DSC05374;DSC05375;DSC05376;DSC05377;DSC05378;DSC05379;DSC05380;DSC05381;DSC05422;DSC05423;DSC05424;DSC05425;DSC05426;DSC05427;DSC05428;DSC05429;DSC05430;DSC05431;DSC05432;DSC05433;DSC05434;DSC05435;DSC05436;DSC05437;DSC05438;DSC05439;DSC05440;DSC05441;DSC05442;DSC05443;DSC05476;DSC05477;DSC05478;DSC05498;DSC05499;DSC05500;DSC05501;DSC05502;DSC05503;DSC05504;DSC05505;DSC05506;DSC05507;DSC05508;DSC05509;DSC05510;DSC05511;DSC05512;DSC05513;DSC05514;DSC05515;DSC05516;DSC05517;DSC05518;DSC05519;DSC05520;DSC05521;DSC05522;DSC05523;DSC05524;DSC05525
target 103,0.2197,-0.2375,-3.3458,87,,,DSC05225;DSC05226;DSC05227;DSC05228;DSC05229;DSC05230;DSC05231;DSC05232;DSC05233;DSC05234;DSC05235;DSC05236;DSC05237;DSC05238;DSC05239;DSC05240;DSC05241;DSC05292;DSC05293;DSC05294;DSC05295;DSC05296;DSC05297;DSC05298;DSC05299;DSC05300;DSC05301;DSC05302;DSC05303;DSC05304;DSC05305;DSC05306;DSC05307;DSC05308;DSC05309;DSC05310;DSC05311;DSC05312;DSC05313;DSC05314;DSC05392;DSC05393;DSC05394;DSC05395;DSC05396;DSC05397;DSC05398;DSC05399;DSC05400;DSC05401;DSC05402;DSC05403;DSC05404;DSC05405;DSC05406;DSC05408;DSC05409;DSC05410;DSC05411;DSC05412;DSC05413;DSC05454;DSC05455;DSC05456;DSC05457;DSC05458;DSC05459;DSC05460;DSC05461;DSC05462;DSC05463;DSC05464;DSC05465;DSC05466;DSC05469;DSC05472;DSC05473;DSC05474;DSC05475;DSC05480;DSC05481;DSC05482;DSC05483;DSC05484;DSC05485;DSC05486;DSC05487
target 104,0.7669,-0.2668,-3.452,134,,,DSC05281;DSC05282;DSC05283;DSC05284;DSC05285;DSC05286;DSC05287;DSC05288;DSC05289;DSC05290;DSC05291;DSC05292;DSC05293;DSC05294;DSC05295;DSC05296;DSC05297;DSC05298;DSC05299;DSC05300;DSC05301;DSC05302;DSC05303;DSC05304;DSC05305;DSC05306;DSC05307;DSC05308;DSC05309;DSC05310;DSC05311;DSC05312;DSC05313;DSC05314;DSC05315;DSC05316;DSC05317;DSC05318;DSC05319;DSC05320;DSC05321;DSC05322;DSC05323;DSC05324;DSC05325;DSC05352;DSC05353;DSC05377;DSC05378;DSC05379;DSC05380;DSC05381;DSC05382;DSC05383;DSC05384;DSC05385;DSC05386;DSC05387;DSC05388;DSC05389;DSC05390;DSC05391;DSC05392;DSC05393;DSC05394;DSC05395;DSC05396;DSC05397;DSC05398;DSC05399;DSC05400;DSC05401;DSC05402;DSC05403;DSC05404;DSC05405;DSC05406;DSC05409;DSC05410;DSC05411;DSC05412;DSC05413;DSC05421;DSC05438;DSC05439;DSC05440;DSC05441;DSC05442;DSC05443;DSC05444;DSC05445;DSC05447;DSC05448;DSC05449;DSC05450;DSC05451;DSC05452;DSC05453;DSC05454;DSC05455;DSC05456;DSC05457;DSC05458;DSC05459;DSC05460;DSC05461;DSC05462;DSC05463;DSC05464;DSC05465;DSC05466;DSC05469;DSC05472;DSC05473;DSC05474;DSC05475;DSC05484;DSC05485;DSC05488;DSC05489;DSC05490;DSC05491;DSC05492;DSC05493;DSC05494;DSC05495;DSC05496;DSC05497;DSC05498;DSC05499;DSC05500;DSC05501;DSC05505;DSC05506
target 105,0.7537,0.0447,-2.6821,68,,,DSC05280;DSC05281;DSC05282;DSC05283;DSC05284;DSC05285;DSC05286;DSC05292;DSC05293;DSC05294;DSC05295;DSC05296;DSC05297;DSC05298;DSC05311;DSC05312;DSC05313;DSC05314;DSC05315;DSC05316;DSC05317;DSC05318;DSC05319;DSC05320;DSC05321;DSC05382;DSC05383;DSC05384;DSC05385;DSC05386;DSC05387;DSC05388;DSC05389;DSC05390;DSC05391;DSC05392;DSC05393;DSC05394;DSC05395;DSC05396;DSC05397;DSC05398;DSC05399;DSC05444;DSC05445;DSC05447;DSC05448;DSC05449;DSC05450;DSC05451;DSC05452;DSC05453;DSC05454;DSC05455;DSC05456;DSC05485;DSC05486;DSC05487;DSC05488;DSC05489;DSC05490;DSC05491;DSC05492;DSC05493;DSC05494;DSC05495;DSC05496;DSC05497
target 106,0.0522,0.0258,-3.232,83,,,DSC05208;DSC05210;DSC05211;DSC05212;DSC05213;DSC05214;DSC05215;DSC05216;DSC05217;DSC05245;DSC05246;DSC05247;DSC05268;DSC05269;DSC05270;DSC05271;DSC05272;DSC05273;DSC05274;DSC05275;DSC05276;DSC05277;DSC05278;DSC05279;DSC05280;DSC05281;DSC05282;DSC05283;DSC05315;DSC05318;DSC05319;DSC05320;DSC05321;DSC05322;DSC05323;DSC05324;DSC05325;DSC05326;DSC05327;DSC05328;DSC05329;DSC05330;DSC05331;DSC05332;DSC05333;DSC05334;DSC05338;DSC05361;DSC05366;DSC05369;DSC05370;DSC05371;DSC05372;DSC05373;DSC05374;DSC05377;DSC05378;DSC05379;DSC05381;DSC05390;DSC05391;DSC05392;DSC05415;DSC05417;DSC05418;DSC05420;DSC05428;DSC05431;DSC05432;DSC05433;DSC05434;DSC05435;DSC05436;DSC05438;DSC05477;DSC05498;DSC05499;DSC05500;DSC05501;DSC05502;DSC05503;DSC05504;DSC05505
target 107,0.7725,-0.1714,-2.5581,73,,,DSC05201;DSC05205;DSC05207;DSC05208;DSC05210;DSC05211;DSC05212;DSC05213;DSC05214;DSC05215;DSC05216;DSC05217;DSC05218;DSC05219;DSC05220;DSC05221;DSC05222;DSC05242;DSC05243;DSC05244;DSC05245;DSC05246;DSC05247;DSC05248;DSC05269;DSC05270;DSC05271;DSC05272;DSC05273;DSC05274;DSC05275;DSC05276;DSC05277;DSC05278;DSC05279;DSC05280;DSC05281;DSC05282;DSC05283;DSC05284;DSC05285;DSC05286;DSC05287;DSC05288;DSC05317;DSC05318;DSC05319;DSC05320;DSC05321;DSC05322;DSC05323;DSC05324;DSC05325;DSC05326;DSC05327;DSC05328;DSC05329;DSC05330;DSC05331;DSC05332;DSC05373;DSC05374;DSC05375;DSC05376;DSC05377;DSC05378;DSC05379;DSC05380;DSC05381;DSC05382;DSC05383;DSC05385;DSC05445
target 108,0.8238,-0.3202,-2.8637,106,,,DSC05242;DSC05284;DSC05285;DSC05286;DSC05287;DSC05288;DSC05289;DSC05290;DSC05291;DSC05292;DSC05293;DSC05294;DSC05295;DSC05296;DSC05297;DSC05298;DSC05299;DSC05300;DSC05301;DSC05302;DSC05303;DSC05304;DSC05305;DSC05306;DSC05307;DSC05308;DSC05309;DSC05310;DSC05311;DSC05312;DSC05313;DSC05314;DSC05315;DSC05316;DSC05317;DSC05318;DSC05319;DSC05383;DSC05384;DSC05385;DSC05386;DSC05387;DSC05388;DSC05389;DSC05390;DSC05391;DSC05392;DSC05393;DSC05394;DSC05395;DSC05396;DSC05397;DSC05398;DSC05399;DSC05400;DSC05401;DSC05402;DSC05403;DSC05404;DSC05405;DSC05409;DSC05410;DSC05411;DSC05412;DSC05413;DSC05445;DSC05449;DSC05450;DSC05451;DSC05452;DSC05453;DSC05454;DSC05455;DSC05456;DSC05457;DSC05458;DSC05459;DSC05460;DSC05461;DSC05462;DSC05463;DSC05464;DSC05465;DSC05466;DSC05469;DSC05472;DSC05473;DSC05474;DSC05475;DSC05480;DSC05481;DSC05482;DSC05483;DSC05484;DSC05485;DSC05486;DSC05487;DSC05488;DSC05489;DSC05490;DSC05491;DSC05492;DSC05493;DSC05494;DSC05495;DSC05496
target 109,-0.6586,-0.5604,-2.7384,70,,,DSC05197;DSC05198;DSC05199;DSC05200;DSC05201;DSC05202;DSC05203;DSC05204;DSC05249;DSC05250;DSC05251;DSC05269;DSC05270;DSC05271;DSC05272;DSC05273;DSC05327;DSC05328;DSC05329;DSC05330;DSC05331;DSC05332;DSC05333;DSC05334;DSC05355;DSC05356;DSC05357;DSC05362;DSC05363;DSC05364;DSC05368;DSC05369;DSC05370;DSC05371;DSC05372;DSC05373;DSC05374;DSC05375;DSC05376;DSC05377;DSC05419;DSC05420;DSC05422;DSC05423;DSC05424;DSC05425;DSC05429;DSC05430;DSC05431;DSC05432;DSC05433;DSC05434;DSC05435;DSC05436;DSC05437;DSC05438;DSC05478;DSC05503;DSC05504;DSC05505;DSC05506;DSC05507;DSC05508;DSC05509;DSC05510;DSC05511;DSC05512;DSC05521;DSC05522;DSC05523
target 110,-0.3048,0.4521,-3.1733,88,,,DSC05198;DSC05199;DSC05200;DSC05201;DSC05202;DSC05203;DSC05204;DSC05249;DSC05250;DSC05253;DSC05254;DSC05255;DSC05257;DSC05263;DSC05264;DSC05265;DSC05266;DSC05267;DSC05268;DSC05269;DSC05331;DSC05332;DSC05333;DSC05334;DSC05335;DSC05336;DSC05337;DSC05338;DSC05339;DSC05340;DSC05346;DSC05348;DSC05349;DSC05350;DSC05351;DSC05352;DSC05353;DSC05354;DSC05355;DSC05356;DSC05360;DSC05361;DSC05362;DSC05363;DSC05364;DSC05365;DSC05366;DSC05367;DSC05368;DSC05369;DSC05370;DSC05371;DSC05372;DSC05414;DSC05415;DSC05417;DSC05418;DSC05419;DSC05420;DSC05421;DSC05422;DSC05423;DSC05426;DSC05427;DSC05428;DSC05429;DSC05430;DSC05431;DSC05432;DSC05433;DSC05434;DSC05476;DSC05477;DSC05478;DSC05509;DSC05510;DSC05511;DSC05512;DSC05513;DSC05514;DSC05515;DSC05516;DSC05517;DSC05518;DSC05519;DSC05523;DSC05524;DSC05525
target 111,0.1897,0.48,-3.9508,57,,,DSC05205;DSC05207;DSC05221;DSC05243;DSC05248;DSC05268;DSC05278;DSC05285;DSC05286;DSC05287;DSC05288;DSC05316;DSC05317;DSC05318;DSC05323;DSC05333;DSC05334;DSC05376;DSC05385;DSC05386;DSC05414;DSC05426;DSC05427;DSC05428;DSC05439;DSC05440;DSC05441;DSC05442;DSC05454;DSC05476;DSC05480;DSC05481;DSC05482;DSC05483;DSC05484;DSC05485;DSC05486;DSC05487;DSC05488;DSC05489;DSC05490;DSC05491;DSC05492;DSC05499;DSC05500;DSC05501;DSC05502;DSC05503;DSC05513;DSC05515;DSC05516;DSC05517;DSC05518;DSC05519;DSC05520;DSC05521;DSC05522
target 112,0.791,-0.2523,-3.1937,133,,,DSC05277;DSC05278;DSC05279;DSC05280;DSC05281;DSC05282;DSC05283;DSC05284;DSC05285;DSC05287;DSC05288;DSC05289;DSC05290;DSC05291;DSC05292;DSC05294;DSC05295;DSC05296;DSC05297;DSC05298;DSC05299;DSC05300;DSC05301;DSC05302;DSC05303;DSC05304;DSC05305;DSC05306;DSC05307;DSC05308;DSC05309;DSC05310;DSC05311;DSC05312;DSC05313;DSC05314;DSC05315;DSC05316;DSC05317;DSC05318;DSC05319;DSC05320;DSC05321;DSC05322;DSC05323;DSC05324;DSC05325;DSC05378;DSC05379;DSC05380;DSC05381;DSC05382;DSC05383;DSC05384;DSC05385;DSC05386;DSC05387;DSC05388;DSC05389;DSC05390;DSC05391;DSC05392;DSC05393;DSC05394;DSC05395;DSC05396;DSC05397;DSC05398;DSC05399;DSC05400;DSC05401;DSC05402;DSC05403;DSC05404;DSC05405;DSC05406;DSC05409;DSC05410;DSC05411;DSC05412;DSC05413;DSC05440;DSC05441;DSC05442;DSC05443;DSC05444;DSC05445;DSC05447;DSC05448;DSC05449;DSC05450;DSC05451;DSC05452;DSC05453;DSC05454;DSC05455;DSC05456;DSC05457;DSC05458;DSC05459;DSC05460;DSC05461;DSC05462;DSC05463;DSC05464;DSC05465;DSC05466;DSC05469;DSC05472;DSC05473;DSC05474;DSC05475;DSC05480;DSC05481;DSC05482;DSC05483;DSC05484;DSC05485;DSC05486;DSC05487;DSC05488;DSC05489;DSC05490;DSC05491;DSC05492;DSC05493;DSC05494;DSC05495;DSC05496;DSC05497;DSC05498;DSC05499;DSC05500
target 113,0.2694,0.4442,-3.0792,75,,,DSC05196;DSC05197;DSC05198;DSC05199;DSC05200;DSC05201;DSC05202;DSC05203;DSC05204;DSC05249;DSC05250;DSC05251;DSC05260;DSC05261;DSC05262;DSC05263;DSC05264;DSC05265;DSC05266;DSC05267;DSC05334;DSC05335;DSC05336;DSC05337;DSC05338;DSC05339;DSC05340;DSC05341;DSC05342;DSC05343;DSC05344;DSC05349;DSC05350;DSC05351;DSC05352;DSC05353;DSC05358;DSC05359;DSC05360;DSC05361;DSC05362;DSC05363;DSC05364;DSC05365;DSC05366;DSC05367;DSC05368;DSC05414;DSC05415;DSC05417;DSC05418;DSC05419;DSC05424;DSC05425;DSC05426;DSC05427;DSC05428;DSC05429;DSC05430;DSC05476;DSC05477;DSC05478;DSC05510;DSC05511;DSC05512;DSC05513;DSC05514;DSC05515;DSC05516;DSC05517;DSC05518;DSC05519;DSC05520;DSC05521;DSC05522
target 114,0.5093,1.0149,-4.6241,45,,,DSC05305;DSC05306;DSC05348;DSC05349;DSC05350;DSC05401;DSC05402;DSC05405;DSC05406;DSC05408;DSC05409;DSC05410;DSC05411;DSC05412;DSC05413;DSC05421;DSC05422;DSC05423;DSC05424;DSC05457;DSC05458;DSC05459;DSC05460;DSC05461;DSC05462;DSC05463;DSC05464;DSC05465;DSC05466;DSC05469;DSC05472;DSC05473;DSC05474;DSC05475;DSC05480;DSC05481;DSC05482;DSC05483;DSC05484;DSC05485;DSC05486;DSC05522;DSC05523;DSC05524;DSC05525
target 115,-0.4659,0.1025,-2.1675,135,,,DSC05196;DSC05197;DSC05198;DSC05199;DSC05200;DSC05201;DSC05202;DSC05203;DSC05204;DSC05205;DSC05207;DSC05208;DSC05210;DSC05247;DSC05248;DSC05249;DSC05250;DSC05251;DSC05252;DSC05253;DSC05254;DSC05255;DSC05256;DSC05257;DSC05258;DSC05260;DSC05261;DSC05262;DSC05263;DSC05264;DSC05265;DSC05266;DSC05267;DSC05268;DSC05269;DSC05270;DSC05271;DSC05272;DSC05273;DSC05274;DSC05327;DSC05328;DSC05329;DSC05330;DSC05331;DSC05332;DSC05333;DSC05334;DSC05335;DSC05336;DSC05337;DSC05338;DSC05339;DSC05340;DSC05341;DSC05342;DSC05343;DSC05344;DSC05345;DSC05346;DSC05348;DSC05349;DSC05350;DSC05351;DSC05352;DSC05353;DSC05354;DSC05355;DSC05356;DSC05357;DSC05358;DSC05359;DSC05360;DSC05361;DSC05362;DSC05363;DSC05364;DSC05365;DSC05366;DSC05367;DSC05368;DSC05369;DSC05370;DSC05371;DSC05372;DSC05373;DSC05374;DSC05375;DSC05376;DSC05417;DSC05418;DSC05419;DSC05420;DSC05421;DSC05422;DSC05423;DSC05424;DSC05425;DSC05426;DSC05427;DSC05428;DSC05429;DSC05430;DSC05431;DSC05432;DSC05433;DSC05434;DSC05435;DSC05436;DSC05437;DSC05438;DSC05476;DSC05477;DSC05478;DSC05505;DSC05506;DSC05507;DSC05508;DSC05509;DSC05510;DSC05511;DSC05512;DSC05513;DSC05514;DSC05515;DSC05516;DSC05517;DSC05518;DSC05519;DSC05520;DSC05521;DSC05522;DSC05523;DSC05524;DSC05525
target 116,-1.1302,-0.3466,-2.9057,103,,,DSC05222;DSC05224;DSC05225;DSC05226;DSC05227;DSC05231;DSC05232;DSC05233;DSC05234;DSC05236;DSC05237;DSC05240;DSC05241;DSC05242;DSC05285;DSC05286;DSC05287;DSC05288;DSC05289;DSC05290;DSC05291;DSC05292;DSC05293;DSC05294;DSC05295;DSC05296;DSC05297;DSC05298;DSC05299;DSC05300;DSC05301;DSC05302;DSC05303;DSC05304;DSC05305;DSC05306;DSC05307;DSC05308;DSC05309;DSC05310;DSC05311;DSC05312;DSC05313;DSC05314;DSC05315;DSC05316;DSC05317;DSC05318;DSC05385;DSC05386;DSC05387;DSC05388;DSC05389;DSC05390;DSC05391;DSC05392;DSC05393;DSC05394;DSC05395;DSC05396;DSC05397;DSC05398;DSC05399;DSC05400;DSC05401;DSC05402;DSC05403;DSC05404;DSC05448;DSC05449;DSC05450;DSC05451;DSC05452;DSC05453;DSC05454;DSC05455;DSC05456;DSC05457;DSC05458;DSC05459;DSC05460;DSC05461;DSC05462;DSC05469;DSC05472;DSC05473;DSC05474;DSC05475;DSC05480;DSC05481;DSC05482;DSC05483;DSC05484;DSC05485;DSC05486;DSC05487;DSC05488;DSC05489;DSC05490;DSC05491;DSC05492;DSC05493;DSC05494
target 117,0.1651,0.3593,-3.2174,70,,,DSC05197;DSC05198;DSC05199;DSC05251;DSC05254;DSC05255;DSC05256;DSC05257;DSC05262;DSC05263;DSC05264;DSC05265;DSC05266;DSC05267;DSC05334;DSC05335;DSC05336;DSC05337;DSC05338;DSC05339;DSC05340;DSC05341;DSC05346;DSC05348;DSC05349;DSC05350;DSC05351;DSC05352;DSC05353;DSC05354;DSC05355;DSC05356;DSC05359;DSC05360;DSC05361;DSC05362;DSC05363;DSC05364;DSC05365;DSC05366;DSC05367;DSC05368;DSC05369;DSC05414;DSC05415;DSC05417;DSC05418;DSC05419;DSC05421;DSC05422;DSC05426;DSC05427;DSC05428;DSC05429;DSC05430;DSC05431;DSC05476;DSC05477;DSC05478;DSC05512;DSC05513;DSC05514;DSC05515;DSC05516;DSC05517;DSC05518;DSC05519;DSC05520;DSC05524;DSC05525
target 118,-0.0559,0.644,-3.437,94,,,DSC05196;DSC05197;DSC05198;DSC05199;DSC05202;DSC05203;DSC05204;DSC05205;DSC05207;DSC05208;DSC05248;DSC05249;DSC05251;DSC05252;DSC05253;DSC05254;DSC05255;DSC05256;DSC05257;DSC05258;DSC05260;DSC05261;DSC05262;DSC05263;DSC05268;DSC05269;DSC05270;DSC05271;DSC05329;DSC05330;DSC05331;DSC05332;DSC05333;DSC05334;DSC05335;DSC05339;DSC05340;DSC05341;DSC05342;DSC05343;DSC05344;DSC05345;DSC05346;DSC05348;DSC05349;DSC05350;DSC05351;DSC05352;DSC05353;DSC05354;DSC05355;DSC05356;DSC05357;DSC05358;DSC05359;DSC05360;DSC05367;DSC05368;DSC05369;DSC05370;DSC05371;DSC05372;DSC05414;DSC05418;DSC05419;DSC05420;DSC05421;DSC05422;DSC05423;DSC05424;DSC05425;DSC05426;DSC05427;DSC05430;DSC05431;DSC05432;DSC05433;DSC05434;DSC05435;DSC05436;DSC05476;DSC05478;DSC05510;DSC05511;DSC05512;DSC05513;DSC05517;DSC05518;DSC05519;DSC05520;DSC05521;DSC05522;DSC05523;DSC05524
target 119,-0.2049,-0.1686,-3.4149,123,,,DSC05217;DSC05218;DSC05219;DSC05220;DSC05221;DSC05222;DSC05224;DSC05225;DSC05226;DSC05227;DSC05228;DSC05229;DSC05230;DSC05231;DSC05232;DSC05233;DSC05234;DSC05235;DSC05236;DSC05237;DSC05238;DSC05239;DSC05240;DSC05241;DSC05242;DSC05243;DSC05244;DSC05283;DSC05284;DSC05285;DSC05286;DSC05287;DSC05288;DSC05289;DSC05290;DSC05291;DSC05292;DSC05293;DSC05294;DSC05295;DSC05296;DSC05297;DSC05298;DSC05299;DSC05300;DSC05301;DSC05302;DSC05303;DSC05304;DSC05305;DSC05306;DSC05307;DSC05308;DSC05309;DSC05310;DSC05311;DSC05312;DSC05313;DSC05314;DSC05315;DSC05316;DSC05317;DSC05318;DSC05319;DSC05383;DSC05384;DSC05385;DSC05386;DSC05387;DSC05388;DSC05389;DSC05390;DSC05391;DSC05392;DSC05393;DSC05394;DSC05395;DSC05396;DSC05397;DSC05398;DSC05399;DSC05400;DSC05401;DSC05402;DSC05403;DSC05404;DSC05411;DSC05412;DSC05413;DSC05445;DSC05447;DSC05448;DSC05449;DSC05450;DSC05451;DSC05452;DSC05453;DSC05454;DSC05455;DSC05456;DSC05457;DSC05458;DSC05459;DSC05460;DSC05465;DSC05466;DSC05469;DSC05472;DSC05473;DSC05480;DSC05481;DSC05482;DSC05483;DSC05484;DSC05485;DSC05486;DSC05487;DSC05488;DSC05489;DSC05490;DSC05491;DSC05492;DSC05493
target 120,-0.6419,0.3374,-2.6299,110,,,DSC05196;DSC05197;DSC05198;DSC05199;DSC05200;DSC05201;DSC05202;DSC05203;DSC05204;DSC05205;DSC05248;DSC05249;DSC05250;DSC05251;DSC05252;DSC05253;DSC05254;DSC05255;DSC05256;DSC05257;DSC05258;DSC05260;DSC05261;DSC05262;DSC05263;DSC05264;DSC05265;DSC05266;DSC05267;DSC05268;DSC05331;DSC05332;DSC05333;DSC05334;DSC05335;DSC05336;DSC05337;DSC05338;DSC05339;DSC05340;DSC05341;DSC05342;DSC05343;DSC05344;DSC05345;DSC05346;DSC05348;DSC05349;DSC05350;DSC05351;DSC05352;DSC05353;DSC05354;DSC05355;DSC05356;DSC05357;DSC05358;DSC05359;DSC05360;DSC05361;DSC05362;DSC05363;DSC05364;DSC05365;DSC05366;DSC05367;DSC05368;DSC05369;DSC05370;DSC05371;DSC05372;DSC05414;DSC05415;DSC05417;DSC05418;DSC05419;DSC05420;DSC05421;DSC05422;DSC05423;DSC05424;DSC05425;DSC05426;DSC05427;DSC05428;DSC05429;DSC05430;DSC05431;DSC05432;DSC05433;DSC05434;DSC05476;DSC05477;DSC05478;DSC05510;DSC05511;DSC05512;DSC05513;DSC05514;DSC05515;DSC05516;DSC05517;DSC05518;DSC05519;DSC05520;DSC05521;DSC05522;DSC05523;DSC05524;DSC05525
target 121,0.0256,0.2446,-3.2532,26,,,DSC05302;DSC05303;DSC05308;DSC05354;DSC05355;DSC05356;DSC05404;DSC05405;DSC05406;DSC05408;DSC05409;DSC05410;DSC05411;DSC05460;DSC05461;DSC05462;DSC05463;DSC05464;DSC05465;DSC05466;DSC05469;DSC05472;DSC05473;DSC05474;DSC05475;DSC05480
target 122,-0.507,0.0012,-2.3088,82,,,DSC05222;DSC05224;DSC05225;DSC05226;DSC05227;DSC05228;DSC05229;DSC05230;DSC05231;DSC05232;DSC05235;DSC05237;DSC05238;DSC05239;DSC05240;DSC05241;DSC05242;DSC05295;DSC05296;DSC05297;DSC05298;DSC05299;DSC05300;DSC05311;DSC05316;DSC05317;DSC05318;DSC05319;DSC05323;DSC05379;DSC05380;DSC05381;DSC05382;DSC05383;DSC05384;DSC05385;DSC05386;DSC05387;DSC05388;DSC05389;DSC05390;DSC05403;DSC05404;DSC05411;DSC05412;DSC05440;DSC05441;DSC05442;DSC05443;DSC05444;DSC05445;DSC05447;DSC05448;DSC05449;DSC05450;DSC05451;DSC05452;DSC05453;DSC05459;DSC05465;DSC05466;DSC05469;DSC05472;DSC05473;DSC05480;DSC05481;DSC05482;DSC05487;DSC05488;DSC05489;DSC05490;DSC05491;DSC05492;DSC05493;DSC05494;DSC05495;DSC05496;DSC05497;DSC05498;DSC05499;DSC05500;DSC05501
target 123,-1.402,-0.2335,-2.8838,97,,,DSC05224;DSC05225;DSC05226;DSC05240;DSC05241;DSC05284;DSC05285;DSC05286;DSC05287;DSC05288;DSC05289;DSC05290;DSC05291;DSC05292;DSC05293;DSC05294;DSC05295;DSC05296;DSC05302;DSC05303;DSC05304;DSC05305;DSC05306;DSC05307;DSC05308;DSC05309;DSC05310;DSC05311;DSC05312;DSC05313;DSC05314;DSC05315;DSC05316;DSC05317;DSC05318;DSC05319;DSC05383;DSC05384;DSC05385;DSC05386;DSC05387;DSC05388;DSC05389;DSC05390;DSC05391;DSC05392;DSC05393;DSC05394;DSC05395;DSC05396;DSC05397;DSC05398;DSC05399;DSC05400;DSC05401;DSC05402;DSC05403;DSC05404;DSC05442;DSC05443;DSC05444;DSC05445;DSC05447;DSC05448;DSC05449;DSC05450;DSC05451;DSC05452;DSC05453;DSC05454;DSC05455;DSC05456;DSC05457;DSC05458;DSC05459;DSC05460;DSC05461;DSC05462;DSC05480;DSC05481;DSC05482;DSC05483;DSC05484;DSC05485;DSC05486;DSC05487;DSC05488;DSC05489;DSC05490;DSC05491;DSC05492;DSC05493;DSC05494;DSC05495;DSC05496;DSC05497;DSC05498
target 124,0.5674,-0.1879,-3.1526,94,,,DSC05218;DSC05219;DSC05220;DSC05221;DSC05222;DSC05224;DSC05225;DSC05226;DSC05227;DSC05228;DSC05229;DSC05230;DSC05231;DSC05232;DSC05233;DSC05234;DSC05235;DSC05236;DSC05237;DSC05238;DSC05239;DSC05240;DSC05241;DSC05242;DSC05243;DSC05244;DSC05282;DSC05283;DSC05284;DSC05285;DSC05286;DSC05287;DSC05288;DSC05289;DSC05290;DSC05291;DSC05292;DSC05293;DSC05294;DSC05295;DSC05296;DSC05297;DSC05298;DSC05299;DSC05300;DSC05301;DSC05302;DSC05303;DSC05304;DSC05307;DSC05308;DSC05309;DSC05310;DSC05311;DSC05312;DSC05313;DSC05314;DSC05315;DSC05316;DSC05317;DSC05318;DSC05319;DSC05320;DSC05382;DSC05383;DSC05384;DSC05385;DSC05386;DSC05387;DSC05388;DSC05389;DSC05390;DSC05391;DSC05392;DSC05393;DSC05394;DSC05395;DSC05396;DSC05397;DSC05398;DSC05399;DSC05400;DSC05444;DSC05445;DSC05447;DSC05448;DSC05449;DSC05450;DSC05451;DSC05452;DSC05453;DSC05454;DSC05455;DSC05456
target 125,-1.3205,0.0125,-2.4915,78,,,DSC05197;DSC05198;DSC05199;DSC05251;DSC05252;DSC05253;DSC05260;DSC05261;DSC05262;DSC05263;DSC05264;DSC05265;DSC05266;DSC05267;DSC05334;DSC05335;DSC05336;DSC05337;DSC05338;DSC05339;DSC05340;DSC05341;DSC05342;DSC05343;DSC05344;DSC05356;DSC05357;DSC05358;DSC05359;DSC05360;DSC05361;DSC05362;DSC05363;DSC05364;DSC05365;DSC05366;DSC05367;DSC05368;DSC05369;DSC05370;DSC05371;DSC05372;DSC05421;DSC05422;DSC05423;DSC05424;DSC05425;DSC05426;DSC05427;DSC05428;DSC05429;DSC05430;DSC05431;DSC05432;DSC05433;DSC05434;DSC05435;DSC05478;DSC05506;DSC05507;DSC05508;DSC05509;DSC05510;DSC05511;DSC05512;DSC05513;DSC05514;DSC05515;DSC05516;DSC05517;DSC05518;DSC05519;DSC05520;DSC05521;DSC05522;DSC05523;DSC05524;DSC05525
target 126,0.4787,0.8595,-4.0045,98,,,DSC05196;DSC05197;DSC05198;DSC05199;DSC05200;DSC05201;DSC05202;DSC05203;DSC05204;DSC05249;DSC05250;DSC05251;DSC05252;DSC05253;DSC05254;DSC05255;DSC05256;DSC05257;DSC05258;DSC05260;DSC05261;DSC05262;DSC05263;DSC05265;DSC05266;DSC05267;DSC05268;DSC05334;DSC05335;DSC05336;DSC05337;DSC05338;DSC05339;DSC05340;DSC05341;DSC05342;DSC05343;DSC05344;DSC05345;DSC05346;DSC05348;DSC05349;DSC05350;DSC05351;DSC05352;DSC05353;DSC05354;DSC05355;DSC05356;DSC05357;DSC05358;DSC05359;DSC05360;DSC05361;DSC05362;DSC05363;DSC05364;DSC05365;DSC05366;DSC05367;DSC05368;DSC05369;DSC05370;DSC05371;DSC05414;DSC05415;DSC05417;DSC05418;DSC05419;DSC05421;DSC05422;DSC05423;DSC05424;DSC05425;DSC05426;DSC05427;DSC05428;DSC05429;DSC05430;DSC05431;DSC05435;DSC05476;DSC05477;DSC05478;DSC05512;DSC05513;DSC05514;DSC05515;DSC05516;DSC05517;DSC05518;DSC05519;DSC05520;DSC05521;DSC05522;DSC05523;DSC05524;DSC05525
target 127,0.8189,-0.9316,-2.9197,181,,,DSC05268;DSC05269;DSC05270;DSC05271;DSC05272;DSC05273;DSC05274;DSC05275;DSC05276;DSC05277;DSC05278;DSC05279;DSC05280;DSC05281;DSC05282;DSC05283;DSC05284;DSC05285;DSC05286;DSC05287;DSC05288;DSC05289;DSC05290;DSC05291;DSC05292;DSC05293;DSC05294;DSC05295;DSC05296;DSC05297;DSC05298;DSC05299;DSC05300;DSC05301;DSC05302;DSC05303;DSC05304;DSC05305;DSC05306;DSC05307;DSC05308;DSC05309;DSC05310;DSC05311;DSC05321;DSC05322;DSC05323;DSC05324;DSC05325;DSC05326;DSC05327;DSC05328;DSC05329;DSC05330;DSC05331;DSC05332;DSC05333;DSC05334;DSC05335;DSC05336;DSC05337;DSC05338;DSC05339;DSC05340;DSC05342;DSC05343;DSC05358;DSC05359;DSC05360;DSC05361;DSC05362;DSC05363;DSC05364;DSC05365;DSC05366;DSC05367;DSC05368;DSC05369;DSC05370;DSC05371;DSC05372;DSC05374;DSC05375;DSC05376;DSC05377;DSC05378;DSC05379;DSC05380;DSC05381;DSC05382;DSC05383;DSC05384;DSC05385;DSC05386;DSC05387;DSC05388;DSC05389;DSC05390;DSC05391;DSC05392;DSC05393;DSC05394;DSC05395;DSC05396;DSC05397;DSC05398;DSC05399;DSC05400;DSC05401;DSC05402;DSC05403;DSC05404;DSC05405;DSC05406;DSC05408;DSC05409;DSC05410;DSC05411;DSC05412;DSC05413;DSC05414;DSC05415;DSC05417;DSC05418;DSC05419;DSC05420;DSC05425;DSC05426;DSC05427;DSC05428;DSC05429;DSC05430;DSC05431;DSC05432;DSC05433;DSC05434;DSC05435;DSC05436;DSC05437;DSC05438;DSC05458;DSC05459;DSC05460;DSC05461;DSC05462;DSC05463;DSC05464;DSC05465;DSC05466;DSC05469;DSC05472;DSC05473;DSC05474;DSC05475;DSC05476;DSC05477;DSC05478;DSC05498;DSC05499;DSC05500;DSC05501;DSC05502;DSC05503;DSC05504;DSC05505;DSC05506;DSC05507;DSC05508;DSC05509;DSC05510;DSC05512;DSC05513;DSC05514;DSC05515;DSC05516;DSC05517;DSC05518;DSC05519;DSC05520;DSC05521;DSC05523
target 128,0.0102,-0.2781,-3.127,54,,,DSC05204;DSC05205;DSC05207;DSC05208;DSC05247;DSC05260;DSC05261;DSC05263;DSC05264;DSC05265;DSC05266;DSC05267;DSC05268;DSC05269;DSC05270;DSC05271;DSC05273;DSC05274;DSC05275;DSC05329;DSC05330;DSC05331;DSC05332;DSC05333;DSC05334;DSC05336;DSC05337;DSC05338;DSC05339;DSC05341;DSC05342;DSC05343;DSC05344;DSC05358;DSC05359;DSC05361;DSC05362;DSC05363;DSC05364;DSC05365;DSC05366;DSC05368;DSC05369;DSC05370;DSC05371;DSC05372;DSC05375;DSC05417;DSC05418;DSC05426;DSC05428;DSC05429;DSC05430;DSC05431
target 129,-0.8786,-0.6284,-2.6467,132,,,DSC05219;DSC05220;DSC05221;DSC05222;DSC05224;DSC05225;DSC05226;DSC05227;DSC05228;DSC05229;DSC05230;DSC05231;DSC05232;DSC05233;DSC05234;DSC05235;DSC05236;DSC05237;DSC05238;DSC05239;DSC05240;DSC05241;DSC05242;DSC05243;DSC05244;DSC05282;DSC05283;DSC05284;DSC05285;DSC05286;DSC05287;DSC05288;DSC05289;DSC05290;DSC05291;DSC05292;DSC05293;DSC05294;DSC05295;DSC05296;DSC05297;DSC05298;DSC05299;DSC05300;DSC05301;DSC05302;DSC05303;DSC05304;DSC05305;DSC05306;DSC05307;DSC05308;DSC05309;DSC05310;DSC05311;DSC05312;DSC05313;DSC05314;DSC05315;DSC05316;DSC05317;DSC05318;DSC05319;DSC05320;DSC05321;DSC05382;DSC05383;DSC05384;DSC05385;DSC05386;DSC05387;DSC05388;DSC05389;DSC05390;DSC05391;DSC05392;DSC05393;DSC05394;DSC05395;DSC05396;DSC05397;DSC05398;DSC05399;DSC05400;DSC05401;DSC05402;DSC05403;DSC05404;DSC05442;DSC05443;DSC05444;DSC05445;DSC05447;DSC05448;DSC05449;DSC05450;DSC05451;DSC05452;DSC05453;DSC05454;DSC05455;DSC05456;DSC05457;DSC05458;DSC05459;DSC05460;DSC05461;DSC05462;DSC05469;DSC05472;DSC05473;DSC05474;DSC05475;DSC05480;DSC05481;DSC05482;DSC05483;DSC05484;DSC05485;DSC05486;DSC05487;DSC05488;DSC05489;DSC05490;DSC05491;DSC05492;DSC05493;DSC05494;DSC05495;DSC05496;DSC05497;DSC05498
target 130,-0.8596,0.3907,-2.794,128,,,DSC05196;DSC05197;DSC05198;DSC05199;DSC05200;DSC05201;DSC05202;DSC05203;DSC05204;DSC05205;DSC05207;DSC05208;DSC05248;DSC05249;DSC05250;DSC05251;DSC05252;DSC05253;DSC05254;DSC05255;DSC05256;DSC05257;DSC05258;DSC05260;DSC05261;DSC05262;DSC05263;DSC05264;DSC05265;DSC05266;DSC05267;DSC05268;DSC05269;DSC05270;DSC05271;DSC05272;DSC05329;DSC05330;DSC05331;DSC05332;DSC05333;DSC05334;DSC05335;DSC05336;DSC05337;DSC05338;DSC05339;DSC05340;DSC05341;DSC05342;DSC05343;DSC05344;DSC05345;DSC05346;DSC05348;DSC05352;DSC05353;DSC05354;DSC05355;DSC05356;DSC05357;DSC05358;DSC05359;DSC05360;DSC05361;DSC05362;DSC05363;DSC05364;DSC05365;DSC05366;DSC05367;DSC05368;DSC05369;DSC05370;DSC05371;DSC05372;DSC05373;DSC05374;DSC05375;DSC05414;DSC05415;DSC05417;DSC05418;DSC05419;DSC05420;DSC05421;DSC05422;DSC05423;DSC05424;DSC05425;DSC05426;DSC05427;DSC05428;DSC05429;DSC05430;DSC05431;DSC05432;DSC05433;DSC05434;DSC05435;DSC05436;DSC05437;DSC05438;DSC05476;DSC05477;DSC05478;DSC05504;DSC05505;DSC05506;DSC05507;DSC05508;DSC05509;DSC05510;DSC05511;DSC05512;DSC05513;DSC05514;DSC05515;DSC05516;DSC05517;DSC05518;DSC05519;DSC05520;DSC05521;DSC05522;DSC05523;DSC05524;DSC05525
target 131,0.4874,0.2714,-4.2639,126,,,DSC05221;DSC05222;DSC05224;DSC05225;DSC05226;DSC05227;DSC05228;DSC05229;DSC05230;DSC05231;DSC05232;DSC05233;DSC05234;DSC05235;DSC05236;DSC05237;DSC05238;DSC05239;DSC05240;DSC05241;DSC05242;DSC05243;DSC05284;DSC05285;DSC05286;DSC05287;DSC05288;DSC05289;DSC05290;DSC05291;DSC05292;DSC05293;DSC05294;DSC05295;DSC05296;DSC05297;DSC05298;DSC05299;DSC05300;DSC05301;DSC05302;DSC05303;DSC05304;DSC05305;DSC05306;DSC05307;DSC05308;DSC05309;DSC05310;DSC05311;DSC05312;DSC05313;DSC05314;DSC05315;DSC05316;DSC05317;DSC05318;DSC05384;DSC05385;DSC05386;DSC05387;DSC05388;DSC05389;DSC05390;DSC05391;DSC05392;DSC05393;DSC05394;DSC05395;DSC05396;DSC05397;DSC05398;DSC05399;DSC05400;DSC05401;DSC05402;DSC05403;DSC05404;DSC05405;DSC05406;DSC05409;DSC05410;DSC05411;DSC05412;DSC05413;DSC05447;DSC05448;DSC05449;DSC05450;DSC05451;DSC05452;DSC05453;DSC05454;DSC05455;DSC05456;DSC05457;DSC05458;DSC05459;DSC05460;DSC05461;DSC05462;DSC05463;DSC05464;DSC05465;DSC05466;DSC05469;DSC05472;DSC05473;DSC05474;DSC05475;DSC05480;DSC05481;DSC05482;DSC05483;DSC05484;DSC05485;DSC05486;DSC05487;DSC05488;DSC05489;DSC05490;DSC05491;DSC05492;DSC05493;DSC05494;DSC05496
target 132,0.3839,0.0845,-3.8503,117,,,DSC05227;DSC05228;DSC05229;DSC05230;DSC05231;DSC05232;DSC05233;DSC05234;DSC05235;DSC05236;DSC05237;DSC05238;DSC05239;DSC05284;DSC05285;DSC05286;DSC05287;DSC05288;DSC05289;DSC05290;DSC05291;DSC05292;DSC05293;DSC05294;DSC05295;DSC05296;DSC05297;DSC05298;DSC05299;DSC05300;DSC05301;DSC05302;DSC05303;DSC05304;DSC05305;DSC05306;DSC05307;DSC05308;DSC05309;DSC05310;DSC05311;DSC05312;DSC05313;DSC05314;DSC05315;DSC05316;DSC05317;DSC05318;DSC05319;DSC05320;DSC05384;DSC05385;DSC05386;DSC05387;DSC05388;DSC05389;DSC05390;DSC05391;DSC05392;DSC05393;DSC05394;DSC05395;DSC05396;DSC05397;DSC05398;DSC05399;DSC05400;DSC05401;DSC05402;DSC05403;DSC05404;DSC05405;DSC05406;DSC05409;DSC05410;DSC05411;DSC05412;DSC05413;DSC05447;DSC05448;DSC05449;DSC05450;DSC05451;DSC05452;DSC05453;DSC05454;DSC05455;DSC05456;DSC05457;DSC05458;DSC05459;DSC05460;DSC05461;DSC05462;DSC05463;DSC05464;DSC05465;DSC05466;DSC05469;DSC05472;DSC05473;DSC05474;DSC05475;DSC05480;DSC05481;DSC05482;DSC05483;DSC05484;DSC05485;DSC05486;DSC05487;DSC05488;DSC05489;DSC05490;DSC05491;DSC05492;DSC05493
target 133,-0.2962,0.3141,-3.0495,42,,,DSC05218;DSC05219;DSC05220;DSC05221;DSC05222;DSC05224;DSC05226;DSC05227;DSC05232;DSC05240;DSC05242;DSC05243;DSC05244;DSC05282;DSC05283;DSC05284;DSC05285;DSC05286;DSC05287;DSC05288;DSC05289;DSC05293;DSC05316;DSC05317;DSC05318;DSC05319;DSC05320;DSC05382;DSC05383;DSC05384;DSC05387;DSC05398;DSC05444;DSC05445;DSC05447;DSC05487;DSC05488;DSC05489;DSC05494;DSC05495;DSC05496;DSC05497
target 134,0.7409,0.8469,-3.7165,75,,,DSC05255;DSC05256;DSC05257;DSC05258;DSC05260;DSC05261;DSC05262;DSC05263;DSC05264;DSC05265;DSC05266;DSC05267;DSC05334;DSC05335;DSC05336;DSC05337;DSC05338;DSC05339;DSC05340;DSC05341;DSC05342;DSC05343;DSC05344;DSC05345;DSC05346;DSC05348;DSC05349;DSC05350;DSC05351;DSC05353;DSC05354;DSC05355;DSC05356;DSC05357;DSC05358;DSC05359;DSC05360;DSC05361;DSC05362;DSC05363;DSC05364;DSC05365;DSC05366;DSC05367;DSC05368;DSC05369;DSC05371;DSC05414;DSC05415;DSC05417;DSC05421;DSC05422;DSC05423;DSC05424;DSC05425;DSC05427;DSC05428;DSC05429;DSC05452;DSC05453;DSC05454;DSC05476;DSC05477;DSC05513;DSC05514;DSC05515;DSC05516;DSC05517;DSC05518;DSC05519;DSC05520;DSC05521;DSC05522;DSC05523;DSC05524
target 135,0.6546,0.4223,-2.81,125,,,DSC05249;DSC05251;DSC05255;DSC05256;DSC05257;DSC05258;DSC05260;DSC05261;DSC05262;DSC05263;DSC05264;DSC05265;DSC05266;DSC05267;DSC05268;DSC05269;DSC05270;DSC05271;DSC05272;DSC05327;DSC05328;DSC05329;DSC05330;DSC05331;DSC05332;DSC05333;DSC05334;DSC05335;DSC05336;DSC05337;DSC05338;DSC05339;DSC05340;DSC05341;DSC05342;DSC05343;DSC05344;DSC05345;DSC05346;DSC05348;DSC05349;DSC05350;DSC05351;DSC05352;DSC05353;DSC05354;DSC05355;DSC05356;DSC05357;DSC05358;DSC05359;DSC05360;DSC05361;DSC05362;DSC05363;DSC05364;DSC05365;DSC05366;DSC05367;DSC05368;DSC05369;DSC05370;DSC05371;DSC05372;DSC05373;DSC05374;DSC05375;DSC05376;DSC05377;DSC05378;DSC05414;DSC05415;DSC05417;DSC05418;DSC05419;DSC05420;DSC05421;DSC05422;DSC05423;DSC05424;DSC05425;DSC05426;DSC05427;DSC05428;DSC05429;DSC05430;DSC05431;DSC05432;DSC05433;DSC05434;DSC05435;DSC05436;DSC05437;DSC05438;DSC05439;DSC05476;DSC05477;DSC05478;DSC05499;DSC05500;DSC05501;DSC05502;DSC05503;DSC05504;DSC05505;DSC05506;DSC05507;DSC05508;DSC05509;DSC05510;DSC05511;DSC05512;DSC05513;DSC05514;DSC05515;DSC05516;DSC05517;DSC05518;DSC05519;DSC05520;DSC05521;DSC05522;DSC05523;DSC05524;DSC05525
target 136,-1.5203,0.8584,-2.876,86,,,DSC05204;DSC05205;DSC05248;DSC05249;DSC05250;DSC05251;DSC05254;DSC05255;DSC05256;DSC05257;DSC05258;DSC05260;DSC05261;DSC05262;DSC05263;DSC05264;DSC05265;DSC05266;DSC05267;DSC05332;DSC05333;DSC05335;DSC05336;DSC05337;DSC05338;DSC05340;DSC05341;DSC05342;DSC05343;DSC05344;DSC05345;DSC05346;DSC05348;DSC05349;DSC05350;DSC05351;DSC05352;DSC05353;DSC05354;DSC05355;DSC05356;DSC05357;DSC05358;DSC05359;DSC05360;DSC05361;DSC05362;DSC05363;DSC05364;DSC05365;DSC05366;DSC05367;DSC05369;DSC05370;DSC05371;DSC05372;DSC05421;DSC05422;DSC05423;DSC05424;DSC05425;DSC05426;DSC05427;DSC05428;DSC05429;DSC05430;DSC05431;DSC05432;DSC05433;DSC05434;DSC05510;DSC05511;DSC05512;DSC05513;DSC05514;DSC05515;DSC05516;DSC05517;DSC05518;DSC05519;DSC05520;DSC05521;DSC05522;DSC05523;DSC05524;DSC05525
target 137,0.6288,-0.2324,-3.7407,144,,,DSC05212;DSC05214;DSC05215;DSC05216;DSC05217;DSC05218;DSC05219;DSC05220;DSC05221;DSC05222;DSC05224;DSC05225;DSC05226;DSC05227;DSC05228;DSC05229;DSC05230;DSC05231;DSC05232;DSC05233;DSC05234;DSC05236;DSC05237;DSC05238;DSC05239;DSC05240;DSC05241;DSC05242;DSC05243;DSC05244;DSC05245;DSC05277;DSC05278;DSC05279;DSC05280;DSC05281;DSC05282;DSC05283;DSC05284;DSC05285;DSC05286;DSC05287;DSC05288;DSC05289;DSC05290;DSC05291;DSC05292;DSC05293;DSC05294;DSC05295;DSC05296;DSC05297;DSC05298;DSC05299;DSC05300;DSC05301;DSC05302;DSC05303;DSC05304;DSC05305;DSC05306;DSC05307;DSC05308;DSC05309;DSC05310;DSC05311;DSC05312;DSC05313;DSC05314;DSC05315;DSC05316;DSC05317;DSC05318;DSC05319;DSC05320;DSC05321;DSC05322;DSC05323;DSC05324;DSC05325;DSC05379;DSC05380;DSC05381;DSC05382;DSC05383;DSC05384;DSC05385;DSC05386;DSC05387;DSC05388;DSC05389;DSC05390;DSC05391;DSC05392;DSC05393;DSC05394;DSC05395;DSC05396;DSC05397;DSC05398;DSC05399;DSC05400;DSC05401;DSC05402;DSC05403;DSC05412;DSC05413;DSC05440;DSC05441;DSC05442;DSC05443;DSC05444;DSC05445;DSC05447;DSC05448;DSC05449;DSC05450;DSC05451;DSC05452;DSC05453;DSC05454;DSC05455;DSC05456;DSC05457;DSC05458;DSC05469;DSC05472;DSC05473;DSC05484;DSC05485;DSC05486;DSC05487;DSC05488;DSC05489;DSC05490;DSC05491;DSC05492;DSC05493;DSC05494;DSC05495;DSC05496;DSC05497;DSC05498;DSC05499
target 138,-1.0737,-0.5251,-2.6162,112,,,DSC05220;DSC05221;DSC05222;DSC05243;DSC05244;DSC05279;DSC05280;DSC05281;DSC05282;DSC05283;DSC05284;DSC05285;DSC05286;DSC05287;DSC05288;DSC05289;DSC05290;DSC05291;DSC05294;DSC05295;DSC05296;DSC05297;DSC05298;DSC05299;DSC05300;DSC05309;DSC05310;DSC05311;DSC05312;DSC05313;DSC05314;DSC05315;DSC05316;DSC05317;DSC05318;DSC05319;DSC05320;DSC05321;DSC05322;DSC05323;DSC05378;DSC05379;DSC05380;DSC05381;DSC05382;DSC05383;DSC05384;DSC05385;DSC05386;DSC05387;DSC05388;DSC05389;DSC05390;DSC05391;DSC05392;DSC05393;DSC05394;DSC05395;DSC05396;DSC05397;DSC05398;DSC05399;DSC05400;DSC05401;DSC05402;DSC05439;DSC05440;DSC05441;DSC05442;DSC05443;DSC05444;DSC05445;DSC05447;DSC05448;DSC05449;DSC05450;DSC05451;DSC05452;DSC05453;DSC05454;DSC05455;DSC05456;DSC05457;DSC05458;DSC05469;DSC05472;DSC05473;DSC05480;DSC05481;DSC05482;DSC05483;DSC05484;DSC05485;DSC05486;DSC05487;DSC05488;DSC05489;DSC05490;DSC05491;DSC05492;DSC05493;DSC05494;DSC05495;DSC05496;DSC05497;DSC05498;DSC05499;DSC05500;DSC05501;DSC05502;DSC05503;DSC05504
target 139,0.6717,0.7212,-2.8236,154,,,DSC05257;DSC05258;DSC05260;DSC05261;DSC05262;DSC05263;DSC05264;DSC05265;DSC05266;DSC05267;DSC05268;DSC05269;DSC05270;DSC05271;DSC05272;DSC05273;DSC05275;DSC05277;DSC05278;DSC05316;DSC05317;DSC05318;DSC05319;DSC05320;DSC05321;DSC05322;DSC05323;DSC05324;DSC05325;DSC05326;DSC05327;DSC05328;DSC05329;DSC05330;DSC05331;DSC05332;DSC05333;DSC05334;DSC05335;DSC05336;DSC05337;DSC05338;DSC05339;DSC05340;DSC05341;DSC05342;DSC05343;DSC05344;DSC05345;DSC05346;DSC05348;DSC05349;DSC05350;DSC05351;DSC05352;DSC05353;DSC05354;DSC05355;DSC05356;DSC05357;DSC05358;DSC05359;DSC05360;DSC05361;DSC05362;DSC05363;DSC05364;DSC05365;DSC05366;DSC05367;DSC05368;DSC05369;DSC05370;DSC05371;DSC05372;DSC05373;DSC05374;DSC05375;DSC05376;DSC05377;DSC05378;DSC05379;DSC05380;DSC05381;DSC05382;DSC05383;DSC05384;DSC05385;DSC05386;DSC05387;DSC05405;DSC05406;DSC05409;DSC05410;DSC05414;DSC05415;DSC05417;DSC05418;DSC05419;DSC05420;DSC05421;DSC05422;DSC05423;DSC05424;DSC05431;DSC05432;DSC05433;DSC05434;DSC05435;DSC05436;DSC05437;DSC05438;DSC05439;DSC05440;DSC05441;DSC05442;DSC05443;DSC05444;DSC05445;DSC05448;DSC05460;DSC05461;DSC05462;DSC05463;DSC05464;DSC05475;DSC05476;DSC05477;DSC05478;DSC05497;DSC05499;DSC05500;DSC05501;DSC05502;DSC05503;DSC05504;DSC05505;DSC05506;DSC05507;DSC05508;DSC05509;DSC05510;DSC05511;DSC05512;DSC05513;DSC05514;DSC05515;DSC05516;DSC05517;DSC05521;DSC05522;DSC05523;DSC05524;DSC05525
target 140,0.7537,-0.5641,-2.6468,118,,,DSC05218;DSC05219;DSC05220;DSC05221;DSC05222;DSC05224;DSC05225;DSC05226;DSC05227;DSC05228;DSC05229;DSC05230;DSC05231;DSC05232;DSC05233;DSC05234;DSC05235;DSC05236;DSC05237;DSC05238;DSC05239;DSC05240;DSC05241;DSC05242;DSC05243;DSC05244;DSC05282;DSC05283;DSC05284;DSC05285;DSC05286;DSC05287;DSC05288;DSC05289;DSC05290;DSC05291;DSC05292;DSC05293;DSC05294;DSC05295;DSC05296;DSC05297;DSC05298;DSC05299;DSC05300;DSC05301;DSC05302;DSC05303;DSC05304;DSC05305;DSC05306;DSC05307;DSC05308;DSC05309;DSC05310;DSC05311;DSC05312;DSC05313;DSC05314;DSC05319;DSC05320;DSC05384;DSC05385;DSC05386;DSC05387;DSC05388;DSC05389;DSC05390;DSC05391;DSC05392;DSC05393;DSC05394;DSC05395;DSC05396;DSC05397;DSC05398;DSC05399;DSC05400;DSC05401;DSC05402;DSC05403;DSC05404;DSC05405;DSC05406;DSC05409;DSC05410;DSC05411;DSC05412;DSC05413;DSC05450;DSC05451;DSC05452;DSC05453;DSC05454;DSC05455;DSC05456;DSC05457;DSC05458;DSC05459;DSC05460;DSC05461;DSC05462;DSC05463;DSC05464;DSC05465;DSC05466;DSC05469;DSC05472;DSC05473;DSC05474;DSC05475;DSC05480;DSC05481;DSC05482;DSC05483;DSC05484;DSC05485;DSC05494
target 141,-0.5319,0.2229,-2.4912,62,,,DSC05221;DSC05222;DSC05224;DSC05225;DSC05226;DSC05227;DSC05228;DSC05229;DSC05232;DSC05237;DSC05239;DSC05240;DSC05241;DSC05242;DSC05243;DSC05291;DSC05292;DSC05293;DSC05294;DSC05295;DSC05296;DSC05301;DSC05317;DSC05318;DSC05319;DSC05381;DSC05382;DSC05383;DSC05384;DSC05385;DSC05386;DSC05387;DSC05388;DSC05400;DSC05401;DSC05442;DSC05443;DSC05444;DSC05445;DSC05447;DSC05448;DSC05449;DSC05450;DSC05451;DSC05452;DSC05456;DSC05457;DSC05482;DSC05483;DSC05484;DSC05485;DSC05489;DSC05490;DSC05491;DSC05492;DSC05493;DSC05494;DSC05495;DSC05496;DSC05497;DSC05498;DSC05499
target 142,0.4211,-0.1879,-3.6955,112,,,DSC05293;DSC05294;DSC05295;DSC05296;DSC05303;DSC05305;DSC05306;DSC05307;DSC05308;DSC05309;DSC05310;DSC05311;DSC05312;DSC05313;DSC05314;DSC05315;DSC05316;DSC05317;DSC05318;DSC05319;DSC05320;DSC05322;DSC05344;DSC05345;DSC05346;DSC05352;DSC05353;DSC05356;DSC05357;DSC05382;DSC05383;DSC05384;DSC05385;DSC05386;DSC05387;DSC05388;DSC05389;DSC05390;DSC05391;DSC05392;DSC05393;DSC05394;DSC05395;DSC05396;DSC05397;DSC05398;DSC05399;DSC05400;DSC05401;DSC05402;DSC05403;DSC05404;DSC05405;DSC05406;DSC05408;DSC05409;DSC05410;DSC05411;DSC05412;DSC05413;DSC05421;DSC05443;DSC05444;DSC05445;DSC05447;DSC05448;DSC05449;DSC05450;DSC05451;DSC05452;DSC05453;DSC05454;DSC05455;DSC05456;DSC05457;DSC05458;DSC05459;DSC05460;DSC05461;DSC05462;DSC05463;DSC05464;DSC05465;DSC05466;DSC05469;DSC05472;DSC05473;DSC05474;DSC05475;DSC05480;DSC05481;DSC05482;DSC05483;DSC05484;DSC05485;DSC05486;DSC05487;DSC05488;DSC05489;DSC05490;DSC05491;DSC05492;DSC05493;DSC05494;DSC05495;DSC05496;DSC05497;DSC05498;DSC05522;DSC05523;DSC05524;DSC05525
target 143,-0.4342,0.382,-2.8673,99,,,DSC05196;DSC05197;DSC05198;DSC05199;DSC05200;DSC05201;DSC05202;DSC05203;DSC05204;DSC05249;DSC05250;DSC05251;DSC05252;DSC05253;DSC05257;DSC05258;DSC05260;DSC05261;DSC05262;DSC05263;DSC05264;DSC05265;DSC05266;DSC05267;DSC05268;DSC05269;DSC05270;DSC05330;DSC05331;DSC05332;DSC05333;DSC05334;DSC05335;DSC05336;DSC05337;DSC05338;DSC05339;DSC05340;DSC05341;DSC05342;DSC05343;DSC05344;DSC05345;DSC05346;DSC05355;DSC05356;DSC05357;DSC05358;DSC05359;DSC05360;DSC05361;DSC05362;DSC05363;DSC05364;DSC05365;DSC05366;DSC05367;DSC05368;DSC05369;DSC05370;DSC05371;DSC05372;DSC05414;DSC05415;DSC05417;DSC05418;DSC05419;DSC05420;DSC05422;DSC05423;DSC05424;DSC05425;DSC05426;DSC05427;DSC05428;DSC05429;DSC05430;DSC05431;DSC05432;DSC05433;DSC05434;DSC05476;DSC05477;DSC05478;DSC05510;DSC05511;DSC05512;DSC05513;DSC05514;DSC05515;DSC05516;DSC05517;DSC05518;DSC05519;DSC05520;DSC05521;DSC05522;DSC05523;DSC05524
target 144,0.4353,0.7321,-3.4437,104,,,DSC05255;DSC05256;DSC05257;DSC05258;DSC05260;DSC05261;DSC05262;DSC05333;DSC05338;DSC05341;DSC05342;DSC05343;DSC05344;DSC05345;DSC05346;DSC05348;DSC05349;DSC05350;DSC05351;DSC05352;DSC05353;DSC05354;DSC05355;DSC05356;DSC05357;DSC05358;DSC05359;DSC05360;DSC05361;DSC05366;DSC05367;DSC05370;DSC05371;DSC05372;DSC05373;DSC05374;DSC05375;DSC05376;DSC05377;DSC05395;DSC05396;DSC05397;DSC05398;DSC05399;DSC05405;DSC05406;DSC05409;DSC05413;DSC05414;DSC05419;DSC05420;DSC05421;DSC05422;DSC05423;DSC05424;DSC05425;DSC05426;DSC05427;DSC05431;DSC05432;DSC05433;DSC05434;DSC05435;DSC05436;DSC05437;DSC05438;DSC05455;DSC05458;DSC05459;DSC05460;DSC05461;DSC05463;DSC05464;DSC05465;DSC05466;DSC05469;DSC05472;DSC05473;DSC05474;DSC05475;DSC05476;DSC05478;DSC05480;DSC05484;DSC05497;DSC05502;DSC05503;DSC05504;DSC05505;DSC05506;DSC05507;DSC05508;DSC05509;DSC05510;DSC05511;DSC05517;DSC05518;DSC05519;DSC05520;DSC05521;DSC05522;DSC05523;DSC05524;DSC05525
target 145,-1.0529,0.1551,-2.937,65,,,DSC05201;DSC05202;DSC05203;DSC05204;DSC05226;DSC05227;DSC05240;DSC05249;DSC05250;DSC05266;DSC05267;DSC05268;DSC05274;DSC05275;DSC05276;DSC05277;DSC05278;DSC05279;DSC05280;DSC05281;DSC05282;DSC05283;DSC05284;DSC05290;DSC05291;DSC05292;DSC05293;DSC05294;DSC05314;DSC05315;DSC05319;DSC05320;DSC05321;DSC05322;DSC05323;DSC05324;DSC05325;DSC05326;DSC05332;DSC05333;DSC05334;DSC05335;DSC05336;DSC05337;DSC05362;DSC05363;DSC05364;DSC05365;DSC05368;DSC05369;DSC05370;DSC05371;DSC05372;DSC05429;DSC05430;DSC05431;DSC05432;DSC05433;DSC05434;DSC05478;DSC05492;DSC05493;DSC05510;DSC05511;DSC05512
target 146,-1.0625,-0.1115,-3.067,40,,,DSC05222;DSC05224;DSC05241;DSC05242;DSC05246;DSC05270;DSC05271;DSC05272;DSC05273;DSC05274;DSC05275;DSC05276;DSC05277;DSC05278;DSC05279;DSC05280;DSC05281;DSC05286;DSC05287;DSC05288;DSC05317;DSC05323;DSC05324;DSC05325;DSC05326;DSC05327;DSC05328;DSC05329;DSC05330;DSC05362;DSC05363;DSC05364;DSC05365;DSC05387;DSC05388;DSC05389;DSC05390;DSC05428;DSC05429;DSC05510
target 147,-0.3319,0.051,-3.2786,66,,,DSC05205;DSC05207;DSC05208;DSC05210;DSC05211;DSC05212;DSC05213;DSC05214;DSC05215;DSC05216;DSC05217;DSC05218;DSC05219;DSC05244;DSC05245;DSC05246;DSC05247;DSC05248;DSC05269;DSC05270;DSC05271;DSC05272;DSC05273;DSC05274;DSC05275;DSC05276;DSC05277;DSC05278;DSC05279;DSC05280;DSC05281;DSC05282;DSC05283;DSC05319;DSC05320;DSC05323;DSC05324;DSC05325;DSC05327;DSC05329;DSC05330;DSC05331;DSC05332;DSC05376;DSC05377;DSC05378;DSC05379;DSC05380;DSC05381;DSC05384;DSC05393;DSC05419;DSC05438;DSC05439;DSC05440;DSC05441;DSC05442;DSC05443;DSC05450;DSC05498;DSC05500;DSC05501;DSC05502;DSC05505;DSC05506;DSC05511
target 148,-0.3252,0.251,-3.1809,70,,,DSC05208;DSC05210;DSC05211;DSC05212;DSC05213;DSC05214;DSC05215;DSC05216;DSC05217;DSC05218;DSC05219;DSC05220;DSC05221;DSC05222;DSC05225;DSC05241;DSC05243;DSC05244;DSC05245;DSC05246;DSC05247;DSC05272;DSC05273;DSC05274;DSC05275;DSC05276;DSC05277;DSC05278;DSC05279;DSC05280;DSC05281;DSC05282;DSC05283;DSC05284;DSC05285;DSC05286;DSC05287;DSC05290;DSC05317;DSC05318;DSC05319;DSC05322;DSC05323;DSC05324;DSC05327;DSC05328;DSC05378;DSC05379;DSC05380;DSC05381;DSC05382;DSC05417;DSC05428;DSC05439;DSC05440;DSC05441;DSC05442;DSC05443;DSC05444;DSC05445;DSC05489;DSC05490;DSC05496;DSC05497;DSC05498;DSC05499;DSC05500;DSC05501;DSC05502;DSC05503
target 149,0.7327,0.8437,-3.3907,77,,,DSC05196;DSC05197;DSC05198;DSC05199;DSC05200;DSC05201;DSC05250;DSC05251;DSC05252;DSC05253;DSC05254;DSC05255;DSC05256;DSC05257;DSC05258;DSC05260;DSC05261;DSC05262;DSC05263;DSC05264;DSC05265;DSC05266;DSC05337;DSC05338;DSC05339;DSC05340;DSC05341;DSC05342;DSC05343;DSC05344;DSC05345;DSC05346;DSC05348;DSC05349;DSC05350;DSC05351;DSC05353;DSC05354;DSC05355;DSC05356;DSC05357;DSC05358;DSC05359;DSC05360;DSC05361;DSC05362;DSC05365;DSC05366;DSC05367;DSC05414;DSC05415;DSC05421;DSC05422;DSC05423;DSC05435;DSC05436;DSC05437;DSC05438;DSC05439;DSC05476;DSC05477;DSC05502;DSC05503;DSC05504;DSC05505;DSC05506;DSC05507;DSC05508;DSC05509;DSC05514;DSC05515;DSC05516;DSC05517;DSC05518;DSC05520;DSC05521;DSC05522
point 1,0.6662,1.5096,-4.4527,137,,,DSC05203;DSC05204;DSC05205;DSC05207;DSC05208;DSC05210;DSC05211;DSC05212;DSC05213;DSC05214;DSC05215;DSC05216;DSC05217;DSC05218;DSC05219;DSC05266;DSC05267;DSC05269;DSC05270;DSC05271;DSC05272;DSC05273;DSC05274;DSC05275;DSC05276;DSC05277;DSC05278;DSC05279;DSC05280;DSC05281;DSC05282;DSC05283;DSC05284;DSC05285;DSC05286;DSC05287;DSC05317;DSC05318;DSC05319;DSC05320;DSC05322;DSC05323;DSC05324;DSC05325;DSC05326;DSC05327;DSC05328;DSC05329;DSC05330;DSC05331;DSC05332;DSC05333;DSC05334;DSC05335;DSC05368;DSC05369;DSC05370;DSC05371;DSC05373;DSC05374;DSC05375;DSC05376;DSC05377;DSC05378;DSC05379;DSC05380;DSC05381;DSC05382;DSC05383;DSC05384;DSC05385;DSC05386;DSC05406;DSC05408;DSC05414;DSC05415;DSC05417;DSC05418;DSC05419;DSC05420;DSC05428;DSC05429;DSC05430;DSC05431;DSC05432;DSC05433;DSC05434;DSC05435;DSC05436;DSC05437;DSC05439;DSC05440;DSC05441;DSC05442;DSC05444;DSC05445;DSC05447;DSC05448;DSC05449;DSC05450;DSC05451;DSC05452;DSC05453;DSC05454;DSC05463;DSC05464;DSC05466;DSC05469;DSC05472;DSC05473;DSC05474;DSC05475;DSC05476;DSC05477;DSC05478;DSC05487;DSC05488;DSC05489;DSC05490;DSC05491;DSC05492;DSC05498;DSC05499;DSC05500;DSC05501;DSC05502;DSC05506;DSC05507;DSC05508;DSC05509;DSC05510;DSC05511;DSC05512;DSC05513;DSC05514;DSC05515;DSC05517
point 2,0.8137,-0.5804,-3.1057,275,,,DSC05196;DSC05197;DSC05198;DSC05199;DSC05200;DSC05201;DSC05202;DSC05203;DSC05210;DSC05211;DSC05212;DSC05213;DSC05214;DSC05215;DSC05216;DSC05217;DSC05218;DSC05219;DSC05220;DSC05226;DSC05227;DSC05228;DSC05229;DSC05230;DSC05231;DSC05232;DSC05233;DSC05234;DSC05235;DSC05236;DSC05237;DSC05238;DSC05239;DSC05241;DSC05243;DSC05244;DSC05245;DSC05246;DSC05247;DSC05248;DSC05249;DSC05250;DSC05251;DSC05252;DSC05253;DSC05255;DSC05256;DSC05257;DSC05258;DSC05260;DSC05261;DSC05263;DSC05265;DSC05266;DSC05267;DSC05268;DSC05269;DSC05270;DSC05271;DSC05272;DSC05273;DSC05274;DSC05276;DSC05277;DSC05278;DSC05279;DSC05280;DSC05281;DSC05282;DSC05283;DSC05284;DSC05285;DSC05286;DSC05287;DSC05288;DSC05289;DSC05290;DSC05291;DSC05292;DSC05293;DSC05294;DSC05295;DSC05296;DSC05297;DSC05298;DSC05299;DSC05300;DSC05301;DSC05302;DSC05303;DSC05305;DSC05306;DSC05307;DSC05308;DSC05309;DSC05310;DSC05311;DSC05312;DSC05313;DSC05314;DSC05318;DSC05319;DSC05320;DSC05321;DSC05322;DSC05323;DSC05324;DSC05325;DSC05326;DSC05327;DSC05328;DSC05329;DSC05330;DSC05331;DSC05332;DSC05333;DSC05334;DSC05335;DSC05336;DSC05337;DSC05338;DSC05339;DSC05340;DSC05341;DSC05344;DSC05345;DSC05346;DSC05348;DSC05349;DSC05350;DSC05351;DSC05352;DSC05353;DSC05354;DSC05355;DSC05356;DSC05358;DSC05359;DSC05360;DSC05361;DSC05362;DSC05363;DSC05364;DSC05365;DSC05366;DSC05367;DSC05368;DSC05369;DSC05370;DSC05371;DSC05372;DSC05373;DSC05374;DSC05375;DSC05376;DSC05377;DSC05378;DSC05379;DSC05380;DSC05381;DSC05382;DSC05383;DSC05384;DSC05385;DSC05386;DSC05387;DSC05388;DSC05389;DSC05390;DSC05391;DSC05392;DSC05393;DSC05394;DSC05395;DSC05396;DSC05397;DSC05398;DSC05399;DSC05400;DSC05401;DSC05402;DSC05403;DSC05404;DSC05405;DSC05406;DSC05408;DSC05409;DSC05410;DSC05411;DSC05412;DSC05413;DSC05414;DSC05415;DSC05417;DSC05418;DSC05419;DSC05420;DSC05421;DSC05422;DSC05423;DSC05424;DSC05425;DSC05427;DSC05428;DSC05429;DSC05430;DSC05431;DSC05432;DSC05433;DSC05434;DSC05435;DSC05436;DSC05437;DSC05438;DSC05439;DSC05440;DSC05441;DSC05442;DSC05443;DSC05444;DSC05445;DSC05450;DSC05451;DSC05452;DSC05453;DSC05454;DSC05455;DSC05456;DSC05457;DSC05458;DSC05459;DSC05460;DSC05461;DSC05462;DSC05463;DSC05464;DSC05465;DSC05466;DSC05469;DSC05472;DSC05473;DSC05474;DSC05475;DSC05477;DSC05478;DSC05493;DSC05494;DSC05495;DSC05496;DSC05497;DSC05498;DSC05499;DSC05500;DSC05501;DSC05502;DSC05503;DSC05504;DSC05505;DSC05506;DSC05507;DSC05508;DSC05509;DSC05510;DSC05511;DSC05512;DSC05513;DSC05514;DSC05515;DSC05516;DSC05517;DSC05518;DSC05519;DSC05523;DSC05524;DSC05525
point 3,-0.7417,-0.0975,-3.1895,29,,,DSC05200;DSC05203;DSC05204;DSC05205;DSC05206;DSC05207;DSC05208;DSC05209;DSC05210;DSC05211;DSC05215;DSC05217;DSC05245;DSC05246;DSC05247;DSC05248;DSC05249;DSC05272;DSC05325;DSC05327;DSC05328;DSC05329;DSC05377;DSC05378;DSC05379;DSC05440;DSC05441;DSC05442;DSC05494
point 4,-0.7326,0.255,-3.0157,50,,,DSC05198;DSC05208;DSC05211;DSC05215;DSC05217;DSC05218;DSC05219;DSC05220;DSC05221;DSC05242;DSC05243;DSC05245;DSC05246;DSC05247;DSC05263;DSC05268;DSC05276;DSC05281;DSC05282;DSC05283;DSC05293;DSC05294;DSC05314;DSC05320;DSC05321;DSC05333;DSC05340;DSC05377;DSC05379;DSC05381;DSC05382;DSC05383;DSC05384;DSC05385;DSC05390;DSC05391;DSC05392;DSC05432;DSC05433;DSC05434;DSC05439;DSC05440;DSC05441;DSC05442;DSC05443;DSC05444;DSC05445;DSC05450;DSC05452;DSC05453
point 6,-1.1485,0.8343,-2.8783,110,,,DSC05196;DSC05201;DSC05202;DSC05203;DSC05208;DSC05210;DSC05211;DSC05212;DSC05213;DSC05246;DSC05247;DSC05250;DSC05251;DSC05260;DSC05261;DSC05262;DSC05264;DSC05265;DSC05269;DSC05270;DSC05271;DSC05275;DSC05276;DSC05277;DSC05278;DSC05281;DSC05282;DSC05283;DSC05284;DSC05296;DSC05310;DSC05311;DSC05318;DSC05320;DSC05322;DSC05323;DSC05324;DSC05325;DSC05326;DSC05327;DSC05328;DSC05329;DSC05330;DSC05331;DSC05332;DSC05333;DSC05337;DSC05338;DSC05339;DSC05340;DSC05341;DSC05342;DSC05343;DSC05344;DSC05345;DSC05346;DSC05348;DSC05349;DSC05350;DSC05359;DSC05360;DSC05365;DSC05391;DSC05394;DSC05426;DSC05430;DSC05431;DSC05432;DSC05433;DSC05434;DSC05435;DSC05436;DSC05437;DSC05438;DSC05439;DSC05440;DSC05441;DSC05442;DSC05452;DSC05455;DSC05456;DSC05476;DSC05477;DSC05478;DSC05481;DSC05482;DSC05483;DSC05485;DSC05486;DSC05501;DSC05502;DSC05505;DSC05506;DSC05507;DSC05508;DSC05509;DSC05510;DSC05511;DSC05512;DSC05513;DSC05514;DSC05515;DSC05516;DSC05517;DSC05519;DSC05520;DSC05521;DSC05522;DSC05524;DSC05525
point 5,1.0005,0.8799,-3.0758,44,,,DSC05196;DSC05197;DSC05198;DSC05199;DSC05200;DSC05201;DSC05202;DSC05248;DSC05249;DSC05250;DSC05252;DSC05253;DSC05254;DSC05255;DSC05256;DSC05257;DSC05258;DSC05260;DSC05262;DSC05263;DSC05264;DSC05265;DSC05331;DSC05333;DSC05334;DSC05335;DSC05350;DSC05353;DSC05354;DSC05355;DSC05363;DSC05364;DSC05365;DSC05366;DSC05367;DSC05414;DSC05476;DSC05477;DSC05510;DSC05511;DSC05512;DSC05513;DSC05514;DSC05515
